Liver,Muscle,Other,Egg,id
True,False,False,False,Methysticin
True,True,True,True,"Tetramethyl ethane-1,1,2,2-tetracarboxylate"
True,False,False,False,P-methylphenethyl acetate
True,True,False,False,Cyclopentanemethylamine
True,True,True,True,3-Fluoro-4-nitrotoluene
True,False,False,False,Isobutyl (2Z)-3-aminobut-2-enoate
True,False,False,False,"(3,3-Dimethoxypropen-1-yl)benzene"
True,True,True,True,Farnesyl pyrophosphate
True,False,False,False,Tyrosinamide
True,False,False,False,Ethyl o-tolylacetate
True,False,False,False,Fosamprenavir
True,False,False,False,"Benzoic acid, 4-(1,1-dimethylethyl)-, 1-methylethyl ester"
True,False,False,False,5-Ethylfuran-2(5H)-one
True,False,False,False,"Naphth[2,3-c]acridine-5,8,14(13H)-trione, 6-amino-"
True,False,True,True,"Methyl [1S-(1a,4aa,6a,7a,7aa)]-1-(ß-D-glucopyranosyloxy)-1,4a,5,6,7,7a-hexahydro-6-hydroxy-7-methylcyclopenta[c]pyran-4-carboxylate"
True,True,False,False,Triadimenol
True,False,False,False,8-Isopropyl-8-azabicyclo[3.2.1]octan-3-one
True,True,True,True,N2-(1-oxododecyl)-L-lysine
True,False,False,False,"1,3-Dioxolane, 2-(1-phenylethyl)-"
True,False,False,False,618-990-3
True,False,False,False,N-{(2s)-3-[(1r)-1-aminoethyl](hydroxy)phosphoryl-2-benzylpropanoyl}-l-phenylalanine
True,True,False,False,"3,6-Pyridazinedione, 1,2-dihydro-1-methyl- (8CI)(9CI)"
True,True,False,False,6-tert-Butyloctahydronaphthalen-2(1H)-one
True,False,True,True,DL-Verbenone
True,True,False,False,2-Hydroxyphenyl methylcarbamate
True,True,True,True,"1,3-Dioxolane-2-propylamine"
True,True,False,False,"Tetrahydro-2-hydroxy-4H-1,3,6,2-dioxazaborocine"
True,True,False,False,1-Hydroxy-4-sulphonatonaphthalene-2-diazonium
True,False,False,False,4-Methyl-2-nitrophenol
True,False,False,False,"6-Methoxy-1,4-dimethyl-9H-carbazole-3-carbaldehyde"
True,True,True,True,2-(Dimethylamino)propan-1-ol
True,False,False,False,Benzyl 2-methylpropanoate
True,True,True,True,Pyridine-2-carbaldehyde oxime
True,True,True,True,Hydrohydrastinine
True,False,False,False,"Endo-1,7,7-trimethylbicyclo[2.2.1]hept-2-yl propionate"
True,False,False,False,"(9E,12E)-9,12-Octadecadienoic acid methyl ester"
True,True,True,True,L-TERT-LEUCINE
True,True,True,True,N-[2-[(2-hydroxyethyl)amino]ethyl]palmitamide monoacetate
True,False,False,False,N-Monodemethyldiltiazem
True,True,False,False,"Methyl 3,5-diamino-6-chloropyrazine-2-carboxylate"
True,False,False,False,"2-Hydroxy-3-(phosphonooxy)propyl (9Z,12Z)-octadeca-9,12-dienoate"
True,True,True,True,2-(A-cyclopentyl-a-2-thienylglycolloyloxy)ethyldiethyl(methyl)ammonium bromide
True,False,False,False,Tetrahydro-2-phenoxy-2H-pyran
True,False,False,False,"4,6-Dihydro-9-methoxy-1,2,5-trimethyl-3H-pyrido[4,3-b]carbazolium chloride"
True,True,True,True,"3,3-Dimethylbicyclo[2.2.1]heptane-2-methanol"
True,True,True,True,2-(Thiomethylene)-4-methylpentanoic acid
True,True,True,True,Dipotassium dodecyl phosphate
True,False,True,True,"Piperidine, 1,1'-carbonyldi-"
True,False,False,False,"Acetamide, N-(5-amino-2,4-dimethylphenyl)-"
True,True,True,True,2-Methylbenzimidazole monohydrochloride
True,True,True,True,2-Methylbutyl 2-(4-chloro-2-methylphenoxy)propionate
True,True,False,False,(1-Phenylcyclopropyl)methyl isothiocyanate
True,True,True,True,"2,4,5-T-butotyl"
True,True,False,False,"2-Amino-9-methoxy-1H-xantheno(2,1,9-def)isoquinoline-1,3(2H)-dione"
True,True,True,True,TP1/Chlorphenesin
True,False,False,False,"10,11-Dihydro-5H-dibenzo[a,d]cyclohepten-5-one O-[2-(dimethylamino)ethyl]oxime monohydrochloride"
True,False,False,False,"5-[3-(1-Ethoxyethoxy)-3-methyl-4-penten-1-ynyl]-2,4,6,6-tetramethyl-5,6,7,7a-tetrahydro-1,3-benzodioxol-5-ol"
True,True,False,False,"Hexa-2,4-dienyl propionate"
True,False,False,False,1-[2-Hydroxy-5-(propan-2-yl)phenyl]ethan-1-one
True,True,False,False,N-Acetyl-N-butylacetamide
True,False,False,False,Metipranolol
True,True,False,False,4-Oxoretinol
True,True,False,False,Tibolone
True,False,False,False,"2,3,4,4'-Tetrahydroxybenzophenone"
True,False,False,False,"Butane, 1-[2-(1,1-dimethylethoxy)ethoxy]-"
True,True,False,False,5-Cyclohexadecen-1-one
True,True,False,False,"9,11-Octadecadienoic acid"
True,True,True,True,Tyrphostin 8
True,True,False,False,"1,2-Dimethyl-3-phenylpyrrolidin-3-yl propionate hydrochloride"
True,False,False,False,Vanillyl alcohol
True,False,False,False,Lithium hydrogen glutarate
True,False,False,False,"1,3-Dioxolane, 2-(2-phenylethyl)-"
True,True,True,True,ST51035903
True,False,False,False,Resolvin e1
True,False,False,False,NS00039001
True,False,True,True,2'-Aminoacetophenone
True,True,True,True,"4-(2,3-Epoxypropyl)morpholine"
True,False,False,False,Allyl formate
True,True,True,True,"Sodium 2,3-dihydro-a-hydroxy-1,5-dimethyl-3-oxo-2-phenyl-1H-pyrazole-4-methanesulphonate"
True,True,True,True,Ninhydrin
True,True,True,True,4-Amino-5-methylpyridin-2(1H)-one
True,False,False,False,Zinc bis[butylbenzoate]
True,False,False,False,Phytonadione
True,True,True,True,Cadmium myristate
True,True,False,False,4-Phenyl-1-(p-tolylsulphonyl)piperazine
True,True,False,False,"Morpholine, 4-octyl-"
True,True,True,True,"Di-tert-butyl (2S,3E)-3-[(dimethylamino)methylene]-4-oxopyrrolidine-1,2-dicarboxylate"
True,False,False,False,"(1S,4aS,5R)-5-[2-(3-Furyl)ethyl]-1,4a-dimethyl-6-methylenedecahydro-1-naphthalenecarboxylic acid"
True,True,True,True,"3-[[1-Benzyl-1H-indazol-3-yl]oxy]-N,N-dimethylpropylamine monohydrochloride"
True,False,False,False,Sn-Gro-1-P
True,True,True,True,"TP3/1-Hexadecanaminium, N,N,N-trimethyl-, methyl sulfate"
True,False,False,False,6-Phenylnicotinic acid
True,False,False,False,"(1R*,2S*,5Z*,9E)-5,9-cyclododecadiene-1,2-diol"
True,False,False,False,4-P-Tolylbutyric acid
True,False,False,False,Benzyl isocyanate
True,True,False,False,Methyl (5Z)-3-amino-5-(nitromethylidene)dithiole-4-carboxylate
True,True,True,True,Alanosine
True,True,False,False,"Propanedinitrile, (3-methoxy-2-propenylidene)-"
True,False,True,True,Lonazolac
True,True,False,False,1-Ethyl-2-methylquinolinium iodide
True,False,False,False,"9,10-Anthracenedione, 1-amino-2-[[6-[(2-aminobenzoyl)oxy]hexyl]oxy]-4-hydroxy-"
True,True,True,True,"[(2E,4E)-5-[(4R)-4-hydroxy-2,6,6-trimethyl-1-cyclohexen-1-yl]-3-methyl-2,4-pentadienyl]triphenylphosphonium"
True,True,False,False,"2,2'-Methylenebis(4-methyl-6-tert-butylphenol)"
True,False,False,False,Potassium 6-[methyl(phenylsulphonyl)amino]hexanoate
True,False,False,False,Epi-inositol
True,False,False,False,"Calcium bis[3-(2,2-dichlorovinyl)-2,2-dimethylcyclopropanecarboxylate]"
True,True,False,False,(S)-4-(2-amino-1-hydroxyethyl)pyrocatechol
True,True,True,True,"Oxirane, 2-methyl-2-phenyl-"
True,True,True,True,TP1/4-Dimethylaminobenzaldehyde
True,True,False,False,N-[1-(hydroxymethyl)propyl]undecenamide
True,True,True,True,4-(Acetylamino)benzenesulfonic acid
True,False,False,False,"1-[(2S)-6-Fluoro-3,4-dihydro-2H-chromen-2-yl]ethanone"
True,True,True,True,Fenpyroximate M-15
True,True,True,True,"Disodium 7,7'-(carbonyldiimino)bis[3-[[4-(acetylamino)phenyl]azo]-4-hydroxynaphthalene-2-sulphonate]"
True,False,False,False,"3-[(9,10-Dioxo-9,10-dihydro-1-anthryl)amino]-5,10-dihydroanthra[2,1,9-mna]benz[6,7]indazolo[2,3,4-fgh]acridine-5,10-dione"
True,True,True,True,Niacinamide
True,False,False,False,"(R*,S*)-4-hydroxy-a-[1-(methylamino)ethyl]benzyl alcohol hydrochloride"
True,True,True,True,Testosterone 3-cyclohexylpropionate
True,False,False,False,"Alpha,alpha,4-Trimethylcyclohexylmethyl propanoate"
True,False,False,False,2-Ethoxy-5-(1-propenyl)phenol
True,False,False,False,"(1S,2S,5S)-2-(2-chloroethyl)-6,6-dimethylbicyclo[3.1.1]heptane"
True,False,False,False,"Methanone, (2-methylphenyl)phenyl-"
True,False,False,False,3-Heptanone
True,False,False,False,"TP2/Benzenepropanoic acid, 3,5-bis(1,1-dimethylethyl)-4-hydroxy-, 1,6-hexanediyl ester"
True,True,True,True,N-cyclopropyl-2'
True,True,False,False,"1-Heptanesulfonic acid, sodium salt"
True,False,False,False,Tris(bicyclo[2.2.1]hept-5-en-2-ylmethoxy)phosphine
True,False,False,False,"Trans-1,2-Bis(propylsulfonyl)ethylene"
True,True,False,False,"Tert-butyl 4-((4'-chloro-5,5-dimethyl-3,4,5,6-tetrahydro-[1,1'-biphenyl]-2-yl)methyl)piperazine-1-carboxylate"
True,False,False,False,"4-Methoxy-3-((3-(4-methoxyphenyl)-1,3-dioxopropyl)amino)benzoic acid"
True,True,False,False,NS00098667
True,True,False,False,Butyl ß-D-glucopyranoside
True,True,True,True,"1,5-Dimethylpyrrole-2-carbonitrile"
True,True,False,False,1-Ethyl-4-methylquinolinium toluene-p-sulphonate
True,True,True,True,"1,3-Cyclohexadiene-1-propanol, Î±,2,6,6-tetramethyl-"
True,True,True,True,Isobutyl methacrylate
True,True,True,True,2-Hydroxy-N-phenylpropanamide
True,False,False,False,"Butanoic acid, 3-oxo-, butyl ester"
True,True,True,True,Decylammonium acetate
True,False,False,False,P-isopropylbenzyl formate
True,False,False,False,3-Aminoquinuclidine dihydrochloride
True,True,True,True,"2,3-Dihydro-2,5,6-trimethylpyrazine"
True,True,True,True,4-Phenylthiazol-2-amine monohydrobromide
True,True,False,False,N-(1-Adamantyl)-N'-(2-cyanoacetyl)urea
True,True,True,True,Ethyl 2-methylnicotinate
True,False,False,False,Nz-(1-Carboxyethyl)-Lysine
True,True,False,False,Ru78300
True,True,False,False,"Indoline, 5-nitro-"
True,True,False,False,NS00078575
True,False,False,False,Sodium 5-oxo-L-prolinate
True,True,False,False,(±)-Oct-1-yn-3-ol
True,True,False,False,"Trans,trans-Farnesyl acetate"
True,True,True,True,"3-(2-Methylaziridin-1-yl)propane-1,2-diol"
True,False,False,False,"(2,2-Dimethoxyethoxy)cyclohexane"
True,True,False,False,"1,4-Benzenediamine, N1,N1-dimethyl-, hydrochloride (1:1)"
True,False,False,False,C.I. Pigment Orange 36
True,False,False,False,Diethyl 2-[(3-cyclohexyl-3-hydroxypropyl)amino]nonanedioate
True,False,False,False,3-Tert-butyl-6-methyluracil
True,True,False,False,O-Phenylene dibenzoate
True,False,False,False,"1-[2-Morpholinoethyl]-3-phenylquinazoline-2,4(1H,3H)-dione monohydrochloride"
True,False,False,False,"N-(2,2-Dimethoxyethyl)methacrylamide"
True,False,True,True,"(1,1-Dimethylethyl)urea"
True,True,True,True,Methyl 4-(aminomethyl)benzoate
True,False,False,False,O-(Allyloxy)phenetole
True,True,True,True,2-Methyl-2-oxazoline
True,False,False,False,"11Alpha,17,21-Trihydroxy-16beta-methylpregna-1,4-diene-3,20-dione"
True,False,False,False,NS00011459
True,True,True,True,Ethyl N-(2-ethoxy-2-oxoethyl)-N-methylglycinate
True,True,True,True,3-(2-Furyl)-acrylonitrile
True,False,False,False,1-Amino-4-chloro-2-methylanthraquinone
True,False,False,False,"Benzo-1,3-dioxol-5-ol acetate"
True,True,False,False,"Methyl hydrogen heptane-1,7-dioate"
True,False,False,False,"Ethanamine, 2-methoxy-N-(2-methoxyethyl)-"
True,False,False,False,"TP1/1-Docosanamine, N,N-dimethyl-"
True,True,False,False,"Pyridine, 4,4'-(1,3,4-thiadiazole-2,5-diyl)di-"
True,False,False,False,2-[2-(Dimethylamino)ethoxy]ethanol
True,True,False,False,2-Propen-1-yl 2-(cyclohexyloxy)acetate
True,True,False,False,"Benzoic acid, 2-hydroxy-3,5-bis(1-methylethyl)-"
True,False,False,False,"N-(2-Hydroxyethyl)octadeca-9,12,15-trienamide"
True,False,False,False,"Benzene-1,2,4-tricarboxylic acid, compound with 4,5-dihydro-4-methyl-2-phenyl-1H-imidazole (1:2)"
True,False,False,False,"[2-Hydroxy-1,1-bis(hydroxymethyl)ethyl]ammonium acetate"
True,True,False,False,"1H-Purine-6,8-dione, 7,9-dihydro-"
True,True,True,True,Furoylglycine
True,False,True,True,"Phenol, compound with 1,1'-iminobis[propan-2-ol] (1:1)"
True,False,False,False,"2-Butenethioic acid, 3-methyl-, S-(1-methylpropyl) ester"
True,False,False,False,Sclerotiorin
True,False,False,False,"2,2'-(1,2-Ethanediylbis(iminocarbonyl))bisbenzoic acid"
True,False,False,False,Calcium nonan-1-oate
True,False,False,False,"2,4,4-Trimethyl-3-(3-oxo-1-butenyl)cyclohex-2-en-1-one"
True,False,False,False,N-(Butoxymethyl)acrylamide
True,False,False,False,"2,3,5,6-Tetramethylbenzene-1,4-diethylamine"
True,True,False,False,Metoclopramide
True,True,False,False,"2-Butyl-5,6-dihydro-3-methylpyrazine"
True,True,False,False,"5,5-Dimethyl-1,3-bis(oxiranylmethyl)imidazolidine-2,4-dione"
True,True,False,False,"4-Isopropyl-1,3-cyclohexanedione"
True,True,False,False,"5,7-Dodecadiene, (e,z)-"
True,False,False,False,TP2/3-(4-tert-Butylphenyl)-2-methylpropanal
True,True,False,False,N-(3-Fluorophenyl)-1-(2-phenylethyl)-4-piperidinamine
True,False,False,False,1-Cyclohexyl-5-ethylbarbituric acid
True,True,True,True,"Propane, 1-(ethenyloxy)-"
True,True,True,True,"Sodium 1-ethyl-1,4-dihydro-7-methyl-4-oxo-1,8-naphthyridine-3-carboxylate"
True,True,True,True,3-(P-Aminophenyl)propionic acid
True,False,False,False,Ranitidine met 1 -117
True,False,False,False,4-(4-Methylpenten-3-yl)cyclohex-3-ene-1-methanol
True,False,False,False,"Benzaldehyde, 4-butoxy-"
True,False,False,False,O-benzyl-3-phenyl-L-alanine toluene-4-sulphonate
True,False,False,False,"[4-[[4-[Bis(2-hydroxyethyl)amino]-o-tolyl][4-(dimethylamino)phenyl]methylene]cyclohexa-2,5-dien-1-ylidene]dimethylammonium chloride"
True,False,False,False,4-Ethoxy-3-methoxyphenylacetic acid
True,True,True,True,"2,3-Dihydro-5,6-dimethylpyrazine"
True,True,True,True,"Gibb-3-ene-1,10-dicarboxylic acid, 2,4a,7-trihydroxy-1-methyl-8-methylene-, 1,4a-lactone, monopotassium salt, (1a,2ß,4aa,4bß,10ß)-"
True,False,False,False,"3-(Cyclopentyloxy)-19-nor-17a-pregna-3,5-dien-20-yn-17-yl acetate"
True,True,True,True,5-Benzyl-3-furylmethanol
True,False,False,False,Sodium isostearoyl-2-lactylate
True,True,False,False,1-Ethyl-2-methyl-3-(1-oxopropoxy)propyl butyrate
True,False,False,False,"3,5-Dimethyltricyclo[3.3.1.13,7]decan-1-amine hydrochloride"
True,True,False,False,"1,2,3,4-Tetrahydroanthracene"
True,True,True,True,"Lauric acid, compound with diethylamine (1:1)"
True,False,False,False,"Benzoxazole, 2,2'-(1,2-ethenediyl)bis[5-methyl-"
True,False,False,False,"Uridine 2',3'-dibenzoate"
True,True,True,True,Trimegestone
True,False,False,False,4-[4-(2-Chlorophenyl)piperazin-1-yl]-4-oxobutanoic acid
True,False,False,False,"3,4-Dimethylaniline"
True,True,True,True,"Cyclohex-1,3-ylenediamine"
True,True,False,False,2-(2-Nonylphenoxy)ethanol
True,True,True,True,2-(4-Aminopentyl(ethyl)amino)ethanol
True,True,False,False,4-Ethylstyrene
True,False,False,False,".Beta.-Alanine, N-[5-(acetylamino)-2-methoxyphenyl]-N-[2-(acetyloxy)ethyl]-, methyl ester"
True,True,False,False,Santolina triene
True,False,False,False,1-(2-Ethoxyphenyl)piperazine
True,False,False,False,Alpha -Methadol
True,False,False,False,"2,4,6-Trimethylpyridine"
True,True,True,True,2-Nitrobutyl acrylate
True,False,False,False,4-Fluoro-a-cyclopropyl-a-(4-fluorophenyl)-benzylic alcohol
True,True,False,False,"Acetamide, N-[2-[ethyl[3-methyl-4-[(6-methyl-2-benzothiazolyl)azo]phenyl]amino]ethyl]-"
True,False,False,False,"3-Amino-7-(dimethylamino)-2,8-dimethylphenoxazin-5-ium chloride"
True,True,False,False,"1H-Imidazole, 2-heptadecyl-"
True,True,False,False,"Prostaglandin F2α 1,9-lactone"
True,False,False,False,"Tetrahydro-a,a,5-trimethyl-5-vinylfurfuryl acetate"
True,False,False,False,"11-Hydroxy-9,15-dioxoprosta-5,13-dien-1-oic acid"
True,True,False,False,"4S,6R-Dimethyl-7R-acetoxy-3-nonanone"
True,False,False,False,"Benzoic acid, 4-butyl-"
True,False,False,False,Vincinine
True,False,False,False,Celastrol
True,True,True,True,"Phenol, 4-(pentyloxy)-"
True,True,False,False,"1-Amino-3,3,4,4,5,5,5-heptafluoro-2-pentanol"
True,True,False,False,Dibutyl dihydrogen diphosphate
True,False,False,False,Ethopabate
True,False,False,False,Dodecanedinitrile
True,True,False,False,Cyclohexyl methyl ketone
True,False,False,False,Etaqualone
True,True,False,False,Tris(3-isopropylphenyl) phosphate
True,False,False,False,Fluocortin
True,True,True,True,Potassium dioctyl phosphate
True,True,True,True,Vinyl p-chlorobenzenesulphonate
True,False,False,False,Toliprolol
True,False,False,False,4-Methyl-N-(phenylcarbamoyl)benzenesulfonamide
True,False,False,False,NS00099796
True,False,False,False,"(4-(4,4'-Bis(2-carboxyethoxy)benzhydrylidene)cyclohexa-2,5-dien-1-ylidene)dimethylammonium"
True,False,False,False,2-(Phenylmethylene)octanal
True,False,False,False,Isopropyl 5-oxo-L-prolinate
True,True,True,True,NS00015820
True,False,False,False,6-(4-Chloro-2-cyclohexylphenoxy)pyridin-3-amine
True,False,True,True,TP1/Acetoacetanilide
True,False,False,False,"1-Butanamine, 3-methyl-"
True,True,True,True,Heptanenitrile
True,True,True,True,2-Ethoxymethylpyrazine
True,False,False,False,"1,2,3,4-Tetrahydronaphthalene-1,5-diol"
True,True,False,False,Cis-3-vinylcyclohexan-1-ol
True,True,False,False,Aniline sulphate
True,True,True,True,2-(N-Methyl-N-(5-nitro-2-pyridyl)amino)ethanol
True,False,False,False,TP1/4-tert-Butyltoluene
True,False,False,False,"2,3,6-Trimethylpyridine"
True,True,False,False,"2,3-Dihydro-6-phenylimidazo[2,1-b]thiazole monohydrochloride"
True,True,True,True,"4-Methoxy-2,3,6-trimethylbenzaldehyde"
True,True,False,False,6-Tert-butyl-4-nitroso-o-cresol
True,True,True,True,"N,N-Dimethylhexylamine"
True,False,False,False,2-Hydroxy-3-methoxybenzaldehyde
True,False,False,False,(6R-trans)-7-amino-3-chloro-8-oxo-5-thia-1-azabicyclo[4.2.0]oct-2-ene-2-carboxylic acid
True,True,True,True,"4,4'-Oxybisbutan-2-ol"
True,False,False,False,"Alpha,alpha-bis[4-(Dimethylamino)phenyl]-4-(phenylamino)-1-naphthalenemethanol"
True,True,True,True,"2,3-Dihydro-1,4-benzodioxin-2-methylamine"
True,True,False,False,[5-(6-Amino-2-chloro-9H-purin-9-yl)oxolan-2-yl]methanol
True,False,False,False,Dihydroxymaleic acid
True,False,False,False,"TP1/Pentanedioic acid, bis[2-[2-(2-butoxyethoxy)ethoxy]ethyl] ester"
True,False,False,False,1-(4-(Pyridin-3-yloxy)phenyl)ethan-1-one
True,False,True,True,4-Benzyl hydrogen N-(tert-butoxycarbonyl)-L-aspartate
True,True,False,False,Potassium methyl malonate
True,False,False,False,NS00099348
True,True,True,True,8-[3-(M-amidinophenyl)-2-triazeno]-3-amino-5-ethyl-6-phenylphenanthridinium chloride hydrochloride
True,True,True,True,"2,4,4-Trimethyl-2-pentanamine"
True,False,False,False,NSC-57537
True,False,False,False,"1,3-Benzenediol, 2,4-bis[(2,4-dimethylphenyl)azo]-"
True,False,False,False,2-Hydroxy-4-methoxy-3-(3-methyl-2-butenyl)-6-(2-phenylethenyl)benzoic acid
True,True,False,False,Butyl isocyanate
True,True,True,True,Metabolite CGA 50267 of S-Metolachlor
True,True,True,True,"Ethyldimethyl(1-methyl-3,3-diphenylpropyl)ammonium hydroxide"
True,True,True,True,Sedacrine
True,True,True,True,"Methanamine, N-(phenylmethylene)-"
True,False,False,False,"(1,1-Dimethylethyl)quinoline"
True,True,True,True,"1H-Indole, 2-methyl-1-octyl-"
True,True,True,True,Tapentadol
True,False,True,True,Cyclophosphamide
True,False,False,False,"Carbamic acid, cyano-, methyl ester"
True,True,True,True,"Methyl 3-[2-(4,5-dihydro-2-undecyl-1H-imidazol-1-yl)ethoxy]propionate"
True,True,True,True,"TP1/1H-Imidazole, 1-dodecyl-"
True,True,False,False,4-Dodecylresorcinol
True,False,True,True,"(±)-1-Benzoyl-5-oxo-N,N-dipentylpyrrolidine-2-carboxamide"
True,True,True,True,"6,7-Dihydro-5H-cyclopenta(b)pyridine"
True,True,True,True,Dibutylammonium isobutyrate
True,False,True,True,(Z)-hex-4-en-1-ol
True,False,False,False,"Morpholine, 4-(1-cyclohexen-1-yl)-"
True,True,False,False,"2-Aminononane-1,9-dioic acid"
True,False,False,False,"17ß-Hydroxy-17-methylandrosta-4,9(11)-dien-3-one"
True,True,False,False,Calycanthine
True,True,True,True,"Hexyl (2E,4Z)-2,4-decadienoate"
True,True,False,False,3-Octyn-1-ol
True,False,True,True,"Benzamide, 4-methyl-"
True,False,False,False,"4-Hydroxy-1,2,5-Thiadiazole-3-Carboxylic Acid"
True,False,False,False,"(2,4,6-Trimethylphenyl)acetic acid"
True,False,False,False,"2-Propanamine, N-ethyl-"
True,True,True,True,HC Brown 2
True,True,True,True,"Thiocyanic acid, compound with 2,2',2''-nitrilotris[ethanol] (1:1)"
True,True,True,True,2-(2-Methoxyphenyl)acetamide
True,True,False,False,Trinexapac
True,True,True,True,Carbamazepine dihydrate
True,True,True,True,Perindopril erbumine
True,False,False,False,"Perchlorate of 5-[[4-(dimethylamino)phenyl]azo]-1,4-dimethyl-1H-1,2,4-triazolium"
True,True,True,True,Carbocystein
True,True,True,True,L-2-amino-3-methylbutan-1-ol
True,True,True,True,"2-Oxiranecarboxylic acid, 3-bicyclo[2.2.1]hept-5-en-2-yl-3-methyl-, methyl ester"
True,True,True,True,"1,1,1,2,2,3,3,4,4,5,5,6,6,7,7,8,8-Heptadecafluoro-10-isocyanatodecane"
True,True,True,True,6-Benzyl-2-thiouracil
True,True,True,True,2-(1-Ethyl-1-methylpropyl)pyridine
True,False,False,False,"Naphthalene-1,2,4-triyl triacetate"
True,True,True,True,1-Phenyloxindole
True,True,True,True,"Methyl (16ß,17a)-17-hydroxyyohimban-16-carboxylate"
True,True,False,False,Ethyl 4-((4-chlorophenyl)amino)piperidine-1-carboxylate
True,False,False,False,"Piperazine-1,4-diacetic acid"
True,False,False,False,P-Cumenyl acetate
True,True,False,False,Desipramine hydrochloride
True,False,False,False,"N,N-Dicyclohexylbenzothiazole-2-sulfonamide"
True,False,False,False,Bis(2-ethoxyethyl) hydrogen phosphate
True,False,False,False,"3,7-Dimethyloctyl phenylacetate"
True,True,False,False,Isoflupredone 21-acetate
True,True,True,True,Fenbutrazate
True,False,False,False,Mexenone
True,False,False,False,2-Methyl-3-(methylthio)furan
True,False,False,False,3-((2-Hydroxyethyl)amino)propanol
True,True,True,True,"1,3-Benzodioxol-5-amine, N-ethyl-"
True,False,False,False,"Methyl N,N,N-trimethyl[(2-hydroxy[1,1'-biphenyl]-3-yl)methyl]ammonium sulphate"
True,False,False,False,2-(5-Chloro-2-thienyl)-n-{(3s)-1-[(1s)-1-methyl-2-morpholin-4-yl-2-oxoethyl]-2-oxopyrrolidin-3-yl}ethanesulfomide
True,True,True,True,"Ethane, nitroso-"
True,True,True,True,N-Benzylnormechlorethamine
True,True,True,True,"{[5-(2,4-Difluoro-5-methylphenyl)-3-hydroxyoxolan-2-yl]methoxy}phosphonic acid"
True,True,True,True,"Propane-1,2,3-triol, sodium zirconium salt"
True,False,False,False,P-(tert-Butyl)benzamide
True,True,True,True,"4-[2-(2H-1,3-benzodioxol-5-ylmethyl)-7-hydroxy-1,3-dioxo-decahydropyrrolo[3,4-a]pyrrolizin-4-yl]benzene-1-carboximidamide"
True,False,False,False,"Cis-1,2,3,3a,4,6a-hexahydropentalene"
True,False,False,False,Thiocyclam
True,False,False,False,Benzyltrimethylammonium hydroxide
True,True,False,False,"1-(3,7,7-Trimethylbicyclo[4.1.0]hept-3-en-2-yl)ethan-1-one"
True,True,True,True,Methyl alaninate
True,True,True,True,2-Methoxy-N-phenylacetamid
True,False,False,False,N-Desalkyl-pentazozin
True,True,False,False,"1,3,2-Benzodioxaborole"
True,True,True,True,P-Ethoxybenzamide
True,True,False,False,TP1/tert-Butyl phenyl glycidyl ether
True,True,False,False,"Cycloocta-1,3-diene"
True,False,False,False,Mephentermine
True,False,False,False,Baricitinib
True,True,True,True,1-Tert-butyl L-glutamate
True,True,True,True,NS00000185
True,True,False,False,(2-Methylpyridin-3-yl)boronic acid
True,True,True,True,"1H-Pyrazole, 4,5-dihydro-5,5-dimethyl-4-(1-methylethylidene)-"
True,True,True,True,"1,3-Benzenediol, 4-amino-"
True,True,False,False,(2S)-8-[(tert-butoxycarbonyl)amino]-2-(1h-indol-3-yl)octanoic acid
True,True,True,True,2-Ethoxy-3-methoxybenzaldehyde
True,False,False,False,Taselisib
True,False,False,False,Decahydro-2-naphthyl acrylate
True,True,True,True,3-[[4-[(2-Cyanoethyl)ethylamino]phenyl]azo]-7-(diethylamino)-5-phenylphenazinium chloride
True,False,True,True,Uric acid
True,True,False,False,"4-(1,1-Dimethylethyl)cyclohexyl acrylate"
True,True,False,False,(2-Hydroxyethyl) hydrogen succinate
True,False,False,False,Neriifolin
True,True,True,True,Lorcainide
True,True,True,True,3-Hydroxy-2-methylpropiononitrile
True,False,False,False,Metixene hydrochloride
True,False,False,False,Cyclopentathiazole
True,True,False,False,1-Phenyl-3-methyl-5-pyrazolone
True,False,False,False,Sorivudine
True,True,False,False,Bis(2-hydroxyethyl)ammonium perfluorobutanesulfonate
True,False,False,False,Disodium hydroxy(sulfonato)acetate
True,False,False,False,"Salt of N-acetyl-L-glutamic acid and 1-[(7S)-3,4-dimethoxybicyclo[4.2.0]octa-1,3,5-trien-7-yl]methanamine (1:1), monohydrate"
True,True,False,False,"(E)-2,6-dimethylocta-5,7-dien-4-one"
True,True,True,True,"11-ß,21-Dihydroxypregna-1,4,17(20)-trien-3-one"
True,False,True,True,Lantanone
True,False,False,False,"(1A,2ß,4a)-1,2,4-trimethylcyclopentane"
True,True,True,True,4-{[(1H-Benzotriazol-1-yl)methyl]sulfamoyl}benzoic acid
True,True,True,True,"2-Butanone, 4-(2,6,6-trimethyl-1,3-cyclohexadien-1-yl)-"
True,False,False,False,"2-Ethyl-4-(2,2,3-trimethyl-3-cyclopenten-1-yl)-2-butenyl acetate"
True,True,False,False,"Alpha,alpha-Dimethyl-4-methylenecyclohexanemethanol"
True,True,True,True,2-Amino-5-bromo-6-methyl-4-pyrimidinol
True,True,False,False,"3,5-Dimethyl-1-hexyn-3-ol"
True,False,True,True,1-(3-Pyridyl)propan-1-one
True,False,False,False,Olivetol
True,True,True,True,"Ethanone, 1-(3-hydroxyphenyl)-"
True,True,False,False,4-Hydroxy-m-phenylenediammonium dichloride
True,True,False,False,"1,1,3,3-Tetramethyl-6-(1-phenylethyl)indan-5-ol"
True,False,False,False,2-Methylpropyl furan-3-propionate
True,True,False,False,N-isopropylpyridine-2-methylamine
True,True,False,False,N-(4-fluoro-3-nitrophenyl)acetamide
True,True,True,True,"1-Methyl-4-(1-pyrrolidinyl)-1H-pyrazolo[3,4-d]pyrimidine"
True,True,True,True,"Nitrous acid, propyl ester"
True,True,False,False,Vinyl methacrylate
True,True,False,False,2-(3-Cyclohexenyl)ethanol
True,True,False,False,N~3~-[3-(1h-indol-6-yl)benzyl]pyridine-2
True,False,False,False,Lucanthone
True,True,True,True,"1-Naphthalenesulfonic acid, 7-[(4-aminobenzoyl)amino]-3-hydroxy-"
True,True,False,False,"9Z,12Z,15E-octadecatrienoic acid"
True,False,False,False,Prostaglandin b2
True,True,False,False,3-(4-Hydroxyphenyl)-2-phenylpropionic acid
True,True,True,True,D-Tryptophan
True,True,True,True,"Tris(2-methylpropyl) 2-(acetyloxy)propane-1,2,3-tricarboxylate"
True,True,True,True,5-Furfuryl-5-isopropylbarbituric acid
True,True,False,False,Butroxydim
True,True,False,False,"N,N,N-trimethylanilinium chloride"
True,True,True,True,A-D-talopyranose
True,True,True,True,N-(2-Hydroxy-5-((methylamino)sulphonyl)phenyl)acetamide
True,False,False,False,3-Methyl-5-oxopentyl acetate
True,True,False,False,Pinolenic acid
True,False,False,False,Pro-Air
True,True,True,True,Glycerol monolactate
True,False,False,False,TP4/Octyl decyl dimethyl ammonium chloride
True,False,False,False,"1-[(5,6,7-Trichloro-1,9-dihydro-2-methyl-9-oxopyrazolo[5,1-b]quinazolin-3-yl)azo]anthraquinone"
True,True,False,False,Thiobarbituric acid
True,True,True,True,Ethyl 2-methylalaninate
True,False,False,False,"10-Methoxy-13-methyl-7-oxo-7H-benzimidazo[2,1-a]benz[de]isoquinolinium methyl sulphate"
True,True,False,False,Tetramethyloxamide
True,False,False,False,1-Diethylaminopropan-2-ol
True,False,False,False,"Propanenitrile, 3-(methylamino)-"
True,True,False,False,"3-(4-Morpholinylmethoxy)-1,2-benzisothiazole"
True,True,True,True,D-Arabinitol
True,False,False,False,"2-Pyridinemethanol, acetate (ester)"
True,True,False,False,Phenylacetaldehyde diisoamyl acetal
True,True,True,True,4-Hydroxyantipyrine
True,False,False,False,"2,3-Dihydro-7-(trifluoromethyl)-4H-1,2,4-benzothiadiazine-4-ethanol 1,1-dioxide"
True,True,True,True,M-Ethoxybenzamide
True,True,False,False,N-(1-Benzylpiperidin-4-yl)-2-(2-methoxyphenyl)acetamide
True,True,True,True,2-Nitrobutyl methacrylate
True,True,True,True,"2-Bromo-4-(1,3-dithiolan-2-yl)-6-methoxyphenyl 4-methylbenzenesulfonate"
True,True,False,False,Alpha-Eleostearic acid
True,False,True,True,2-Amino-4-methoxy-but-3-enoic
True,True,False,False,Pro-leu
True,False,False,False,"Propanenitrile, 3-[(2-hydroxyethyl)(3-methylphenyl)amino]-"
True,True,True,True,"1,3-Cyclohexadiene, 2-methyl-"
True,True,True,True,2-Methyl-4-oxo-4H-pyran-3-yl 2-methylbutyrate
True,True,False,False,L-Phenylalanine hydrochloride
True,True,False,False,Trans-1-butoxy-4-(4-propylcyclohexyl)benzene
True,False,False,False,4-[(5-Hydroxy-3-methylisoxazol-4-yl)methylene]-3-methyl-(4H)isoxazol-5-one
True,False,False,False,"1-({2-[2-(4-Chlorophenyl)ethyl]-1,3-dioxolan-2-yl}methyl)-1h-imidazole"
True,False,False,False,"(R,S)-N-acetyl-(3,4-dimethoxyphenyl)-alanine, monohydrate"
True,False,False,False,"Ethyl 4-hydroxy-2,6,6-trimethylcyclohex-2-ene-1-carboxylate"
True,True,False,False,"Benzenesulfonamide, 4-amino-3,5-dichloro-"
True,False,False,False,Morinamide
True,False,True,True,3-Aminoacetophenone
True,False,True,True,Dipentyl maleate
True,False,False,False,"1-Propene, 3,3'-thiobis-"
True,True,False,False,5-Amino-2-nitrobenzoic acid
True,True,True,True,"Methyl 2-(2-anilino-5-methyl-1,3-thiazol-4-yl)acetate"
True,True,False,False,(Z)-non-6-en-1-yn-4-ol
True,False,False,False,Methyl red
True,False,False,False,"[S-(R*,S*)]-2-methyl-2-(4-methylcyclohex-3-enyl)oxirane"
True,True,True,True,2-Amino-3-hydroxy-3-(1h-indol-3-yl)propanoic acid
True,False,False,False,"1H-Benzimidazole, 2-(5-ethyl-2-pyridinyl)-"
True,True,True,True,O-Benzyl-L-tyrosine toluene-p-sulphonate
True,True,False,False,"2,3-Butanedione-2-oxime"
True,True,False,False,Epelsiban
True,False,False,False,TP1/Phenylethyl isocyanate
True,False,False,False,4-Chloroanilinium hydrogen sulphate
True,True,False,False,"Fatty acids, C6-12, sodium salts"
True,True,False,False,Gilteritinib
True,True,False,False,Ethyl Dihydrogen Diphosphate
True,False,False,False,3-(P-(Hexyloxy)phenyl)propionic anhydride
True,True,True,True,2-Benzylideneoctanal (Hexylcinnamaldehyde)
True,False,False,False,Phenyl valerate
True,False,False,False,Ipade
True,False,False,False,Vildagliptin
True,False,False,False,NS00091655
True,True,True,True,2-(4-Methoxyphenyl)acetamide
True,True,False,False,(Bicyclo[2.2.1]hept-5-en-2-yl)methyl 2-chloroacrylate
True,True,True,True,"TP1/2,6-Dimethylhept-5-enal"
True,True,False,False,2-Methylpropyl 1-methyl-4-(4-methyl-3-pentenyl)cyclohex-3-ene-1-carboxylate
True,False,False,False,"(2-Hydroxy-1,1-dimethylethyl)dimethylammonium toluene-p-sulphonate"
True,False,False,False,"Potassium 3-sulphonatopropyl 3-(3,5-di-tert-butyl-4-hydroxyphenyl)propionate"
True,True,True,True,Beta-N-Methylamino-L-alanine
True,False,False,False,6-Allyl-2-[2-hydroxy-3-[(1-methylethyl)amino]propoxy]phenol hydrochloride
True,False,False,False,"(1R,2S,5aR,5bR,7aS,10R,12bR)-2-Hydroxy-10-isopropenyl-3,3,5a,5b,12b-pentamethyloctadecahydrodicyclopenta[a,i]phenanthrene-1,7a(1H)-dicarboxylic acid"
True,False,False,False,3-(Tridecyloxy)-1-propanamine
True,True,True,True,(2-(Aminomethyl)phenyl)acetic acid
True,True,True,True,Ethylsuccinic acid
True,False,False,False,TP2/3-((Ethylphenylamino)methyl)benzenesulfonic acid
True,True,True,True,"Cyclohexanemethanol, .alpha.,3,3-trimethyl-, 1-formate"
True,False,False,False,Ethyl 2-methyl-1-oxaspiro[2.5]octane-2-carboxylate
True,True,True,True,4-Piperidone
True,False,False,False,2-(Diethylamino)ethyl 4-amino-3-butoxybenzoate hydrochloride
True,False,False,False,Valeranilide
True,False,False,False,"Methyl 7-hydroxy-5-methyl-1,2,4-triazolo[1,5-a]pyrimidine-2-carboxylate"
True,True,True,True,2-(Dimethoxyphosphinyl)ethyl laurate
True,False,False,False,Nonan-1-oic anhydride
True,True,True,True,Ungeremine
True,False,True,True,Gallium 2-ethylhexanoate
True,True,False,False,"3,6-Bis[2-(methylthio)ethyl]piperazine-2,5-dione"
True,True,False,False,Linoleic diethanolamide
True,True,False,False,4-(Aminomethyl)-5-hydroxy-6-methyl-3-pyridylmethyl dihydrogen phosphate monohydrochloride
True,True,False,False,Oct-2-en-4-one
True,True,True,True,"2-((3-((1-Oxoallyl)oxy)-2,2-bis(((1-oxoallyl)oxy)methyl)propoxy)methyl)-2-((1-oxopropoxy)methyl)-1,3-propanediyl diacrylate"
True,True,False,False,Ethyl 3-hydroxycyclohexanecarboxylate
True,True,False,False,"TP1/2,2-Dimethylpropane-1,3-diyl bis(2-methylprop-2-enoate)"
True,True,True,True,NS00063165
True,True,True,True,"3-Hydroxy-2,6-bis(hydroxymethyl)-4-pyrone"
True,False,False,False,"5,5,6,6,7,7,7-Heptafluoro-4-methylheptan-3-one"
True,True,True,True,(+/-)-Norleucine
True,True,True,True,Elaidoylamide
True,False,False,False,"3,4-Dihydro-2H-pyrido(1,2-a)pyrimidin-2-one"
True,True,True,True,Dimoxystrobin
True,True,False,False,"(Z)-1-(2,6,6-Trimethyl-2-cyclohexen-1-yl)-2-buten-1-one"
True,False,False,False,4-(Diphenylmethoxy)piperidinium chloride
True,True,True,True,3-[(2-Hydroxyethyl)disulfanyl]alanine
True,True,False,False,3-Hydroxy-4-[[2-methyl-5-[(1-methylethoxy)carbonyl]phenyl]azo]-2-naphthoic acid
True,False,False,False,NS00013259
True,True,False,False,Cyclooct-4-en-1-yl formate
True,False,False,False,METHYL  GLUCETH-10
True,True,False,False,"Dibenzo[a,o]perylene-7,16-dione"
True,False,False,False,"TP1/1,2-Dimethoxybenzene"
True,True,True,True,DL-tryptophan
True,True,False,False,"(S)-N,N-dimethyl-3-(naphthalen-1-yloxy)-3-(thiophen-2-yl)propan-1-amine"
True,True,True,True,CJ-013790
True,True,True,True,5-Tert-Butyl-3-methylpyrocatechol
True,True,False,False,Sodium 2-hexyldecanoate
True,True,False,False,"Benzene, propoxy-"
True,False,False,False,Pyrrolidine-1-butyric acid
True,True,True,True,1-Methoxypiperidin-4-ol
True,False,False,False,"3-[(1S,2R)-1-Methyl-1-oxidopyrrolidin-2-yl]pyridine"
True,False,False,False,4-(1-Naphthyl)-3-buten-2-one
True,True,True,True,L-Phenylalanine
True,True,True,True,2-(Phenylimino)oxazolidine-3-ethanol
True,False,False,False,Endrisone
True,False,False,False,Diethyl (pyrrolidin-1-ylmethyl)phosphonate
True,True,True,True,(Z)-hex-3-enyl 2-(acetylamino)benzoate
True,False,False,False,"N,N-Dimethylpropylamine"
True,True,True,True,Tiaramide
True,True,True,True,2-(Dimethylamino)-5-phenyl-2-oxazolin-4-one (Thozalinone)
True,True,False,False,Propamocarb
True,True,False,False,Tris(2-hydroxyethyl) phosphate
True,True,False,False,"3-Methoxyestra-1,3,5(10)-trien-17-one"
True,False,False,False,Pentyl mercaptoacetate
True,False,False,False,"2,4-Dichloro-6-methoxyanilinium chloride"
True,True,False,False,2-Cyclohexylideneethanol
True,True,False,False,Mirfentanil
True,False,False,False,"5,6,7,8-Tetrahydroquinazoline-2,4-diamine"
True,False,False,False,"2-[2-(2,2,3-Trimethylcyclopent-3-en-1-yl)ethylidene]valeraldehyde"
True,True,False,False,TP1/3-((2-Hydroxyethyl)amino)propanol
True,True,False,False,4-Benzylideneaminophenol
True,True,True,True,Merimepodib
True,True,False,False,4-(2-Hydroxyethyl(methyl)amino)benzenediazonium zinc chloride
True,True,True,True,OO-tert-butyl monoperoxymaleate
True,True,False,False,Methyl 2-[[(dimethylcyclohexenyl)methylene]amino]benzoate
True,True,False,False,3-Phenylsalicylic acid
True,True,False,False,"7-(3-{[2-(3,5-Dihydroxyphenyl)-2-hydroxyethyl]amino}propyl)-1,3-dimethyl-3,7-dihydro-1H-purine-2,6-dione--hydrogen chloride (1/1)"
True,True,False,False,2-Methyldecan-3-one
True,True,True,True,Undecyl 5-oxo-L-prolinate
True,False,False,False,"2,4-Undecadienal, (2E,4E)-"
True,True,True,True,4-[3-(5-Hydroxy-3-methylisoxazol-4-yl)allylidene]-3-methyl-(4H)isoxazol-5-one
True,False,False,False,Cicrotoic acid
True,False,False,False,"Ethenamine, N-methyl-N-nitroso-"
True,True,False,False,Cholest-5-en-3ß-yl propionate
True,True,False,False,"Trans-4,5-Dihydroxy-1,2-dithiane"
True,True,True,True,"2,4-Diaminobutyric acid"
True,True,False,False,(Z)-Hex-3-enyl butyrate
True,False,False,False,Trans-2-phenylcyclohexanol
True,False,False,False,NS00077593
True,False,False,False,Dimethylammonium 2-(4-chloro-2-methylphenoxy)propionate
True,True,True,True,Isonicotinaldehyde oxime
True,True,False,False,2-Methylbicyclo[2.2.1]heptane-2-carboxylic acid
True,False,False,False,Tert-butyl hydrogen carbonate
True,True,False,False,Dextrofemine
True,False,False,False,"17-Methylandrostane-3,17-diol"
True,True,False,False,Trilithium sulphonatosuccinate
True,False,True,True,Tiapamil hydrochloride
True,True,False,False,Cyclooct-2-en-1-ol
True,True,True,True,4-(2-Hydroxyethyl)morpholine
True,True,True,True,"3,4-Methylenedioxyphenethylamine"
True,False,True,True,Alpha-Oxocyclohexaneacetic acid
True,True,False,False,Sodium nonan-1-oate
True,True,True,True,Ibuterol
True,False,False,False,Ochratoxin B ethyl ester
True,True,True,True,"N,N-Dimethylalanine"
True,True,False,False,"Methanesulfonamide, N-(4-(1-hydroxy-2-((1-methylethyl)amino)ethyl)phenyl)-, (R)-"
True,True,True,True,"Benzene, (diethoxymethyl)-"
True,True,False,False,Ethyl 2-(methylthio)propionate
True,True,True,True,Methyl 5-amino-4-nitro-anisate
True,False,False,False,"1-Piperidinecarboxamide, 4,4'-(1,3-propanediyl)bis-"
True,False,False,False,"1,3-Benzenedisulfonamide, 4-amino-6-chloro-"
True,False,False,False,TP_9858
True,False,False,False,Caffeic acid
True,False,True,True,1H-Benzimidazole-2-acetonitrile
True,False,True,True,"5,6-Dihydrofluoranthen-6a(4H)-ol"
True,True,True,True,N-{2-[2-(2-aminoethoxy)ethoxy]ethyl}-4-sulfamoylbenzamide
True,True,False,False,Methyl (3ß)-3-hydroxyolean-12-en-28-oate
True,True,False,False,"1 Alpha-Methyl-4-androstene-3,17-dione"
True,False,False,False,"N,N'-(9,10-Dihydro-9,10-dioxoanthracene-1,4-diyl)bisbenzamide"
True,False,False,False,"3,5,5-Trimethylhexyl 2-ethylhexanoate"
True,True,True,True,Propan-2-yl 2-aminopropanoate
True,False,False,False,"N-[2-[(4-amino-m-tolyl)ethylamino]ethyl]methanesulphonamide phosphate, compound with methanol (1:1)"
True,True,True,True,"((2,2,8-Trimethyl-4H-1,3-dioxino(4,5-c)pyridin-5-yl)methyl) hydrogen succinate"
True,True,True,True,"1,4-Benzenediamine, 2,5-dichloro-"
True,False,False,False,"3-{[(Cyanoimino)(methylthio)methyl]imino}-1,2-dimethyl-5-(methylthio)-2,3-dihydro-1H-1,2,4-triazole"
True,False,False,False,"Butanoic acid, 4-chloro-, methyl ester"
True,True,False,False,(Perfluorooctyl)-2-hydroxypropyl dihydrogen phosphate
True,True,False,False,TP1/Sodium ricinoleate
True,False,False,False,"Acetaldehyde, (2-phenylethoxy)-"
True,True,False,False,"Propionitrile, 3-(hexahydro-1H-azepin-1-yl)-"
True,True,False,False,"(1A,2ß,5a)-2-isopropyl-5-methylcyclohexyl octanoate"
True,False,False,False,Sodium p-octylphenolate
True,False,False,False,Valacyclovir
True,True,True,True,(2-Hydroxyethyl)dimethyl(3-sulphopropyl)ammonium hydroxide
True,False,True,True,"2-Ethyl-N,N,3-trimethylvaleramide"
True,False,False,False,"11,12-Epoxy-(5Z,8Z,11Z)-icosatrienoic acid"
True,True,False,False,(Z)-hexadec-7-enyl acetate
True,True,True,True,Trimethoprim/Sulfamerazine
True,True,True,True,"Ethanol, 2,2'-(octylimino)bis-"
True,False,False,False,"(4E)-1,1,1,2,2,3,3-Heptafluorodec-4-ene"
True,False,False,False,CPG-52852
True,True,False,False,Lycorine
True,False,False,False,NS00101981
True,False,False,False,"2-[3-[5-Chloro-1-ethyl-1,3-dihydro-3-[2-morpholinoethyl]-2H-benzimidazol-2-ylidene]prop-1-enyl]-3-ethylbenzoxazolium iodide"
True,False,True,True,3-Chloropropyl(diethyl)amine
True,True,True,True,Trichlormethiazide
True,True,False,False,N-(1-Benzothiophen-3-yl)-N'-(2-pyridinylmethyl)urea
True,False,False,False,Icaridin
True,False,False,False,Norfloxacin
True,False,False,False,Vinyl 3-butenoate
True,False,False,False,"Chloro[29H,31H-phthalocyaninato(2-)-N29,N30,N31,N32]aluminium"
True,True,True,True,"3H-Phenoxazin-3-one, 7-hydroxy-"
True,True,True,True,Sodium 3-chloro-2-hydroxypropyl sulphate
True,True,False,False,17-Octadecynoic acid
True,True,True,True,Potassium undecenoate
True,False,False,False,Hexahydrocyclopenta[c]pyrrol-2(1H)-amine
True,True,False,False,NS00068688
True,True,False,False,NS00087259
True,False,False,False,Rutamarin
True,False,False,False,"2,2-Dimethylpropane-1,3-diyl phthalate"
True,True,False,False,"Benzenamine, N-ethyl-2-methyl-5-nitro-"
True,True,False,False,Methyl 6-methylcyclohex-3-ene-1-carboxylate
True,False,False,False,Gestonorone
True,False,False,False,4-Cyclopentyl-2-methylcyclohexan-1-one
True,False,False,False,Dibenzosuberol
True,True,False,False,"5-Isobenzofuransulfonic acid, 1,3-dihydro-1,3-dioxo-"
True,True,True,True,Atrolactamide
True,True,True,True,Ethyl 1H-imidazole-1-carboxylate
True,True,False,False,G-Octadecalactone
True,True,True,True,4-(1-Pyrrolidinyl)piperidine dihydrochloride
True,False,True,True,"3-[2-(2,2,3-Trimethylcyclopent-3-en-1-yl)ethylidene]pentane-2,4-dione"
True,True,False,False,"N-[10b-Hydroxy-3,6-dioxo-2,5-di(propan-2-yl)octahydro-8H-[1,3]oxazolo[3,2-a]pyrrolo[2,1-c]pyrazin-2-yl]-6-methyl-9,10-didehydroergoline-8-carboximidic acid"
True,True,False,False,1-[2-(Sulphonatooxy)ethyl]pyridinium
True,False,False,False,"3-Ethyl-2-methyl-4,5,6,7-tetrahydroindol-4-one"
True,False,False,False,2-Isopropylnaphthalene
True,False,False,False,R-Azabisabolene
True,False,False,False,"Benzamide, 2-amino-5-(4-aminophenoxy)-"
True,True,False,False,2-[(Tert-butyl)azo]-2-methylbutyronitrile
True,False,False,False,Ethyl 4-carbamoyl-4-(phenylamino)piperidine-1-carboxylate
True,False,False,False,"Octahydro-5-hydroxy-4,7-methano-1H-indenecarboxylic acid"
True,False,False,False,Ethyl 2-phenylpropionate
True,True,False,False,O-Methylbufotenine
True,False,False,False,Phenethylamine
True,True,False,False,"P-(1,2,3,4-thiatriazol-5-ylamino)phenol"
True,True,True,True,Isopentyl p-anisate
True,True,True,True,"1,2,3,6-Tetrahydro--methyl-3,6-methanophthalic anhydride"
True,True,True,True,"1H-Pyrrole, 1-methyl-2-(tridecafluorohexyl)-"
True,False,False,False,Levocarnitine
True,False,False,False,Alanylglutamine
True,False,False,False,"1,2-Benzenedicarboxylic acid, dihexyl ester, branched and linear"
True,False,False,False,"1H,3H,5H-Oxazolo[3,4-c]oxazol-7a(7H)-ylmethyl laurate"
True,True,True,True,"Ethyl 2,2-dimethyl-4,6-dioxocyclohexanecarboxylate"
True,True,False,False,Sec-butyl 3-methylbenzoate
True,True,True,True,Isopropylbenzyl salicylate
True,False,False,False,"1,3-Bis(2,3-epoxypropoxy)-2,2-bis[(2,3-epoxypropoxy)methyl]propane"
True,False,False,False,(S)-3-(Isopropyl)pyridine
True,False,False,False,"3-(4-Ethylphenyl)-2,2-dimethylpropanal"
True,False,True,True,Propyl undec-10-enoate
True,False,False,False,"Butanedioic acid, bis(2,2,6,6-tetramethyl-4-piperidinyl) ester"
True,True,False,False,(2-Hydroxyethyl) hydrogen glutarate
True,True,False,False,1-(4-Nonylphenoxy)propan-2-ol
True,True,False,False,4-Vinylcyclohexan-1-ol
True,True,False,False,Tetrazepam
True,True,False,False,"3',5,5',7,7'-Pentahydroxy-2'-(4-hydroxyphenyl)-2-(4-methoxyphenyl)-2,3,3',4'-tetrahydro-2'H,4H-3,6'-bichromen-4-one"
True,False,False,False,1-Benzyl-2-methylpiperazine
True,True,False,False,Butyl 4-oxopentanoate
True,False,False,False,1-Methylnaphthalene
True,True,True,True,1-(Allyloxy)-3-aminopropan-2-ol
True,False,False,False,"Ergosta-5,7,22-trien-3-ß-yl acetate"
True,False,False,False,"3-(Ethoxycarbonyl)-6,7,8,9-tetrahydro-1,6-dimethyl-4-oxo-4H-pyrido[1,2-a]pyrimidinium"
True,True,True,True,Beta-Fluoroethylacetate
True,True,False,False,Ethyl 5-methyl-3-oxohexanoate
True,False,False,False,1-[5-Fluoro-2-(oxiranylmethoxy)phenyl]butan-1-one
True,False,False,False,N-ethylanilinium phosphate
True,True,True,True,"3,3',3''-[Methylidynetris(oxy)]trispropene"
True,True,False,False,"1-Hepten-6-one, 2-methyl-"
True,True,True,True,"1-Propanone, 1-(4-ethylphenyl)-2-hydroxy-2-methyl-"
True,False,False,False,N-[3-(dimethylamino)-4-methoxyphenyl]acetamide
True,True,False,False,TP1/9-Decen-2-one
True,True,True,True,"L-2,4-Diaminobutyric acid"
True,True,True,True,Beta-Isopropylmalate
True,False,False,False,Perillic acid
True,False,True,True,4-Aminoacetophenone
True,True,True,True,Sodium bis(2-butoxyethyl) phosphate
True,False,False,False,"2-Propenamide, N-(ethoxymethyl)-"
True,False,False,False,"Benzenemethanamine, .alpha.-methyl-"
True,False,False,False,N-(1-Adamantyl)-N'-[2-(methylthio)benzyl]urea
True,True,False,False,Linolenic acid
True,True,False,False,Chalcogran
True,False,False,False,"2-[2-[4-[(2-Cyanoethyl)ethylamino]phenyl]vinyl]-1,3,3-trimethyl-3H-indolium chloride"
True,False,False,False,"TP1/N,N-Dimethyltetradecylamine"
True,True,True,True,"3,5-Bis(2,4-dimethylcyclohex-3-en-1-yl)dihydro-1H-[1,3]oxazolo[3,4-c][1,3]oxazole"
True,False,False,False,"Butanamide, N-(4-methylphenyl)-3-oxo-"
True,True,True,True,NS00000176
True,True,False,False,LAURAMIDE MIPA
True,True,True,True,"(2A,3aa,4ß,7ß,7aß)-octahydro-4,7-methano-1H-indene-2-carboxylic acid"
True,True,True,True,"N,2-Dimethyl-N-(4-methylphenyl)propanamide"
True,False,False,False,4-(Isopropyl)-2-[3-(trifluoromethyl)phenyl]morpholine hydrochloride
True,False,False,False,N-Acetyl-N-(2-methylpropyl)acetamide
True,True,True,True,"3,3-Dimethylglutarimide"
True,True,True,True,"Benzenamine, 4-[(4-aminocyclohexyl)methyl]-"
True,False,False,False,"2-Amino-5-[(3-carboxy-4-imino-2,5-cyclohexadien-1-ylidene)(4-methoxyphenyl)methyl]benzoic acid monohydrochloride"
True,True,True,True,Isobutyrylglycine
True,True,True,True,"TP3/Methanediamine, N,N,N',N'-tetramethyl-"
True,True,True,True,"3,6,9,12-Tetraoxahexadecan-1-ol, phosphate"
True,True,True,True,Trenbolone acetate
True,False,False,False,N-(tert-Butoxycarbonyl)glycyl-4-nitro-3-phenyl-L-alanyl-L-prolinamide
True,False,False,False,Diazoaminobenzene
True,True,False,False,"Cyclopentanol, 1-(2-propenyl)-"
True,True,True,True,TP2/Dimethyldipropylenetriamine
True,True,False,False,Nalidixic acid
True,False,False,False,NS00045811
True,False,False,False,Cloxacillin
True,False,False,False,"2-Vinylspiro[1,3-dioxane-5,3'-[7]oxabicyclo[4.1.0]heptane]"
True,False,False,False,"3-(M-chlorophenyl)-2-triazene-1-carbonitrile, sodium salt"
True,True,True,True,3-(4-Methylbenzoyl)propionic acid
True,True,False,False,Phenylsuccinic acid
True,True,True,True,Methyl (Z)-oct-4-enoate
True,False,False,False,4'-Methoxybutyrophenone
True,False,False,False,Camphotamide
True,False,False,False,"6-Ethyl-1,3,4,6,7,8-hexahydro-4,6,8,8-tetramethylcyclopenta[g]-2-benzopyran"
True,True,True,True,N-(3-Nitro-2-pyridyl)ethylenediamine
True,True,False,False,4-Tetradecyne
True,True,False,False,Hexanoic anhydride
True,False,False,False,"2-(2,5-Dihydro-3,4-dimethyl-2,5-dioxo-1H-pyrrol-1-yl)ethyl methacrylate"
True,False,False,False,Carbamylcholine
True,True,False,False,3-Hydroxy-4-[(1-hydroxy-2-naphthyl)azo]-7-nitronaphthalene-1-sulphonic acid
True,True,True,True,TP2/p-((2-Chloroethyl)ethylamino)benzaldehyde
True,True,False,False,Sodium 2-hexyloxyethanolate
True,True,True,True,"N,N-Dimethylacrylamide"
True,True,True,True,3-Methyl-1-vinyl-1H-imidazolium methyl sulphate
True,False,False,False,"2,4-Diamino-5-cyano-6-bromopyridine"
True,True,True,True,Burchellin
True,False,False,False,"Ethyl 3-(3,4,5-trimethoxyphenyl)acrylate"
True,True,False,False,NS00102631
True,True,True,True,"Quinoline, 2,7-dimethyl-"
True,True,True,True,N-Allylacetamide
True,False,False,False,SPA-7DC
True,True,False,False,NS00092053
True,True,False,False,N-ethyl-2-nitro-4-(trifluoromethyl)aniline
True,False,False,False,2-Butanoyl-3-hydroxy-5-(thian-3-yl)cyclohex-2-en-1-one
True,True,True,True,Isochorismic acid | 22642-82-6
True,True,True,True,NS00046114
True,True,False,False,Mizoribine
True,False,False,False,Alpha-Ecdysone
True,False,False,False,Bulbispermine
True,True,True,True,4-Aminohexanoic acid hydrochloride
True,True,False,False,"1,2-Dimethylpyrrolidine"
True,True,False,False,"3,3-Diphenyldihydrofuran-2(3H)-one"
True,False,True,True,"7-Octen-1-ol, 3,7-dimethyl-, 1-acetate"
True,True,False,False,(9Z)-9-Octadecen-17-ynoic acid
True,True,True,True,"1-(2-Hydroxyethyl)-1H-pyrazol-4,5-diyldiammoniumsulfate"
True,True,False,False,3-Chloro-2-hydroxypropiononitrile
True,True,False,False,"4-Tert-Butyl-1,2,4-triazolidine-3,5-dione"
True,False,False,False,Disodium 6-hydroxy-5-[[2-hydroxy-3-[(2-hydroxynaphthyl)azo]-5-sulphonatophenyl]azo]naphthalene-2-sulphonate
True,False,False,False,4-Hydrazinobenzoic acid
True,True,True,True,1-(Methoxymethyl)propylamine
True,False,True,True,3'-Methylformanilide
True,True,True,True,5-Methylbenzofuran
True,False,False,False,17α-Hydroxypregnenolone
True,False,False,False,"Decanamide, N-(3-aminopropyl)-"
True,True,False,False,"2,6-Diisopropylaniline"
True,False,False,False,"N,N-Dimethylaniline"
True,False,False,False,"Testosterone, 11beta-hydroxy-17-methyl-"
True,False,False,False,Ethyl 3-nitro-L-tyrosinate monohydrochloride
True,False,False,False,Delapril
True,True,False,False,"rel-(1R,2S,5R)-2,6,6-Trimethylbicyclo[3.1.1]heptane"
True,True,True,True,N-Isobutyl-2-oxo-1-imidazolidinecarboxamide
True,True,True,True,Pheco
True,True,False,False,(R)-n-(1-methyl-hexyl)-formamide
True,True,False,False,"{[5-(4-Amino-5-formyl-2-oxo-1,2-dihydropyrimidin-1-yl)-3-hydroxyoxolan-2-yl]methoxy}phosphonic acid"
True,True,True,True,"10,11-Dihydro-5-nitroso-5H-dibenz[b,f]azepine"
True,True,False,False,"7-Isopropyl-3,5-dimethyl-a-vinylbicyclo[2.2.2]oct-5-ene-2-methanol"
True,False,False,False,M-(Benzyloxy)toluene
True,True,True,True,1-Bicyclo[2.2.1]hept-5-en-2-yl-4-hydroxybutan-2-one
True,True,False,False,1-(5-Bicyclo[2.2.1]hept-2-enyl)-3-[[4-(dimethylamino)benzoyl]amino]thiourea
True,False,False,False,Cyclohexanaecarboxaldehyde
True,True,False,False,4-{[3-(Diethylamino)propyl]amino}-4-oxobut-2-enoic acid
True,True,False,False,2-Norbornaneacetic acid
True,False,False,False,Tetrahydro-3-methyl-2H-pyran
True,False,True,True,Isopimaric acid
True,True,False,False,2-Methyl-1H-imidazole-4-carboxylic acid
True,False,False,False,6-Methoxy methylone
True,False,False,False,"Naphthalene, 1,2,3,4-tetrahydro-1,6-dimethyl-4-(1-methylethyl)-, (1s-cis)-"
True,False,False,False,Diethylammonium acetate
True,True,False,False,1-Vinylcyclohexene
True,True,True,True,"1-(2,3-Dichloroallyl)pyridinium chloride"
True,False,False,False,"Benzenemethanamine, 3-methyl-"
True,True,True,True,S-2-Aminoethyl cysteine
True,False,False,False,1-Phenylethyl propionate
True,True,True,True,"2,3-Dihydro-1,4-benzodioxin-6-methylamine"
True,True,False,False,2-Ammonio-1-methylethyl sulphate
True,True,False,False,Clofilium
True,False,False,False,2'-C-Methylcytidine
True,True,False,False,NS00077407
True,True,True,True,"Dodecanamide, N-[3-(4-morpholinyl)propyl]-"
True,False,False,False,Ethyl 2-hydroxyhexanoate
True,False,False,False,4-(4-Morpholino)aniline
True,True,False,False,Gamolenic acid
True,False,False,False,N-Ethylaniline
True,True,True,True,"1,2-Ethanediamine, N,N,N'-triethyl-N'-methyl-"
True,False,False,False,3-[4-(ß-Ethoxyphenethyl)-1-piperazinyl]-2-methylpropiophenone dihydrochloride
True,False,False,False,"Phenol, 2-[(2-nitrophenyl)azo]-4-(1,1,3,3-tetramethylbutyl)-"
True,False,False,False,Norborn-5-en-2-ylacrylic acid
True,False,False,False,NS00047786
True,True,False,False,Ethyl 2-(4-formylphenoxy)propionate
True,False,False,False,D-glycero-D-manno-heptitol
True,False,False,False,"Benzoic acid, 2,3,5,6-tetramethyl-"
True,True,False,False,Cyclooct-4-en-1-ol
True,True,False,False,[(P-nonylphenoxy)methyl]oxirane
True,False,False,False,"Perfluoroalkyl alcohols, n=3"
True,True,False,False,TFNA-AM
True,True,True,True,"2,4,5-Triisopropylphenol"
True,True,False,False,Ethyl 7-oxoheptanoate
True,False,False,False,O-nitrocinnamic acid
True,False,False,False,17ß-Hydroxyestr-4-en-3-one 17-acetate
True,True,True,True,N-(3-Chloro-4-methylphenyl)acetamide
True,True,True,True,"4,8,8-Trimethylnonane-4-thiol"
True,True,True,True,Ethyl 3-methylbicyclo[2.2.1]hept-5-ene-2-carboxylate
True,True,True,True,Idazoxan
True,True,False,False,1-Butyl-4-(diethoxymethyl)benzene
True,True,False,False,4-Chloroamphetamine
True,True,True,True,"TP1/1,4-Heptanolide"
True,True,False,False,"10,18-Bisnorabieta-8,11,13-triene"
True,False,False,False,"2,5-Dimethylfuran-3(2H)-one"
True,True,True,True,"2-(Ethylthio)-4,5-dihydro-1H-imidazole"
True,True,False,False,Carboxin
True,True,True,True,Dihydroxymalonic acid
True,True,False,False,"2-(Prop-2-en-1-yl)-1,2,3,4,5,6,11,11a-octahydro-10H-1,5-methanopyrido[1,2-a][1,5]diazocin-10-one (Albine)"
True,True,True,True,NS00008946
True,True,True,True,"2,2,2-Trifluoroethyl methacrylate"
True,True,False,False,Diethyl(2-hydroxyethyl)ammonium palmitate
True,False,False,False,2-{[4-Hydroxy-6-(methoxymethyl)-2-pyrimidinyl]sulfanyl}-1-morpholino-1-ethanone
True,False,False,False,4-Ethylaniline
True,True,False,False,"(1R,2S,3R,4S)-3-[(1S,2R,3S,4R)-3-carboxy-2,3-dimethyl-7-oxabicyclo[2.2.1]heptane-2-carbonyl]oxycarbonyl-2,3-dimethyl-7-oxabicyclo[2.2.1]heptane-2-carboxylic acid"
True,True,True,True,3-Tert-Butyl-6-methylpyrocatechol
True,True,False,False,1-(Furan-2-yl)hexan-2-one
True,True,False,False,"1,2,3,3A,4,5,6,8a-octahydro-2-isopropylidene-4,8-dimethylazulen-6-yl propionate"
True,False,False,False,P-propoxyphenyl trans-4-pentylcyclohexanecarboxylate
True,False,False,False,1-(4-(2-Methoxyethyl)phenyl)ethan-1-one
True,False,False,False,Butyl cyclohex-3-ene-1-carboxylate
True,True,True,True,2-(Dimethylamino)ethyl 3-[2-(vinyloxy)ethoxy]isobutyrate
True,True,False,False,Tetraethyl ethylenetetracarboxylate
True,True,True,True,1-Amino-2-methylbutan-2-ol
True,True,True,True,Norfludiazepam
True,True,False,False,TP1/Mepiquat chloride
True,False,False,False,Isopolinate
True,False,False,False,"2,3,3-Triphenylacrylonitrile"
True,False,False,False,1-(2-Phenylethyl)aziridine
True,True,True,True,"Phosphoric acid, dioctyl ester, sodium salt"
True,True,True,True,Atropine nitrate
True,True,False,False,"1,6-Diphenylhexane-1,6-dione"
True,True,True,True,"1,3-Dimethylisoquinoline"
True,False,False,False,Acrolein diethylacetal
True,True,False,False,Dimethylglyoxime
True,False,False,False,Dimethyl carbonate
True,False,False,False,"1,1'-(3,5-Xylylimino)dipropan-2-ol"
True,False,False,False,Perfluoro-9-(trifluoromethyl)decanoic acid
True,True,True,True,Ethyl 4-[(3-ethoxy-3-oxopropyl)(methyl)amino]butanoate
True,False,False,False,"(1S)-1,3,3-trimethylbicyclo[2.2.1]heptan-2-one"
True,True,False,False,Sodium tris(1-methylethyl)naphthalenesulphonate
True,False,False,False,N-[2-[2-Carboxyethyl(2-hydroxyethyl)amino]ethyl]dodecanamide
True,False,False,False,Benserazide
True,True,False,False,"Benzenecarbothioic acid, S-(4,5-dihydro-5-thioxo-1,3,4-thiadiazol-2-yl) ester"
True,False,True,True,4'-Methylformanilide
True,False,False,False,"Benzonitrile, 3-methoxy-"
True,True,True,True,"9,10-Anthracenedicarboxaldehyde"
True,True,False,False,Ethyl 2-propylacetoacetate
True,True,False,False,"2-[(Benzylcarbamoyl)(2-phenylacetamido)methyl]-5,5-dimethyl-1,3-thiazolidine-4-carboxylic acid"
True,False,True,True,3-Methylpent-3-en-1-yl benzoate
True,True,False,False,"6-Methylhepta-3,5-dien-2-one"
True,True,True,True,4-Benzyloxyphenylacetic acid
True,False,False,False,"2-((4,6-Bis(allyloxy)-1,3,5-triazin-2-yl)amino)ethanol"
True,True,True,True,"N-(3-nitrophenyl)-4-[3-(1h-1,2,4-triazol-1-ylmethyl)phenyl]-2,5-dihydropyrimidin-2-imine"
True,False,False,False,Beta-d-glucopyranose spirohydantoin
True,True,False,False,"6'-(Diethylamino)-2'-(octylamino)spiro[isobenzofuran-1(3H),9'-[9H]xanthene]-3-one"
True,True,True,True,A-propoxyphenethyl alcohol
True,True,True,True,N-(3-Acetyl-4-hydroxyphenyl)heptan-1-amide
True,True,False,False,"2-[5-(6-Methylpyridin-2-yl)-2,3-dihydro-1h-pyrazol-4-yl]-1,5-naphthyridine"
True,False,False,False,2-((3-Methoxypropyl)amino)ethanol
True,True,True,True,4-(Diphenylmethyl)pyridine
True,True,False,False,"N,N-dimethylanilinium chloride"
True,False,False,False,Oxazolidine-E
True,False,True,True,"Benzene-1,2,4,5-tetracarboxylic acid, compound with 4,5-dihydro-4-methyl-2-phenyl-1H-imidazole (1:1)"
True,False,False,False,17ß-Hydroxy-2-(hydroxymethylene)androst-4-ene-3-one
True,False,False,False,NS00085201
True,False,False,False,"1H-Imidazol-2-amine, 1-[(6-chloro-3-pyridinyl)methyl]-4,5-dihydro-N-nitroso-"
True,True,True,True,2-Phenyl-2-ethylmalondiamide
True,True,False,False,Sodium diisopropylnaphthalenesulphonate
True,False,True,True,"Hydrazine, (4-nitrophenyl)-"
True,True,True,True,Cyclohex-3-ene-1-carboxylic acid
True,False,False,False,2-Ethyl-N-methyl-N-phenylbutyramide
True,True,False,False,4-Phenylpentan-2-ol
True,True,False,False,O-benzyl-N-[(tert-butoxy)carbonyl]-L-tyrosine
True,False,False,False,Decyl benzoate
True,False,False,False,N-Phenyl-N-(4-piperidinyl)butanamide
True,False,False,False,(Allyloxy)benzyl alcohol
True,False,False,False,"Bis(cyclohexylammonium) (R)-3,3-diethoxy-2-hydroxypropyl phosphate"
True,True,True,True,(4-Aminophenylthio)acetic acid
True,False,False,False,"(2S,4aR,4bS,6aS,7aS,8aS,8bS,10aR)-2,10a-Dihydroxy-4a,6a-dimethyl-2,3,4,4a,4b,5,6,6a,7a,8,8a,8b,8c,10a-tetradecahydrocyclopropa[4,5]cyclopenta[1,2-a]phenanthren-7(1H)-one"
True,True,False,False,"Peroxide, 1-methyl-1-[4-methyl-2(or 3)-(1-methylethyl)phenyl]ethyl 1-methyl-1-phenylethyl"
True,False,True,True,"(±)-Tetrahydro-2,6,6-trimethyl-2-vinyl-2H-pyran"
True,False,False,False,Tetraethyl ((dimethylamino)methylene)bisphosphonate
True,False,False,False,4-Aminoazobenzene
True,True,False,False,2-[2-(Methacryloyloxy)ethoxycarbonyl]benzoic acid
True,False,False,False,4-(Diethylamino)benzaldehyde
True,True,False,False,7-Chloro-8-quinolinol
True,True,False,False,"TP2/2,5,8,11,14-Pentaoxapentadecane"
True,True,False,False,P-Tolyl isocyanate
True,True,False,False,N-carbamoylmaleamic acid
True,True,False,False,"1-(3,5,6-Trimethyl-3-cyclohexen-1-yl)ethan-1-one"
True,True,False,False,"6',7',10,11-Tetramethoxy-1',2'-didehydroemetan"
True,True,False,False,Potassium L-glutamate
True,True,True,True,"2-Ethyl-N,N-dimethylbutylamine"
True,True,True,True,Walleminone
True,False,False,False,Salinazid
True,True,False,False,"2-Hydroxy-3,5,5-trimethyl-2-cyclohexenone"
True,True,False,False,Sparfloxacin
True,True,False,False,"Undecenoic acid, heptylester"
True,False,False,False,"TP1/Pentane, 2,2-dimethyl-"
True,False,False,False,"Benzene, (3,3-dimethoxy-1-propenyl)-"
True,False,False,False,"2,4-Dit-butyl-6-nitro-phenol"
True,False,False,False,"1,3-Dioxepin, 2-(1-ethylpropyl)-4,7-dihydro-"
True,True,True,True,Nitromethylidenecyclohexane
True,True,False,False,"Octadeca-9,12,15-trienoic acid"
True,False,False,False,Ametryn
True,False,False,False,STA-11DC
True,True,True,True,TP1/Trimethyl-3-((1-oxo-10-undecenyl)amino)propylammonium methyl sulphate
True,True,True,True,"Acetic acid, 2-[(1-ethylpentyl)oxy]-"
True,True,False,False,6-Methylisoquinoline
True,True,True,True,"1,2,4-Triazolidin-3-one, 4-amino-5-thioxo-, hydrazone"
True,False,False,False,"2-Amino-1,5-dihydro-7-methylpteridine-4,6-dione"
True,False,False,False,Trans-p-(4-heptylcyclohexyl)phenetole
True,False,False,False,2-(4-Iodophenyl)-3-(4-nitrophenyl)-5-phenyltetrazolium chloride
True,True,True,True,"1-Acetyl-N-(2,3-dihydro-1H-inden-4-yl)-4,5-dihydro-1H-imidazol-2-amine"
True,False,True,True,Acetanilide
True,False,False,False,Diammonium dihydrogen [[(2-hydroxyethyl)imino]bis(methylene)]bisphosphonate
True,False,False,False,"TP2/N-(2,4-Dimethylphenyl)-3-oxobutanamide"
True,True,True,True,"Sodium [(9,10-dihydro-1,4-dihydroxy-9,10-dioxo-2-anthryl)amino]benzenesulphonate"
True,True,False,False,"Thioperoxydicarbonic acid ([(HO)C(S)]2S2), dibutyl ester"
True,False,False,False,Sodium 2-formylbenzenesulfonate
True,False,False,False,"9-Hydroxy-1,2,5-trimethyl-6H-pyrido[4,3-b]carbazolium iodide"
True,False,False,False,NS00077451
True,False,True,True,Lumazine
True,False,False,False,"4-Methyl-4-phenyl-1,3-dioxane"
True,True,False,False,"2,3-Dimethylbenzonitrile"
True,True,False,False,4-(Diphenylmethyl)piperazinyl 2-thienyl ketone
True,False,False,False,"TP1/Carbonochloridic acid, pentyl ester"
True,True,False,False,"3-Pyrrolidinol, 5-methyl-"
True,True,False,False,"2-Butenedioic acid (2Z)-, monoisooctyl ester"
True,True,False,False,NS00012044
True,False,False,False,"2,4-Dimethyl-1H-pyrrole-3-carboxylic acid ethyl ester"
True,True,False,False,605-014-6
True,False,False,False,"2,3-Dihydroxypropyl-9-octadecenoate"
True,True,False,False,Paraquat dichloride
True,False,False,False,Ethylenebis[phenylphosphine]
True,False,False,False,Benzyl hydrogen &lt;U+03B3&gt;-L-glutamate
True,False,False,False,Naftopidil
True,False,True,True,"3,4-Dihydroxy-4-(1-hydroxy-4-methylpentyl)-5-(3-methylbutyl)-2-(3-methyl-1-oxobutyl)cyclopent-2-en-1-one"
True,False,False,False,2-((2-(2-Hydroxyethoxy)ethyl)thio)ethanol
True,False,False,False,1-Naphthyl a-D-galactopyranoside
True,False,False,False,1-(Diethoxymethyl)-4-methoxybenzene
True,False,False,False,3-(Hexyloxy)-2-oxopropionaldehyde
True,False,True,True,Prolylglycine
True,False,False,False,"1,3-Cyclohexanedione"
True,True,True,True,4-[(4-Fluorophenyl)methylene]-2-phenyloxazol-5(4H)-one
True,False,False,False,3-Ethylaniline
True,True,False,False,TP1/N-Cyclohexyldocosanamide
False,True,True,True,Ethyl 1-acetylpiperidine-4-carboxylate
False,True,True,True,5-Methyl-N-(pyridin-3-ylmethyl)isoxazol-3-amine
False,True,True,True,NS00087872
False,True,True,True,Avibactam
False,True,False,False,"4-Piperidinepropanol, 1-(2-hydroxyethyl)-"
False,True,True,True,"Cis-1,2-divinylcyclohexane"
False,True,True,True,"Acetamide, N-[2-[(2-chloro-4,6-dinitrophenyl)azo]-5-[(2-cyanoethyl)(2-hydroxyethyl)amino]-4-methoxyphenyl]-"
False,True,True,True,"Ethyl 4,5,6,7-tetrahydro-2-methylbenzothiazole-5-carboxylate"
False,True,False,False,N-(tetrahydrofurfuryl)-N-methylamine
False,True,True,True,L-2-Aminosuberic acid
False,True,True,True,Guancidine
False,True,True,True,2-Methoxy-6-{[(4-methylphenyl)imino]methyl}phenol
False,True,False,False,(S)-methylpyrrolidine-2-methanol
False,True,True,True,"2-Butanone, 4-diethylamino-"
False,True,True,True,5-Methyl-2-thiouridine
False,True,True,True,"8-Azabicyclo[3.2.1]octane-1,2,3,6-tetrol (Calystegine B1)"
False,True,False,False,"N,N'-Dimethyl-N-phenylhydrazine"
False,True,True,True,Phenoxyethyl propionate
False,True,True,True,"2,2'-Azobis[2,4-dimethylvaleronitrile]"
False,True,True,True,Oct-2-enal
False,True,False,False,"Potassium N,N-dimethyl-ß-alaninate"
False,True,False,False,(4-Amino-2-chlorophenyl)(4-chlorophenyl)acetonitrile
False,True,True,True,"N1-(3,4-Dimethoxyphenethyl)-2-{[4-(dimethylamino)benzylidene]amino}benzamide"
False,True,True,True,7-Angelylheliotridine (Rivularine)
False,True,False,False,Propyl aminoacetate hydrochloride
False,True,True,True,4-Morpholinepropanenitrile
False,True,False,False,Creatine
False,True,True,True,"Ethanol, 2,2'-iminobis-, diacetate (ester)"
False,True,True,True,"Cyclopentane, methoxy-"
False,True,False,False,NS00102147
False,True,False,False,Filibuvir
False,True,True,True,Tert-Butyl phenyl carbonate
False,True,True,True,Diethylene glycol diethyl ether
False,True,True,True,Nitracaine
False,True,False,False,"1H,1H-Perfluoropropylamine"
False,True,True,True,Nicotine N-oxide
False,True,True,True,"Guanidine, N-cyano-N'-(hydroxymethyl)-"
False,True,False,False,"Decanoic acid, compound with dibutylamine (1:1)"
False,True,True,True,Allyl 2-cyanoacrylate
False,True,True,True,N-(3-aminopropyl)octanamide
False,True,False,False,"1,3,4-Oxadiazole-2(3H)-thione, 5-phenyl-"
False,True,True,True,Epicept Np-1
False,True,False,False,3-Methyl-4-nitrobenzoic acid
False,True,False,False,2-C-(Nonafluorobutyl)-β-L-ribofuranose
False,True,True,True,"1-(2,2,6-Trimethylcyclohexyl)pentan-3-one"
False,True,False,False,"Ethyl N,N-dimethyl-ß-alaninate"
False,True,False,False,NS00103234
False,True,True,True,N-(2-methoxyethyl)-4-({4-[2-methyl-1-(1-methylethyl)-1h-imidazol-5-yl]pyrimidin-2-yl}amino)benzenesulfomide
False,True,False,False,"Octahydro-7a,8,8-trimethyl-1,5-methano-1H-inden-1-ol"
False,True,False,False,"2,3-Dichloroquinoxaline"
False,True,False,False,"3,7-Dihydro-1,3-dimethyl-1H-purine-2,6-dione, compound with 1-aminopropan-2-ol (1:1)"
False,True,False,False,"Acetic acid, dimethoxy-, methyl ester"
False,True,False,False,3-Butoxycyclohex-2-en-1-one
False,True,True,True,Endo-8-isopropyl-8-azabicyclo[3.2.1]octan-3-ol
False,True,True,True,"N'-Ethyl-N'-(2-methoxyethyl)-2-methylbenzene-1,4-diamine"
False,True,True,True,Euglenophycin
False,True,True,True,Rucaparib
False,True,True,True,1-(Allyl)pyrrolidin-2-one
False,True,True,True,(R)-1-(2-piperidyl)acetone hydrochloride
False,True,True,True,P-Butoxybenzylamine hydrochloride
False,True,False,False,"2-{7-Hydroxy-1h-pyrazolo[4,3-d]pyrimidin-3-yl}-5-(hydroxymethyl)oxolane-3,4-diol"
False,True,False,False,"SCHEMBL34610 (1-Ethyl-6,8-difluoro-1,4-dihydro-7-[(3R)-3-methyl-1-piperazinyl]-4-oxo-3-quinolinecarboxylic acid)"
False,True,False,False,Indole-3-acetic acid
False,True,False,False,Methyl L-leucinate
False,True,True,True,Mmi-175
False,True,True,True,Ethyl 2-cyanopropionate
False,True,True,True,"4,4'-Oxybisbutan-1-ol"
False,True,True,True,Ammonium ethylbenzenesulphonate
False,True,True,True,17-Hydroxyprogesterone heptanoate
False,True,False,False,D-phenylalanyl-n-(3-fluorobenzyl)-l-prolinamide
False,True,True,True,Deoxyamidinoproclavaminate | Deoxyamidinoproclavaminic acid
False,True,True,True,Triisobutyl citrate
False,True,False,False,Calcium glucoheptonate
False,True,True,True,Trisodium hydrogen ethylenediaminetetraacetate
False,True,False,False,"Benzene, hexyl-"
False,True,True,True,"3-(Octadecylamino)propane-1,2-diol"
False,True,False,False,Estradiene dione-3-keta
False,True,True,True,"4,5-Dihydro-2,4,4-trimethyloxazole"
False,True,False,False,Decanophenone
False,True,False,False,Ethyl alaninate hydrochloride
False,True,False,False,"2-Naphthalenol, 8-amino-5-(phenylazo)-"
False,True,True,True,Roxatidine
False,True,True,True,"3,4,4A,5,6,7,8,8a-octahydro-2,5,5,8a-tetramethylnaphthalene-1-acetaldehyde"
False,True,False,False,Abbott 29590
False,True,False,False,"Calcium 3,5,5-trimethylhexanoate"
False,True,False,False,Anisomycin
False,True,True,True,Tris(2-phenoxyethyl) phosphite
False,True,False,False,"3,3,6,6-Tetramethylmorpholine-2,5-dione"
False,True,True,True,"1-Amino-9,10-dihydro-4-[[5-[(2-hydroxyethyl)sulphonyl]-2-methoxyphenyl]amino]-9,10-dioxoanthracene-2-sulphonic acid"
False,True,False,False,Tybamate
False,True,True,True,Bis(1-chloro-2-propyl)(2-chloropropyl)phosphate - TCPP-2
False,True,False,False,"1-Amino-3-[(1,1-dimethylethyl)(phenylmethyl)amino]propan-2-ol"
False,True,True,True,Methyl aminolevulinate
False,True,True,True,"2-Indolinone, 1-methyl-"
False,True,True,True,N-[2-[(2-hydroxyethyl)amino]ethyl]dimethyloctanamide
False,True,True,True,5-((Dimethylamino)methyl)-2-furanmethanol
False,True,True,True,2-Hydroxy-10-undecenoic acid
False,True,False,False,Vinyl neononanoate
False,True,True,True,Etbicyphat
False,True,True,True,Methyl glycidyl ether
False,True,False,False,"4,5-Dihydro-2-vinyl-1H-imidazole"
False,True,False,False,Dodecylamine acetate
False,True,False,False,2-Methylundec-1-ene
False,True,True,True,"4-Amino-2,2,6,6-tetramethylpiperidin-1-ol"
False,True,False,False,N-{2-[4-(1-methylpiperidin-4-yl)piperazin-1-yl]-2-oxo-1-phenylethyl}-1h-indole-6-carboxamide
False,True,True,True,PPG Acrylate n5
False,True,True,True,"2-Octanol, 2,6-dimethyl-, 2-acetate"
False,True,True,True,4-Chlorophenethylamine
False,True,True,True,Bethanidine
False,True,False,False,Hexobendine dihydrochloride
False,True,False,False,NS00084919
False,True,False,False,"Heptanedioic acid, 4-oxo-, isonicotinoyl hydrazone"
False,True,False,False,2-Fluoro-4-(nonafluorobutyl)aniline
False,True,True,True,4-(Phenylmethoxy)-1H-indole
False,True,True,True,"1,2,2,6,6-Pentamethyl-4-(vinyloxy)piperidine"
False,True,True,True,Vigabatrin
False,True,True,True,"Propanoic acid, 3-mercapto-, 2,3-dihydroxypropyl ester"
False,True,False,False,Isobutyl cyclohexylpropionate
False,True,False,False,Diethyl (3-aminopropyl)phosphonate
False,True,False,False,1-[4-(1-Aminoethyl)phenyl]-2-(tert-butylamino)ethan-1-ol
False,True,True,True,"Pentanenitrile, 4,4-dimethyl-3-oxo-"
False,True,True,True,"1-Aziridinepropionic acid, methyl ester"
False,True,True,True,Butyl isobutyl phthalate
False,True,True,True,2-Acetylpyridine
False,True,False,False,"(3a-Hydroxy-7a-methyl-6-oxohexahydro-2H-2,5-methano-1,3-benzodioxol-8-yl)methyl benzoate (Paeoniflorigenone)"
False,True,True,True,"2,3-Dihydro-2,3,3-trimethylnaphtho[1,2-b]furan-4,5-dione"
False,True,False,False,Ethyl 2-phenylbicyclo[2.2.1]hept-5-ene-2-carboxylate
False,True,True,True,Primaperone
False,True,False,False,4-Methoxypiperidine
False,True,False,False,Piperidin-3-ylmethanol
False,True,True,True,N4-Acetylsulfadimethoxine
False,True,False,False,"Butanal, 4-hydroxy-"
False,True,False,False,"TP1/2,2'-[(3-Aminopropyl)imino]diethanol"
False,True,True,True,Ethyl bis(ethylthio)acetate
False,True,True,True,3-(5-Oxo-3-isoxazoline-2-ylmethyl)-L-alanine
False,True,True,True,Brigatinib
False,True,False,False,"1,4-Phenylene diacrylate"
False,True,False,False,2-[2-(Hexyloxy)ethoxy]ethanol
False,True,False,False,Cinchonine sulphate
False,True,True,True,3-Acetylpyridine
False,True,True,True,N-D-Gluconoyl-L-valine
False,True,False,False,"1-Pentofuranosyl-1H-pyrazolo[3,4-d]pyrimidin-4-ol"
False,True,False,False,Trimethyl[2-(1-oxopropoxy)ethyl]ammonium chloride
False,True,True,True,BMMPB
False,True,True,True,TP1/Hexyl nicotinate
False,True,True,True,3-Amino-5-methylcyclohex-2-en-1-one
False,True,False,False,"7-Iodo-1,2,3,4-tetrahydroisoquinoline"
False,True,True,True,O-Tolyl chloroformate
False,True,False,False,2-Methylquinoline-4-carboxamide
False,True,True,True,"Propane, 2-isocyanato-"
False,True,False,False,"Tert-butyl (S)-[2-[(2,5-dioxo-1-pyrrolidinyl)oxy]-1-(1H-indol-3-ylmethyl)-2-oxoethyl]carbamate"
False,True,True,True,((5-Acetamido-4-((5-nitrothiazol-2-yl)azo)-2-methoxyphenyl)imino)diethyl dipropionate
False,True,True,True,Acitretin
False,True,True,True,Morphine acetate
False,True,True,True,A-methylpiperidine-1-ethanol
False,True,False,False,"Phenol, 2-(1-ethylhexyl)-"
False,True,False,False,L-Menthyl acetate
False,True,True,True,Tris(2-hydroxyethyl)ammonium 2-(dodecyloxy)ethyl sulphate
False,True,True,True,4-Aminobutyronitrile
False,True,False,False,Trans-4-aminocyclohexan-1-ol
False,True,False,False,4-Acetamidobenzoic acid
False,True,True,True,2-Fluoro-6-nitrotoluene
False,True,True,True,2-(Hydrazinocarbonyl)-3-phenyl-1h-indole-5-sulfonamide
False,True,True,True,"7-Oxa-3,20-diazadispiro[5.1.11.2]heneicosan-21-one, 2,2,4,4-tetramethyl-"
False,True,False,False,5-Aminovaleric acid
False,True,False,False,"1-(2-Hydroxyethyl)-2,2,6,6-tetramethyl-4-piperidinol"
False,True,True,True,Isobutylparaben
False,True,False,False,"L-lysine, compound with 5-oxo-L-proline (1:1)"
False,True,True,True,Cannabichromevarin
False,True,True,True,"Butane, 1-(2-propenyloxy)-2,2-bis[(2-propenyloxy)methyl]-"
False,True,True,True,Methyl 4-acetamido-o-anisate
False,True,False,False,Alpha-Hydroxy-4'-methoxyacetophenone
False,True,True,True,Sodium phenylpyruvate
False,True,False,False,Pinidinone
False,True,False,False,(2-Chloro-4-nitrophenyl)hydrazine
False,True,False,False,TP2/Ethyl 3-(N-butylacetamido)propionate
False,True,False,False,Veralinine
False,True,True,True,"3-[2-Chloro-2-(4-chlorophenyl)vinyl]-2,2-dimethylcyclopropanecarbonyl chloride"
False,True,False,False,"1,3-Benzenediamine, N,N-dimethyl-"
False,True,True,True,N-Acetyl-N-ethylacetamide
False,True,False,False,"2-Butanone, 4-hydroxy-"
False,True,True,True,Octyl hydrogen phthalate
False,True,False,False,6-Fluoro-3-methylquinolin-4-ol
False,True,False,False,"2,4,5-Triphenylimidazole"
False,True,False,False,"A6-[[(tert-butyl)amino]methyl]-3-hydroxypyridine-2,6-dimethanol dihydrochloride"
False,True,True,True,"2,2'-Hexane-1,6-diylbisoxirane"
False,True,False,False,"N-(8-aminooctyl)-1,2,3,4-tetrahydroacridin-9-amine"
False,True,True,True,"2,2-Dimethylaziridine"
False,True,True,True,"2-Ethoxy-N4,N4-diethyl-p-phenylenediamine"
False,True,True,True,"(1,1'-Biphenyl)-4-carbohydrazide"
False,True,True,True,"3-Amino-2-hydroxy-4,4,6,6-tetramethylcyclohex-2-en-1-one"
False,True,True,True,"3,7-Dimethyl-7-octen-1-ol Propanoate."
False,True,False,False,L-Anserine
False,True,False,False,Hydroxy[(1-oxoallyl)amino]acetic acid
False,True,False,False,C-8 Ceramide-1-phosphate
False,True,True,True,"2,4,6-Pyrimidinetriamine, 5-nitroso-"
False,True,True,True,Streptol
False,True,True,True,TP1/N-Methylpyrrolidine
False,True,True,True,Metallibure
False,True,True,True,Conhydrine
False,True,False,False,"1-(Isopropyl)-N,N,2-trimethylcyclohexanecarboxamide"
False,True,False,False,6-Methylpyridin-2-ol
False,True,True,True,"1-(2-Aminoethyl)-3-ethyl-4,5-dihydro-2-pentadecyl-1H-imidazolium ethyl sulphate"
False,True,False,False,Sodium 1-octadecyl-5-oxopyrrolidine-3-carboxylate
False,True,False,False,"Magnesium 9,10-epoxyoctadecanoate"
False,True,True,True,Tris(2-chloropropyl) phosphate
False,True,True,True,(2-Chloro-1-methylethyl) bis(2-chloropropyl) phosphate
False,True,True,True,"Benzaldehyde, 4-amino-"
False,True,False,False,2-Ethyl-3-methylvaleronitrile
False,True,True,True,"5,8,10,13-Tetraoxaheptadecane"
False,True,True,True,Phenylphosphinic acid
False,True,False,False,Ethyldiisopropylammonium p-toluenesulphonate
False,True,False,False,L-Norvaline
False,True,True,True,"3H-1,2,3-Triazolo[4,5-b]pyridine, 3-hydroxy-"
False,True,False,False,8-Methyl-8-azabicyclo[3.2.1]octan-3-ol
False,True,True,True,"Hydron;(9-methyl-3-oxa-9-azatricyclo[3.3.1.02,4]nonan-7-yl) 3-hydroxy-2-phenylpropanoate;bromide"
False,True,True,True,"2,2'-(Heptylimino)bisethanol"
False,True,True,True,TP1/Putrescine
False,True,True,True,"(6R)-8,8-Dimethyl-4,5,6,7-tetrahydro-3a,6-methano-2lambda~6~-2lambda~6~,1-benzothiazole-2,2(3H)-dione"
False,True,False,False,"Acetic acid, cyano-, 2-propenyl ester"
False,True,True,True,N'-{[3-(aminomethyl)phenyl]methyl}ethanimidamide
False,True,True,True,Hexyl heptanoate
False,True,True,True,"Benzaldehyde, 3-amino-"
False,True,True,True,"(S)-2,6-Diamino-4,5,6,7-tetrahydrobenzothiazole Tartrat Trihydrate"
False,True,True,True,Nonivamide
False,True,False,False,"1H-Indole, 6-methyl-"
False,True,True,True,Pseudoconhydrine
False,True,True,True,Oenanthetol
False,True,True,True,Ethyl phenethyl carbonate
False,True,False,False,"Phenol, 2-(1-propylpentyl)-"
False,True,False,False,N-1h-imidazol-2-yl-n'-[4-(1h-imidazol-2-ylamino)phenyl]benzene-1
False,True,False,False,"Ethanol, 2-[(4-aminophenyl)ethylamino]-, sulfate (1:?)"
False,True,True,True,2-[4-(Cyclopropylcarbonyl)phenyl]-2-methylpropanoic acid - cyclohexanamine (1:1)
False,True,True,True,Trimethoxymethane
False,True,True,True,"2,4-Dimethylhepta-2,2-dienal."
False,True,False,False,"2-Butenoic acid, 4,4,4-trifluoro-3-(methylamino)-, ethyl ester"
False,True,True,True,3-Ethyl-6-methylpyridin-2-amine
False,True,True,True,Sec-Butylparaben
False,True,True,True,"Sodium [1,2,4]triazolo[1,5-a]pyrimidin-7-ol"
False,True,True,True,Sodium N-lauroylsarcosinate
False,True,True,True,Metabolite 505M09 of Dimoxystrobin
False,True,True,True,3-Amino-2-chlorobutenamide
False,True,True,True,"3-(Perfluoro-1-propyl)-1,2-propanediol"
False,True,True,True,"1-(2,2-Dimethoxyethoxy)butane"
False,True,False,False,Potassium (R)-(4-hydroxyphenyl)[(3-methoxy-1-methyl-3-oxoprop-1-enyl)amino]acetate
False,True,True,True,2-(4-Methylthiazol-5-yl)ethyl butyrate
False,True,True,True,Sodium isobutyl phthalate
False,True,True,True,"Acetamide, N-[3-[(2-cyanoethyl)amino]-4-methoxyphenyl]-"
False,True,False,False,Bisphenol A
False,True,True,True,Calcium (6S)-folinate
False,True,True,True,"Dodecanedioic acid, compound with hexane-1,6-diamine (1:1)"
False,True,False,False,"2-Naphthalenecarboxamide, 4-[[5-(aminocarbonyl)-2-methylphenyl]azo]-3-hydroxy-N-phenyl-"
False,True,True,True,AB-CHMINACA metabolite M4 solution
False,True,True,True,"N-[3-[(2,3-dihydroxypropyl)amino]-4-methoxyphenyl]acetamide"
False,True,True,True,"1-Octen-3-ol, 3-methyl-"
False,True,True,True,Cis-bicyclo[4.4.0]decane
False,True,True,True,2-Methyl-2-propenyl angelate
False,True,True,True,Cobalt(II) isooctanoate
False,True,False,False,3-(1-Methylethyl)-5-[[[(4-methylphenyl)sulphonyl]oxy]methyl]oxazolidin-2-one
False,True,False,False,Methyl 5-acetyl-2-methoxybenzoate
False,True,True,True,Methyl L-prolinate
False,True,True,True,"3-Ethyl-2-[3-(3-ethylthiazolidin-2-ylidene)prop-1-enyl]-5,6-dimethylbenzoxazolium iodide"
False,True,True,True,4-Tert-Butylbenzenesulfonamide
False,True,True,True,"Benzenemethanamine, 2,5-dimethyl-"
False,True,True,True,"(3E)-4-Ethoxy-1,1,1-trifluoro-3-buten-2-one"
False,True,False,False,Gts-21
False,True,False,False,N-(5-hydroxy-2-methylphenyl)acetamide
False,True,False,False,Disodium malonate
False,True,False,False,10-Hydroxy-2-decenoic acid
False,True,False,False,N-ethyl-2-hydroxypropionamide
False,True,True,True,A-vinylbenzyl acetate
False,True,True,True,Bis(2-hydroxyethyl)ammonium tetradecyl hydrogen phosphate
False,True,True,True,"Acetamide, N-ethenyl-"
False,True,True,True,"1,3-Dimercapto-2-propanol"
False,True,False,False,Ethyl 5-hexenoate
False,True,True,True,Bis(2-chloro-1-methylethyl) 2-chloropropyl phosphate
False,True,True,True,N-(4-Chlorophenyl)-N-methylethylenediamine
False,True,False,False,"2,6-Dichloro-4-hydroquinone"
False,True,False,False,"Ethyl 3,5-dimethoxybenzoate"
False,True,False,False,Benzylidene bismethacrylate
False,True,True,True,1-Ethyl-2-pyrrolidinone
False,True,False,False,"N-(1,1-dimethyl-3-oxobutyl)oxirane-2-carboxamide"
False,True,False,False,5-Chloro-4-(cyclohexylmethylamino)-2-(trifluoromethyl)benzenediazonium tetrafluoroborate
False,True,False,False,"2-Propenoic acid, 3-phenyl-, phenylmethyl ester, (E)-"
False,True,False,False,Tert-Butyl L-alaninate
False,True,True,True,"TP3/Benzenamine, 4-(1-methyl-1-phenylethyl)-N-phenyl-"
False,True,False,False,Dimethachlor CGA 102935
False,True,False,False,"5-(Tert-butyl)-2,3,4,5,6,7-hexahydro-2-methyl-1H-inden-1-one"
False,True,False,False,"(8A,9R)-10,11-dihydrocinchonan-9-ol"
False,True,True,True,"TP1/1-Decanamine, N-decyl-"
False,True,True,True,Oxomemazine
False,True,True,True,1-Nitroanthraquinone
False,True,False,False,"5-Dodecene, (e)-"
False,True,True,True,3-(4-Chloroanilino)-3-methyl-2-butanone oxime
False,True,True,True,NS00090760
False,True,False,False,Benzyl 2-[[[4-(1-methylethyl)phenyl]methylene]amino]benzoate
False,True,False,False,Streptonigrin
False,True,True,True,3-Methylpiperidin-2-one
False,True,False,False,"1,2-Dithiolane-3-valeric acid, compound with 2-amino-2-(hydroxymethyl)propane-1,3-diol (1:1)"
False,True,False,False,"Tetradecanamide, N-(3-aminopropyl)-"
False,True,True,True,"Cyclododeca-4,8-dien-1-yl acetate"
False,True,False,False,3-Thioxobutyramide hydrochloride
False,True,True,True,NS00061534
False,True,False,False,(Trifluoromethoxy)benzene
False,True,False,False,NS00080928
False,True,False,False,"2,3-Pyridinedicarboximide"
False,True,False,False,O-(2-naphthyl)phenol
False,True,True,True,"3-[[4-[Benzylmethylamino]phenyl]azo]-1,4-dimethyl-1H-1,2,4-triazolium methyl sulphate"
False,True,False,False,"Benzoic acid, 2-hydroxy-, 2-(2-hydroxypropoxy)-1-methylethyl ester"
False,True,True,True,Polyoxyethylene(10) nonylphenol ether
False,True,False,False,3-(Isopropyl)-6-methylcyclohexen-1-yl acetate
False,True,True,True,Myristicin
False,True,False,False,Gw572738x
False,True,True,True,C15-Alkyl 2 ethyl sulfate
False,True,False,False,Clostebol propionate
False,True,False,False,Daniquidone
False,True,True,True,4-(Diethylamino)-2-butyn-1-ol
False,True,False,False,"4-Piperidinol, 1-methyl-"
False,True,False,False,LY-2452473
False,True,False,False,Ibutilide
False,True,True,True,"Estra-3,5-dien-17-one, 3-ethoxy-"
False,True,False,False,Phenylethylhydrazine sulfate
False,True,False,False,3-Methoxy-2-(methoxymethyl)acrylonitrile
False,True,False,False,Sodium D-glycero-D-ido-heptonate
False,True,False,False,"2,6-Di(cyclohexylidene)cyclohexan-1-one"
False,True,True,True,"N,N'-[[5-(benzothiazol-2-yl)-4-hydroxy-1,3-phenylene]bis(methylene)]bisphthalimide"
False,True,True,True,"TP1/1,2-Diethoxybenzene"
False,True,False,False,"2-(2-Furyl)-5-phenyl-1,3,4-oxadiazole"
False,True,True,True,Ethyl 1-[(2-phenoxy-3-pyridinyl)carbonyl]-4-piperidinecarboxylate
False,True,True,True,"Diethyl (E)-(3,7-dimethyl-2,6-octadienyl)malonate"
False,True,True,True,9-Deazainosine
False,True,True,True,"1,2-Epithiocyclohexane"
False,True,True,True,"N,N'-diphenylformamidine monohydrochloride"
False,True,True,True,Diphenamid
False,True,True,True,4-Tert-Butyl hydrogen L-aspartate
False,True,False,False,4-(2-Hydroxypropyl)morpholine
False,True,True,True,"[4-[(2-Chlorophenyl)[4-(diethylamino)phenyl]methylene]-2,5-cyclohexadien-1-ylidene]diethylammonium chloride"
False,True,False,False,2-(Dimethylamino)ethyl propionate
False,True,True,True,Dibenzo-18-crown-6
False,True,True,True,TP1/N-Methyldidecylamine
False,True,True,True,4-(3-Oxobutyl)phenyl butyrate
False,True,True,True,"TP2/9,12-Octadecadienoic acid (9Z,12Z)-, 1-methylethyl ester"
False,True,True,True,Isouron
False,True,True,True,1-Methylpiperidine-2-ethanol
False,True,False,False,"(1-(5-Hydroxypentyl)-1H-indol-3-yl)(2,2,3,3-tetramethylcyclopropyl)-methanone"
False,True,False,False,Ethyl 3-[2-bromo-4-(trifluoromethyl)phenyl]-2-cyanoacrylate
False,True,True,True,Diethylene glycol monoisobutyl ether
False,True,False,False,"2,6-Dimethylaniline"
False,True,False,False,Methyl hydrogen 4-(m-aminobenzoyl)phthalate
False,True,True,True,"3-Methoxy-2-(3,4,5-trimethoxybenzyl)propiononitrile"
False,True,True,True,6-Methyl-2-pyridinecarboxaldehyde
False,True,False,False,"Calcium bis(1,3,4,5-tetrahydroxycyclohexanecarboxylate)"
False,True,False,False,"1,3,5-Triazine-2,4-disulfenamide, 6-(diethylamino)-N,N,N',N'-tetraethyl-"
False,True,False,False,"TP1/Dipropyl 2,5-pyridinedicarboxylate"
False,True,True,True,2-Amino-o-cresol
False,True,True,True,4-Acetylpyridine
False,True,True,True,"(2-Hydroxy-1,1-dimethylethyl)ammonium myristate"
False,True,True,True,"Acetic acid, (dimethylamino)oxo-, ethyl ester"
False,True,True,True,"Titanium bis(hexane-1,6-diolate)"
False,True,False,False,NS00005130
False,True,False,False,1-(Isopropyl)-4-piperidone
False,True,False,False,"2,4-Dimethyl-1H-imidazole"
False,True,True,True,"3,7-Dimethyloct-6-en-1-yl formate"
False,True,True,True,TP1/Bis(1-methylheptyl) phthalate
False,True,False,False,11-Nitro-1-Undecene
False,True,False,False,4-Methoxyphenethylamine
False,True,False,False,"1,2-Ethanediyl dimethyl phthalate"
False,True,False,False,Valeryl chloride
False,True,True,True,N-Formylpiperidine
False,True,False,False,Codeine hydrobromide
False,True,True,True,"3,5-Dinitrobenzoic acid"
False,True,False,False,Bis(tert-butyl) L-glutamate
False,True,True,True,{Cyclopropyl[4-({4-[(3-hydroxybutan-2-yl)oxy]-5-(trifluoromethyl)pyrimidin-2-yl}amino)phenyl]imino-??-sulfanyl}one
False,True,True,True,Di-tert-butyl phthalate
False,True,False,False,4-[2-(Methoxycarbonyl)anilino]-4-oxobut-2-enoic acid
False,True,False,False,"Bis(2,3-epoxypropyl) bicyclo[2.2.1]hept-5-ene-2,3-dicarboxylate"
False,True,False,False,3-Phenylbutan-2-one
False,True,True,True,N-(1-methyl-2-oxopropyl)acetamide
False,True,True,True,"Ethanol, 2-(cyclohexylamino)-"
False,True,True,True,"3,3'-Dimethyl-1,1'-diphenyl-4,4'-bi-5-pyrazolone"
False,True,False,False,O-Chlorophenethylic alcohol
False,True,False,False,A-[(2-methylpropoxy)methyl]pyrrolidine-1-ethanol
False,True,True,True,"2,6-Dinitro-4-nonylphenol"
False,True,True,True,3:1 Fluorotelomer alcohol
False,True,False,False,Anthralin triacetate
False,True,True,True,Ethyl 3-aminocrotonate
False,True,True,True,"1,3-Dimethylpyrrolidine-2,5-dione"
False,True,True,True,Methyl pent-2-yn-1-oate
False,True,True,True,"1,1-Dimethylheptanethiol"
False,True,False,False,Indole-2-carboxylic acid
False,True,False,False,"4,4'-Dihydroxytetraphenylmethane"
False,True,False,False,Lithium 4-[(octadecylamino)carbonyl]benzoate
False,True,True,True,3-Amino-4-methylphenol
False,True,False,False,4-Amino-4-methylpentan-2-one
False,True,True,True,"N-(4-methoxyphenyl)benzene-1,4-diamine monohydrochloride"
False,True,True,True,"Dibenzo(b,e)(1,4)dioxin, 2,3-dibromo-7,8-dichloro-"
False,True,True,True,"Biguanide, 1-(p-nitrophenyl)-"
False,True,True,True,N-(diphosphonomethyl)glycine
False,True,True,True,Disodium 2-benzoyl-7-naphthyl phosphate
False,True,False,False,8-(4-Sulfophenyl)octanoic acid
False,True,False,False,Methylconiine
False,True,True,True,(R)-(-)-Vigabatrin
False,True,True,True,"(3S,5R)-ethyl 3-amino-5-methyloctanoate, trifluoro acetic acid salt"
False,True,True,True,"2-Isobutyl-4-methyl-1,3-dioxolane"
False,True,False,False,NOA 435343
False,True,False,False,"N,N-dimethyl-1,3-dioxolan-2-amine"
False,True,True,True,3-Propoxypropiononitrile
False,True,False,False,Guanidinopropionic acid
False,True,True,True,2-Propylpyridine
False,True,False,False,N-[(3-chloro-4-fluorophenyl)methyl]-1-methyl-n-({3-methyl-3-azabicyclo[3.1.0]hexan-6-yl}methyl)-1h-imidazole-4-carboxamide
False,True,True,True,Ibuprofenol Acetylmandelate Ester
False,True,True,True,3-Chloro-4-(diethylamino)benzenediazonium tetrachlorozincate (2:1)
False,True,False,False,"4-Amino-2,5-dimethylaniline"
False,True,True,True,2-[(1-Methylheptyl)amino]ethanol
False,True,True,True,N-(1-oxobutyl)glycine
False,True,True,True,"TP1/1,3-Isobenzofurandione, hexahydro-4-methyl-"
False,True,True,True,NS00044365
False,True,False,False,10-[(1-Methyl-3-piperidyl)methyl]-10H-phenothiazine monohydrochloride
False,True,True,True,"N-(6,7-Dihydro-6-oxo-1H-purin-2-yl)acetamide"
False,True,True,True,"1H-3-Benzazepine, 2,3,4,5-tetrahydro-2-(nitromethylene)-"
False,True,True,True,1-Isopropyl-4-methylpent-1-enyl acetate
False,True,False,False,2-[(Diethoxyphosphinyl)oxy]ethyl methacrylate
False,True,True,True,"3H-Pyrazolo[4,3-D]pyrimidin-7-Ol"
False,True,True,True,1-Isopropylpiperidin-4-ol
False,True,True,True,Oxybisbutanol
False,True,True,True,Norcisapride
False,True,False,False,"4-[3-(3-Nitrophenyl)-1,2,4-oxadiazol-5-yl]butanoic acid"
False,True,True,True,"1,5-Dimethylpyrrolidin-2-one"
False,True,False,False,"4,5-Dihydroxy-1,3-bis[(1-methylethoxy)methyl]imidazolidin-2-one"
False,True,False,False,"7-Amino-2-tert-butyl-4-{[2-(1h-imidazol-4-yl)ethyl]amino}pyrido[2,3-d]pyrimidine-6-carboxamide"
False,True,False,False,"Hexadecanamide, N-(3-aminopropyl)-"
False,True,False,False,"(1R,3S,4aR)-2,2-Dimethyl-2,3,4,4a,5,6-hexahydro-1,3-methanonaphthalen-7(1H)-one"
False,True,False,False,"TP2/Glycine, N-(2-hydroxyethyl)-N-[2-[(1-oxododecyl)amino]ethyl]-, monosodium salt"
False,True,False,False,L-tyrosinohydrazide
False,True,False,False,"A,a'-azinodi-o-cresol"
False,True,False,False,NS00048400
False,True,True,True,"6,10-Dimethylundeca-1,5,9-triene"
False,True,True,True,"20,20'-(2-Hydroxypropane-1,3-diyl)bis[2,2,4,4-tetramethyl-7-oxa-3,20-diazadispiro[5.1.11.2]henicosan-21-one]"
False,True,True,True,Midodrine
False,True,False,False,2-Hydroxyethyl isopropyl maleate
False,True,True,True,3-Ethylhexahydro-3-(3-methoxyphenyl)-1-methyl-2H-azepin-2-one
False,True,True,True,N-formyl-L-valine
False,True,True,True,"1-(4-Amino-3,5-dichlorophenyl)ethan-1-one"
False,True,False,False,"2-(4-{[(Hydroxy{4-methyl-2-[4-(trifluoromethyl)phenyl]-1,3-thiazol-5-yl}methylidene)amino]methyl}phenoxy)-2-methylpropanoic acid"
False,True,False,False,"4,8-Dimethyl-4,9-decadienal"
False,True,True,True,Undecyl acetate
False,True,False,False,"2-Ethyl-2-[[2-(hydroxymethyl)butoxy]methyl]propane-1,3-diol"
False,True,True,True,"2-Aminooctadec-4-ene-1,3-diols"
False,True,False,False,"3,3-Dimethyl-5-(2,2,3-trimethyl-3-cyclopenten-1-yl)-4-penten-2-ol"
False,True,False,False,"N-Hexahydro[1,3]thiazolo[3,4-a]pyridin-3-ylidene-1,3-benzodioxol-5-amine"
False,False,True,True,"Cholesta-4,6-diene-3ß-ol"
False,False,True,True,"Phosphine, 1,2-ethanediylbis[diphenyl-"
False,False,True,True,"4-Chloro-1,2-diaminobenzene"
False,False,True,True,Linolelaidic Acid
False,False,True,True,Oleic acid diethanolamide
False,False,True,True,"Acetaldehyde, (decyloxy)-"
False,False,True,True,Fludarabine phosphate
False,False,True,True,Physoperuvine
False,False,True,True,Voracline TP 268
False,False,True,True,3-{[(4-Methoxy-1-methyl-1H-indazol-3-yl)amino]carbonyl}-2-pyrazinecarboxylic acid
False,False,True,True,Butyl 4-aminobenzoate
False,False,True,True,"4,5-Diethyl-2,4-dihydro-3H-1,2,4-triazol-3-one"
False,False,True,True,APP-CHMINACA
False,False,True,True,2-[[2-[(2-Furylmethyl)thio]ethyl]amino]-5-[(6-methyl-3-pyridyl)methyl]-1H-pyrimidin-4-one
False,False,True,True,Bis(2-hydroxyethyl)ammonium heptanoate
False,False,True,True,"Benzeneacetic acid, 2,4-dihydroxy-, methyl ester"
False,False,True,True,SSR180711
False,False,True,True,"4,4-Dimethoxybutan-2-ol"
False,False,True,True,"Decane-2,4-dione"
False,False,True,True,Decyl 2-cyanoacrylate
False,False,True,True,"P-(2,5-dioxo-1-pyrrolidinyl)benzenesulphonamide"
False,False,True,True,Valpromide
False,False,True,True,Dibutylammonium bromide
False,False,True,True,Isovaleryl diethylamide
False,False,True,True,1-Methyl-2-propylbenzene
False,False,True,True,"5α-Pregnan-3,20-dione"
False,False,True,True,(P-chlorobenzyl)dimethyl[3-[(1-oxododecyl)amino]propyl]ammonium chloride
False,False,True,True,(R)-2-(4-Nitrophenyl)oxirane
False,False,True,True,Isobutylbenzene
False,False,True,True,"Benzophenone, 2,2'-dihydroxy-4-(octyloxy)-"
False,False,True,True,4-Heptanamine
False,False,True,True,"3-[4-[10,11-Dihydro-8-(methylthio)dibenzo[b,f]thiepin-10-yl]piperazinyl]propyl decanoate"
False,False,True,True,2-Ethylhexyl cinnamate
False,False,True,True,"2-[4-(2,4,4-Trimethyl-2-pentanyl)phenoxy]ethanol"
False,False,True,True,Cinnamyl valerate
False,False,True,True,Sodium 1-butyl-5-oxopyrrolidine-3-carboxylate
False,False,True,True,Acetic acid--4-(heptafluoropropyl)phenol (1/1)
False,False,True,True,"Naphthalene-2-sulphonic acid, compound with 2,2',2''-nitrilotriethanol (1:1)"
False,False,True,True,"Phosphonic acid, (2-chloroethyl)-, bis(2-chloroethyl) ester"
False,False,True,True,"3,4-Dihydroxyphenethylmethylammonium chloride"
False,False,True,True,4 - (Dimethylamino) - butanoic acid ethyl ester
False,False,True,True,(2-Hydroxyethyl) hydrogen fumarate
False,False,True,True,6-(Oleoyloxy)-L-ascorbic acid
False,False,True,True,"N,N-bis(2-hydroxypropyl)dodecanamide"
False,False,True,True,Homatropine hydrobromide
False,False,True,True,Famotidine
False,False,True,True,Diphenyl-phthalate
False,False,True,True,Methyl 9-decenoate
False,False,True,True,Beta-(4-Fluorobenzoyl)propionic acid
False,False,True,True,Î±-Methyl-Î±-phenylpyridine-2-methanol
False,False,True,True,"Methyl octadeca-9,12-dienoate"
False,False,True,True,Isopropyl ethylcarbamate
False,False,True,True,[2-Hydroxy-3-[[(1-oxoallyl)amino]methoxy]propyl]trimethylammonium chloride
False,False,True,True,Sodium a-hydroxycyclopentaneethanesulphonate
False,False,True,True,"2-Ethyl-2-[(4-hydroxybutoxy)methyl]propane-1,3-diol"
False,False,True,True,2-(Cyclohexen-1-yl)glycine
False,False,True,True,"3',4'-Trimethylene-α-pyrrolidinobutiophenone"
False,False,True,True,"Urea, N-heptyl-"
False,False,True,True,Isocaryophyllene
False,False,True,True,"2,3,4,5-Tetrahydroxy-6-(hydroxymethyl)oxane-2-carboxamide"
False,False,True,True,Methyl propanoate
False,False,True,True,"2,2'-[(2-Hydroxyethyl)imino]bisethyl 1,1'-diacetate"
False,False,True,True,Diacetone acrylamide
False,False,True,True,"1,4-Benzenediamine, N1-phenyl-, hydrochloride (1:?)"
False,False,True,True,"Methyl (1R,5R)-8-methyl-8-azabicyclo[3.2.1]oct-2-ene-2-carboxylate"
False,False,True,True,Oxametacin
False,False,True,True,"Bis(oxiranylmethyl) 3,4,5,6-tetrachlorocyclohexene-1,2-dicarboxylate"
False,False,True,True,2-(Bicyclo[2.2.1]hept-5-en-2-ylmethylene)heptan-1-al
False,False,True,True,Ethyltriglycol methacrylate
False,False,True,True,4-Aminobutyramide
False,False,True,True,"TP1/Butanoic acid, 1-methylethyl ester"
False,False,True,True,4-Hydroxybutyl 3-amino-2-butenoate
False,False,True,True,20β-Hydroxyprogesterone
False,False,True,True,"2H-3,1-Benzoxazine-2,4(1H)-dione, 1-methyl-6-nitro-"
False,False,True,True,6-Hydroxyquinoline
False,False,True,True,"9H-Fluoren-3-amine, N,N-diethyl-6,8-dimethyl-"
False,False,True,True,Gabexate mesilate
False,False,True,True,Acid Black 52
False,False,True,True,[[2-(Hydroxymethyl)-5-furyl]methyl]ammonium chloride
False,False,True,True,"Phenol, 4,4'-(1-methylethylidene)bis[2,6-dibromo-, 1,1'-diacetate"
False,False,True,True,(S)-5-(amidinoamino)-2-(benzoylamino)-N-(4-nitrophenyl)valeramide monohydrochloride
False,False,True,True,Hydroxyzine dihydrochloride
False,False,True,True,Acetylsulfapyridin-O-glukuronid
False,False,True,True,TP2/Tetraethylene glycol di(2-ethylhexanoate)
False,False,True,True,"Cyclohexane, bis(isocyanatomethyl)-"
False,False,True,True,N-(4-Hydroxy-2-methylphenyl)acetamide
False,False,True,True,"Benzenepropanenitrile, .beta.-oxo-"
False,False,True,True,"1-Methyl-2-Oxy-5,5-Dimethyl Pyrrolidine"
False,False,True,True,"12-Methyl-2,5,8,11-tetraoxatridecane"
False,False,True,True,"9H-Thioxanthene-3,6-diamine, 10,10-dioxide"
False,False,True,True,2-(Methylphenylamino)-2-oxoethyl acetate
False,False,True,True,Bis[(5-amino-2-methoxyphenyl)bis(2-hydroxyethyl)ammonium] sulphate
False,False,True,True,Nandrolone
False,False,True,True,"Salicylic acid, amino-, methyl ester"
False,False,True,True,"Propanenitrile, 3-[[2-(benzoyloxy)ethyl]phenylamino]-"
False,False,True,True,4-Methoxy-2-methyl-N-phenylaniline
False,False,True,True,"Ethanol, 2,2'-[(4-nitrophenyl)imino]bis-"
False,False,True,True,Hyoscine hydrochloride
False,False,True,True,"3,6,7-Trimethyloct-6-en-1-ol"
False,False,True,True,(E)-cinnamyl 2-methylisocrotonate
False,False,True,True,2-(1H-Pyrrol-1-yl)aniline
False,False,True,True,Ethyl 2-aminocyclohex-1-ene-1-carboxylate
False,False,True,True,Rebimastat
False,False,True,True,Physostigmine sulphate
False,False,True,True,"3,4,5-Trimethoxyphenylacetonitrile"
False,False,True,True,"3-(Fluoromethyl)-7-(thiomorpholine-4-sulfonyl)-1,2,3,4-tetrahydroisoquinoline"
False,False,True,True,"2,3,4-Trihydroxybenzoic acid"
False,False,True,True,"Trans,trans-1,3-Bis(4-methoxybenzylidene) acetone"
False,False,True,True,Methyl 2-cyano-3-hydroxyacrylate
False,False,True,True,Diglycolic acid
False,False,True,True,Allyl decanoate
False,False,True,True,Aldicarb sulfoxide
False,False,True,True,Tert-butyl L-prolinate
False,False,True,True,"4,5-Methylenedioxy-2-aminoindane"
False,False,True,True,Buclizine
False,False,True,True,TP4/Bis(2-ethylbutyl) phthalate
False,False,True,True,Pregnandiol
False,False,True,True,"5-[[4-(Diethylamino)phenyl]azo]-1,4-dimethyl-1H-1,2,4-triazolium acetate"
False,False,True,True,"Acetamide, N,N-dipropyl-"
False,False,True,True,"Propane-1,2-dithiol"
False,False,True,True,"13-Ethyl-17a-hydroxy-18,19-dinorpregn-4-en-20-yn-3-one butyrate"
False,False,True,True,"5-Amino-2-(2-chloro-4,6-dimethylphenyl)-2,-dihydro-3H-pyrazol-3-one"
False,False,True,True,Acetaldehyde dimethylhydrazone
False,False,True,True,N-acetyl-L-tryptophanamide
False,False,True,True,Androstenediol
False,False,True,True,"4-(2H-1,3-benzodioxol-5-yloxy)-2-[4-(1h-imidazol-1-yl)phenoxy]-6-methylpyrimidine"
False,False,True,True,"2-Butenoic acid, 2-methyl-, 3-phenyl-2-propen-1-yl ester, (2E)-"
False,False,True,True,Acetylcaine
False,False,True,True,"2-(2,6-Octadienylthio)ethanol"
False,False,True,True,6-[Bis(phosphonomethyl)amino]hexanoic acid
False,False,True,True,Cyclohexylammonium acetate
False,False,True,True,4-(Trifluoromethyl)anthranilic acid
False,False,True,True,Undecylamine
False,False,True,True,4-Acetylpiperidinium chloride
False,False,True,True,2-Chloropyridin-4-amine
False,False,True,True,NS00012106
False,False,True,True,"2-Methylpentane-1,2,4-triol"
False,False,True,True,Oxymetholone
False,False,True,True,"3-[[4-(Diethylamino)phenyl]azo]-1,4-dimethyl-1H-1,2,4-triazolium acetate"
False,False,True,True,"2,5-Cyclohexadien-1-one, 4-[[4-(acetyloxy)phenyl]imino]-"
False,False,True,True,"3-Carboxy-2,2,5,5-tetramethylpyrrolidin-1-yloxy"
False,False,True,True,2-Chloroethcathinone
False,False,True,True,Dioctyl tetrasulphide
False,False,True,True,"3H-Indolium, 2-[3-(1,3-dihydro-1,3,3-trimethyl-2H-indol-2-ylidene)-1-propenyl]-1,3,3-trimethyl-, acetate"
False,False,True,True,TP1/2-Morpholinoethylamine
False,False,True,True,"1,3-Propanediamine, N,N,N',N',2-pentamethyl-"
False,False,True,True,Nicotinyl alcohol
False,False,True,True,3-Methyl-4-phenylbutyraldehyde
False,False,True,True,3-(Trifluoromethyl)anisole
False,False,True,True,P-Propyltoluene
False,False,True,True,"1,1'-Oxybis-2-propanol"
False,False,True,True,4-[1-[4-(Tert-butyl)phenoxy]ethyl]-5-nitroveratrole
False,False,True,True,Potassium dodecyl phosphonate
False,False,True,True,N-(4-Methoxyphenyl)acetamide
False,False,True,True,"3,4,4A,5,8,8a-hexahydro-7,8a-dimethyl-3-(1-methylvinyl)naphthalen-1(2H)-one"
False,False,True,True,1-(4-Nitrophenyl)glycerol
False,False,True,True,"1,3,3-Trimethyl-2-[(methylphenylhydrazono)methyl]-3H-indolium chloride"
False,False,True,True,Methyl 3-cyano-2-methylpropionate
False,False,True,True,Celgosivir
False,False,True,True,M14 prothioconazole-3-hydroxy-desthio
False,False,True,True,"5-Ethyl-2,2,3-trimethylheptane"
False,False,True,True,6-Thioguanine
False,False,True,True,Ethyl p-acetamidobenzoate
False,False,True,True,2-[(3-Methylundecyl)amino]ethyl methacrylate
False,False,True,True,"2-(2-Heptadec-8-enyl-4,5-dihydro-1H-imidazol-1-yl)ethylamine hydroxyacetate"
False,False,True,True,"2,3-Dimethylheptane"
False,False,True,True,Ethyl L-isoleucinate
False,False,True,True,NS00098636
False,False,True,True,Cannabigerol
False,False,True,True,"(R)-3,7-dimethyl-1,6-octadien-3-ol"
False,False,True,True,"1-(3,5-Dihydroxyphenyl)-2-[[2-(4-hydroxyphenyl)-1-methylethyl]amino]ethan-1-one hydrobromide"
False,False,True,True,7-Hydroxyisoflavone
False,False,True,True,"5-Alpha-Pregnane-3,20-dione"
False,False,True,True,"2-(3-Methyl-4-nitrophenyl)-5-(piperidinomethyl)-1,3,4-oxadiazole"
False,False,True,True,"Glycine, N,N-diethyl-, ethyl ester"
False,False,True,True,"2,2,3,3,4,4,4-Heptafluoro-N-(2,4,5-trichlorophenyl)butanamide"
False,False,True,True,2-(2-Methoxyphenyl)-2-(methylamino)cyclohexanone
False,False,True,True,"1-(2,3-Dihydro-1,4-benzodioxin-6-yl)-2-{[5-(methylthio)-1,3,4-thiadiazol-2-yl]thio}ethan-1-one"
False,False,True,True,S-Propyl (1E)-1-propene-1-sulfinothioate
False,False,True,True,Para-Methoxy-N-methylamphetamine
False,False,True,True,4-Hydroxyphenobarbital
False,False,True,True,Analogue of pterin substrate
False,False,True,True,Cannabicitran
False,False,True,True,"Phenol, 2-(1,1-dimethylpropyl)-"
False,False,True,True,"4,6-Dimethyl-1H-pyrimidin-2-one hydrochloride"
False,False,True,True,"3-(8,11-Pentadecadien-1-yl)-1,2-benzenediol (Urushiol III (C15:2))"
False,False,True,True,"Cyclohexane, 1,4-bis(ethoxymethyl)-"
False,False,True,True,Prostaglandin A1
False,False,True,True,Lorapride
False,False,True,True,Tert-Butyl L-prolinate hydrochloride
False,False,True,True,"Piperazine, 1-[2-[(2,4-dimethylphenyl)thio]phenyl]-, hydrobromide (1:1)"
False,False,True,True,Buprenorphine
False,False,True,True,"Salicylic acid, compound with 2-(diethylamino)ethyl salicylate (1:1)"
False,False,True,True,"2,2-Diphenylglycine"
False,False,True,True,"3ß-Hydroxypregna-1,4-dien-20-one"
False,False,True,True,Methyl 5-amino-4-cyano-3-(2-methoxy-2-oxoethyl)thiophene-2-carboxylate
False,False,True,True,Methyl 3-amino-4-methylbenzoate
False,False,True,True,"TP1/4,6-Dimethyl-2-heptanone"
False,False,True,True,"Benzene, 1,1'-(3-methyl-1-propene-1,3-diyl)bis-"
False,False,True,True,"9ß,10A-pregn-4-ene-3,20-dione"
False,False,True,True,Pivagabine
False,False,True,True,"Methyl (2E)-{2-[(2,5-dimethylphenoxy)methyl]phenyl}(methoxyimino)ethanoate"
False,False,True,True,Spiroxamine - aminodiol
False,False,True,True,"3-Chloro-2-hydroxy-N,N,N-trimethylpropan-1-aminium"
False,False,True,True,"9,10-Epoxyoctadecanamide"
False,False,True,True,"3-(2,6-Dioxocyclohexyl)propanenitrile"
False,False,True,True,"Chloro-29H,31H-phthalocyanine"
False,False,True,True,2-Phenylethyl nicotinate
False,False,True,True,5-Bromovaleric acid
False,False,True,True,9-Methylphenanthrene
False,False,True,True,"1-(1,2,3,4,6,7,8,8A-octahydro-8,8-dimethyl-2-naphthyl)ethan-1-one"
False,False,True,True,4-Ethoxy-4-phenylpiperidinium chloride
False,False,True,True,Sodium palmitate
False,False,True,True,2-Acetamido-4-cresol
False,False,True,True,Ethyl L-histidinate hydrochloride
False,False,True,True,Methacrylylcholine
False,False,True,True,"3,7-Dimethyloctyl ethyl oxalate"
False,False,True,True,"TP1/Phenol, 4,4'-(1-methylethylidene)bis-, disodium salt"
False,False,True,True,N-heptylformamide
False,False,True,True,"Sodium 1-amino-4-[(2-ethylhexyl)amino]-9,10-dihydro-9,10-dioxoanthracene-2-sulphonate"
False,False,True,True,Methyl (E)-2-[(2-methyl-1-oxo-2-butenyl)amino]benzoate
False,False,True,True,"Propanamide, N-(2-methylphenyl)-2-(propylamino)-, (R)-"
False,False,True,True,"1,2,6-Tris(2,3-epoxypropoxy)hexane"
False,False,True,True,"1,3,2-Dioxathiane 2-oxide"
False,False,True,True,"3,3'-Dimethyl(1,1'-binaphthalene)-4,4'-diamine"
False,False,True,True,(3-Chloropropyl)oxirane
False,False,True,True,1-(3-Chloropropyl)piperazine dihydrochloride monohydrate
False,False,True,True,A-methyl-4-phenylpiperidine-4-methanol
False,False,True,True,"TP1/3,7-Dimethyloct-6-en-1-yl ethyl ethanedioate"
False,False,True,True,Oxfendazole
False,False,True,True,2-Chlorotoluene
False,False,True,True,Hydroxyaminovaline
False,False,True,True,cis-2-Methyl-5-(1-methylvinyl)cyclohex-2-en-1-yl acetate
False,False,True,True,STA-7C
False,False,True,True,"2,5-Dimethylpyrazine"
False,False,True,True,"2,2,4,4,6,6,8,8-Octachloro-2,2,4,4,6,6,8,8-octahydro-1,3,5,7,2,4,6,8-tetraazatetraphosphocine"
False,False,True,True,DL-tyrosine
False,False,True,True,"Disodium 1,5-dibenzamidoanthracene-9,10-diyl bis(sulphate)"
False,False,True,True,Tris(2-hydroxyethyl)ammonium palmitate
False,False,True,True,N-(4-fluorophenyl)adamantane-1-carboxamide
False,False,True,True,Dibutyl adipate
False,False,True,True,2-(4-Methoxyphenyl)acetaldehyde oxime
False,False,True,True,Sodium 6-hydroxy-5-[[4-(o-tolylazo)-o-tolyl]azo]naphthalene-2-sulphonate
False,False,True,True,"4,4-Methylenedimorpholine"
False,False,True,True,Itopride
False,False,True,True,2-Tert-Butylphenol
False,False,True,True,4-Fluoro-4'-hydroxybenzophenone
False,False,True,True,"3,4'-Dimethyl-1,1'-biphenyl"
False,False,True,True,"N,N'-(Ethylenebis(oxymethylene))bis(acrylamide)"
False,False,True,True,Gabapentin
False,False,True,True,"Phenol, 2-(2H-benzotriazol-2-yl)-4-(1,1-dimethylethyl)-"
False,False,True,True,Harmaline hydrochloride
False,False,True,True,Doramapimod
False,False,True,True,1-Benzyl-3-pyrrolidone
False,False,True,True,1-(Aminomethyl)cyclohexan-1-ol
False,False,True,True,Isopropyl 2-ethylbutyrate
False,False,True,True,Sodium 2-ethylacetoacetate
False,False,True,True,Diethyl N-(4-nitrobenzoyl)-L-glutamate
False,False,True,True,(2-Mercaptoethyl)ammonium hydrogen maleate
False,False,True,True,(P-aminophenacyl)trimethylammonium chloride
False,False,True,True,NS00045946
False,False,True,True,"6-A-fluoro-21-hydroxy-16-a,17-a-isopropylidenedioxypregn-4-ene-3,20-dione"
False,False,True,True,"N-[[5-(dimethylamino)-1-naphthyl]sulphonyl]-L-valine, compound with piperidine (1:1)"
False,False,True,True,Fenfuram
False,False,True,True,4-Hydroxybenzoic acid
False,False,True,True,N-(2-Methoxyphenyl)-3-oxobutanamide
False,False,True,True,"2,2'-[Methylenebis(phenyleneoxymethylene)]bisoxirane"
False,False,True,True,Ethyl (Z)4-methyl-oct-3-enoate
False,False,True,True,Tert-Butyl (3S)-3-hydroxypyrrolidine-1-carboxylate
False,False,True,True,"2-(Methoxymethyl)-2-methylpropane-1,3-diol"
False,False,True,True,"1,1,6,6-Tetramethoxyhexane"
False,False,True,True,"5-Ethyl-1,3-diglycidyl-5-methylhydantoin"
False,False,True,True,8-Hydroxyquinoline
False,False,True,True,"1,4-Anhydro-D-xylitol"
False,False,True,True,"[5-(4-Amino-2-oxo-1,2-dihydropyrimidin-1-yl)-3,4-dihydroxyoxolan-2-yl]methyl octadec-9-enoate"
False,False,True,True,2-Ethyl-3-methylpentanamide
False,False,True,True,"Acetic acid, 2-ethylbutyl ester"
False,False,True,True,Dl-Methamphetamine
False,False,True,True,N-Cyclohexylformamide
False,False,True,True,Ethyl oxo((phenylmethyl)amino)acetate
False,False,True,True,1-Ethyl-3-methylimidazolium iodide
False,False,True,True,(9Z)-N-(2-Hydroxyethyl)octadec-9-enamide
False,False,True,True,TP1/Mono(2-ethylhexyl) adipate
False,False,True,True,"3-Oxazolidineethanol, 2-(1-methylethyl)-"
False,False,True,True,TP1/1-(2-Butoxyethoxy)-2-propanol
False,False,True,True,"3-Pyridinecarbonitrile, 5-[[2-chloro-4-(methylsulfonyl)phenyl]azo]-4-methyl-2,6-bis[[3-(2-phenoxyethoxy)propyl]amino]-"
False,False,True,True,"1,2-Dimethyl-5,6-dinitrobenzimidazole"
False,False,True,True,2-(2-(2-(2-Phenoxyethoxy)ethoxy)ethoxy)ethanol
False,False,True,True,Heptyl-3-catechin
False,False,True,True,"Methanone, (2-amino-5-chlorophenyl)phenyl-, oxime"
False,False,True,True,"Hexanedioic acid, mono(2-ethylhexyl)ester"
False,False,True,True,"Morpholine, 4-hexadecyl-"
False,False,True,True,"(9Z,12Z)-octadeca-9,12-dien-1-amide"
False,False,True,True,Ethyl 2-(ethoxymethylene)acetoacetate
False,False,True,True,4-Hydroxy-m-toluic acid
False,False,True,True,Ammonium 3-octyloxiran-2-octanoate
False,False,True,True,Kavain
False,False,True,True,N-[3-Dimethylaminopropyl]-N-2-[2-(2-hydroxyethoxy)ethoxy]ethylperfluorohexanesulfonamide
False,False,True,True,Diethyl decanedioate
False,False,True,True,"16,16-Dimethyl prostaglandin A1"
False,False,True,True,5-(Hexadecyl((1-hydroxy-2-naphthyl)carbonyl)amino)isophthalic acid
False,False,True,True,"(5Alpha)-Androsta-2,16-dien-17-yl acetate"
False,False,True,True,"5-Chloro-7-[(propan-2-yl)amino]pyrazolo[1,5-a]pyrimidine-3-carbonitrile"
False,False,True,True,"2-Hydroxy-2,3',4'-trimethylpropiophenone"
False,False,True,True,Methyl N-(3-methoxy-3-oxopropyl)-N-(2-(4-methoxyphenyl)ethyl)-beta-alaninate
False,False,True,True,Endothal-sodium
False,False,True,True,Octanamide
False,False,True,True,"1,2,3-Trimethyl-4-(3-methylbutyl)benzene"
False,False,True,True,"4-Amino-N,N-dimethylaniline sulphate"
False,False,True,True,"N,N-Bis(2-methylpropyl)formamide"
False,False,True,True,8-Amino-7-oxononanoate | 8-amino-7-oxononanoic acid
False,False,True,True,"5-Amino-2-pyrrolidin-2-ylpenta-2,4-dienal  (Nicotine met 3-166)"
False,False,True,True,3-(2-Methyl-4-nitrophenyl)-1-triazene-1-carbonitrile
False,False,True,True,2-(Dimethylamino)-1-methylethyl methacrylate
False,False,True,True,Androstenone
False,False,True,True,Butyl anthranilate
False,False,True,True,3-Acetylbenzonitrile
False,False,True,True,7-Methyl-2-quinolone
False,False,True,True,Speciociliatine (Mitragyna alkaloid)
False,False,True,True,Diethylmethyl[2-[(1-oxoallyl)oxy]propyl]ammonium chloride
False,False,True,True,Gacyclidine
False,False,True,True,"Disodium 3-(5-chloro-2-hydroxyphenylazo)-4,5-dihydroxynaphthalene-2,7-disulphonate"
False,False,True,True,"2-Carboxyoctahydroindole, (2S,3aS,7aS)-"
False,False,True,True,"Benzene, 1-fluoro-2-nitro-"
False,False,True,True,2-(4-Fluorophenoxy)acetamide
False,False,True,True,"(E)-3,7-dimethyl-2,6-octadienenitrile"
False,False,True,True,"2,3-Dimethylbutyl acetate"
False,False,True,True,Fludeoxyglucose
False,False,True,True,Fenalamide
False,False,True,True,"1-(1,3-Dioxobutyl)pyrrolidine"
False,False,True,True,N-(4-Pyridylmethyl)ethylenediamine
False,False,True,True,Heptyl propionate
False,False,True,True,4-Bromo-2-nitroanisole
False,False,True,True,Methyl N-benzoyl-L-alaninate
False,False,True,True,4-Cyclodecen-1-one
False,False,True,True,"TP3/Pentanedioic acid, bis[2-[2-(2-butoxyethoxy)ethoxy]ethyl] ester"
False,False,True,True,Mepenzolate bromide
False,False,True,True,"8-(1,1-Dimethylethyl)-3-methyl-1-oxaspiro[4.5]decane"
False,False,True,True,Sodium bis(5-oxo-DL-prolinate)
False,False,True,True,5-Amino-4-hydroxy-4-(2-methylphenyl)-2-propan-2-ylpyrazol-3-one
False,False,True,True,Valproate pivoxil
False,False,True,True,Armodafinil
False,False,True,True,"2,2'-Oxydipropan-2-ol"
False,False,True,True,1-(Pyrrolidin-2-yl)propan-2-one
False,False,True,True,"3,4-Dibromohexahydrophthalic acid"
False,False,True,True,"1,2,3,3-Tetramethyl-3H-indolium iodide"
False,False,True,True,Trazeolide
False,False,True,True,"ß,4-Dimethyl-a-methylenecyclohex-3-ene-1-propan-1-al"
False,False,True,True,"Quino[2,3-b]acridine-6,7,13,14(5H,12H)-tetrone, 2,9-dimethyl-"
False,False,True,True,"4-(2,4-Dimethyl-1,3-thiazol-5-yl)pyrimidin-2-amine"
False,False,True,True,"2H-Azepin-2-one, 1-acetylhexahydro-"
False,False,True,True,"Ethanol, 2-[(3-methylphenyl)amino]-"
False,False,True,True,Hydrastinine
False,False,True,True,Strophanthidin-Dtl
False,False,True,True,MDA 2-amido analog
False,False,True,True,6-Oxocholestanol
False,False,True,True,"N-[4-[(2,6-dichloro-4-nitrophenyl)azo]phenyl]-N-ethyl-N',N'-dimethylethylenediamine monohydrochloride"
False,False,True,True,"17-Hydroxy-3-oxocarda-4,20(22)-dienolide"
False,False,True,True,"2H-Azepine, 3,4,5,6-tetrahydro-7-methoxy-"
False,False,True,True,1-Bromo-2-fluoroethane
False,False,True,True,Diphenylaminoethanol
False,False,True,True,"6-Chloro-N-cyclopentyl-N'-isopropyl-1,3,5-triazine-2,4-diamine"
False,False,True,True,"2-Pyrrolidinone, 1-(1-methylethyl)-"
False,False,True,True,"TP1/5-Cyclopentadecen-1-one, 3-methyl-"
False,False,True,True,Procyclidine hydrochloride
False,False,True,True,"2-Hydroxybenzene-1,3,5-triyltriammonium trichloride"
False,False,True,True,"55-Nitro-2,4,6-triaminopyrimidine"
False,False,True,True,3-Methoxy-4-(methoxymethoxy)benzaldehyde
False,False,True,True,"7-Hydroxy-2-(4-hydroxyphenyl)-4-oxo-3,4-dihydro-2H-chromen-5-yl beta-D-glucopyranoside"
False,False,True,True,Diethyl dodecanedioate
False,False,True,True,"2,4-NH2PYRIMIDINE,5(35MEO-4-OH)BENZYL"
False,False,True,True,TP2/N-Oleyl diethanolamide
False,False,True,True,Tripropylene glycol monomethyl ether
False,False,True,True,"3-Methylpentane-1,2,5-triol"
False,False,True,True,2-Amino-1-benzylbenzimidazole
False,False,True,True,TP1/3-[(3Z)-Hex-3-en-1-yloxy]propanenitrile
False,False,True,True,Indole-3-acetic acid ethyl ester
False,False,True,True,Octadecenol
False,False,True,True,2-[2-[2-[2-[2-[2-(2-Dodecoxyethoxy)ethoxy]ethoxy]ethoxy]ethoxy]ethoxy]ethyl hydrogen sulfate
False,False,True,True,NS00113740
False,False,True,True,3-Hydroxybutyl salicylate
False,False,True,True,3-(2-Butoxyethoxy)propiononitrile
False,False,True,True,Chloroacetaldehyde O-acetyloxime
False,False,True,True,2-Chloro-p-toluenesulfochloride
False,False,True,True,"Ethyl 2-amino-4,5-bis(2-methoxyethoxy)benzoate"
False,False,True,True,"1,3-Diallyl-2-[2-(1-methyl-5-nitro-2-phenylindol-3-yl)vinyl]-1H-imidazo[4,5-b]quinoxalinium toluene-p-sulphonate"
False,False,True,True,"Pentanoic acid, 5-(dimethylamino)-2-methyl-5-oxo-, methyl ester"
False,False,True,True,RPA 205834
False,False,True,True,Sulfabenzamide
False,False,True,True,NPS-2143
False,False,True,True,Bamethan sulphate
False,False,True,True,"2-Butenethioic acid, 3-methyl-, S-(1-methylethyl) ester"
False,False,True,True,"1-Propanol, dl-2-benzylamino-,"
False,False,True,True,Neopentyl glycol diglycidyl ether
False,False,True,True,FUB-JWH 018
False,False,True,True,5'-Deoxy-5'-(methylthio)-Tubercidin
False,False,True,True,NS00080669
False,False,True,True,4-Trifluoromethoxyaniline
False,False,True,True,"1,4,7,10,13,16-Hexaoxacyclooctadecane-2-methanol"
False,False,True,True,"Trans-3,4-Difluorocinnamic acid"
False,False,True,True,α-Ethylaminopentiophenone
False,False,True,True,"N,N-dimethyl-1,3-dioxan-2-amine"
False,False,True,True,6-Bromo-2-naphthyl acetate
False,False,True,True,"3,4-Dihydro-2,5-dimethyl-2H-pyran-2-carbaldehyde"
False,False,True,True,2-(1-Aziridinyl)ethyl methacrylate
False,False,True,True,"2-Pyridinecarboxylic acid, methyl ester"
False,False,True,True,Bemegride
False,False,True,True,"Carbonic acid, 2-hydroxypropyl 5-methyl-2-(1-methylethyl)cyclohexyl ester"
False,False,True,True,Calcium bis(3-phenylpyruvate)
False,False,True,True,"Butyric acid, 4-(pyrrolidin-1-yl)-, methyl ester"
False,False,True,True,"1-Pyrrolidinepropionic acid, ethyl ester"
False,False,True,True,"{[5-(6-Amino-7h-purin-7-yl)-3,4-dihydroxyoxolan-2-yl]methoxy}phosphonic acid"
False,False,True,True,Methyl a-methylpyrrolidine-1-propionate
False,False,True,True,L-Saccharopine
False,False,True,True,Bis(2-butoxyethyl) phthalate
False,False,True,True,NS00103949
False,False,True,True,N-(4-Hydroxyphenyl)-N-methyl-3-oxobutyramide
False,False,True,True,"Piperidine, 1-acetyl-"
False,False,True,True,Di-sec-butyl adipate
False,False,True,True,N-acetyl-3-phenyl-D-alanine
False,False,True,True,(S)-2-Amino-3-cyclohexylpropan-1-ol
False,False,True,True,"Bis(2-ethylhexyl) 2-(4-hydroxy-3,5-dimethoxybenzyl)propanedioate"
False,False,True,True,"Succinic acid, ammonium salt"
False,False,True,True,"1,5-Pentanediyl diacrylate"
False,False,True,True,"2-Tridecyl-2-oxazoline-4,4-dimethanol"
False,False,True,True,2-Tert-butoxypropan-1-ol
False,False,True,True,"TP1/Piperazine, 1-ethyl-"
