ID,Collection,Sample type,Short name for contribution,Sampling date,Analysis date,Instrument setup used,Monitored City,Monitored country,Latitude,Longitude,Capacity population equivalent,Daily flow m^3/day,Dissolved organic carbon (mg/L),MES Dry matter content (mg/L),pH,Proxy pressures,River basin,Sludge retention time (days),Temperature (°C),Type of industry,Type of tertiary treatment,Type of treatment plant,Type of wastewater,Type of wastewater sample,Volume of the reactor (m^3),Wastewater fraction,Latitude.1,matrix
18578,EODY,Real Sample,Influent wastewater EODY276 collected from Xanthi at 12 May 2021,"Wed, 05/12/2021 - 22:00","Wed, 04/07/2021 - 22:00",11,Xanthi,Greece,41.130357,24.877448,63083,6989,,,,,,,,,,None (raw wastewater),Waste water - Municipal,Influent wastewater,,Dissolved fraction,41.130357,wastewater
18579,EODY,Real Sample,Influent wastewater EODY276 collected from Xanthi at 12 May 2021,"Wed, 05/12/2021 - 22:00","Wed, 04/07/2021 - 22:00",10,Xanthi,Greece,41.130357,24.877448,63083,6989,,,,,,,,,,None (raw wastewater),Waste water - Municipal,Influent wastewater,,Dissolved fraction,41.130357,wastewater
18580,EODY,Real Sample,Influent wastewater EODY275 collected from Xanthi at 06 May 2021,"Thu, 05/06/2021 - 22:00","Thu, 04/01/2021 - 22:00",11,Xanthi,Greece,41.130357,24.877448,63083,7471,,,,,,,,,,None (raw wastewater),Waste water - Municipal,Influent wastewater,,Dissolved fraction,41.130357,wastewater
18581,EODY,Real Sample,Influent wastewater EODY275 collected from Xanthi at 06 May 2021,"Thu, 05/06/2021 - 22:00","Thu, 04/01/2021 - 22:00",10,Xanthi,Greece,41.130357,24.877448,63083,7471,,,,,,,,,,None (raw wastewater),Waste water - Municipal,Influent wastewater,,Dissolved fraction,41.130357,wastewater
18582,EODY,Real Sample,Influent wastewater EODY274 collected from Xanthi at 03 May 2021,"Mon, 05/03/2021 - 22:00","Mon, 03/29/2021 - 22:00",11,Xanthi,Greece,41.130357,24.877448,63083,6273,,,,,,,,,,None (raw wastewater),Waste water - Municipal,Influent wastewater,,Dissolved fraction,41.130357,wastewater
18583,EODY,Real Sample,Influent wastewater EODY274 collected from Xanthi at 03 May 2021,"Mon, 05/03/2021 - 22:00","Mon, 03/29/2021 - 22:00",10,Xanthi,Greece,41.130357,24.877448,63083,6273,,,,,,,,,,None (raw wastewater),Waste water - Municipal,Influent wastewater,,Dissolved fraction,41.130357,wastewater
18584,EODY,Real Sample,Influent wastewater EODY273 collected from Xanthi at 28 Apr 2021,"Wed, 04/28/2021 - 22:00","Wed, 03/24/2021 - 22:00",11,Xanthi,Greece,41.130357,24.877448,63083,6894,,,,,,,,,,None (raw wastewater),Waste water - Municipal,Influent wastewater,,Dissolved fraction,41.130357,wastewater
18585,EODY,Real Sample,Influent wastewater EODY273 collected from Xanthi at 28 Apr 2021,"Wed, 04/28/2021 - 22:00","Wed, 03/24/2021 - 22:00",10,Xanthi,Greece,41.130357,24.877448,63083,6894,,,,,,,,,,None (raw wastewater),Waste water - Municipal,Influent wastewater,,Dissolved fraction,41.130357,wastewater
18586,EODY,Real Sample,Influent wastewater EODY272 collected from Xanthi at 27 Apr 2021,"Tue, 04/27/2021 - 22:00","Tue, 03/23/2021 - 22:00",11,Xanthi,Greece,41.130357,24.877448,63083,6719,,,,,,,,,,None (raw wastewater),Waste water - Municipal,Influent wastewater,,Dissolved fraction,41.130357,wastewater
18587,EODY,Real Sample,Influent wastewater EODY272 collected from Xanthi at 27 Apr 2021,"Tue, 04/27/2021 - 22:00","Tue, 03/23/2021 - 22:00",10,Xanthi,Greece,41.130357,24.877448,63083,6719,,,,,,,,,,None (raw wastewater),Waste water - Municipal,Influent wastewater,,Dissolved fraction,41.130357,wastewater
18588,EODY,Real Sample,Influent wastewater EODY271 collected from Xanthi at 22 Apr 2021,"Thu, 04/22/2021 - 22:00","Thu, 03/18/2021 - 22:00",11,Xanthi,Greece,41.130357,24.877448,63083,6892,,,,,,,,,,None (raw wastewater),Waste water - Municipal,Influent wastewater,,Dissolved fraction,41.130357,wastewater
18589,EODY,Real Sample,Influent wastewater EODY271 collected from Xanthi at 22 Apr 2021,"Thu, 04/22/2021 - 22:00","Thu, 03/18/2021 - 22:00",10,Xanthi,Greece,41.130357,24.877448,63083,6892,,,,,,,,,,None (raw wastewater),Waste water - Municipal,Influent wastewater,,Dissolved fraction,41.130357,wastewater
18590,EODY,Real Sample,Influent wastewater EODY270 collected from Xanthi at 19 Apr 2021,"Mon, 04/19/2021 - 22:00","Mon, 03/15/2021 - 22:00",11,Xanthi,Greece,41.130357,24.877448,63083,8145,,,,,,,,,,None (raw wastewater),Waste water - Municipal,Influent wastewater,,Dissolved fraction,41.130357,wastewater
18591,EODY,Real Sample,Influent wastewater EODY270 collected from Xanthi at 19 Apr 2021,"Mon, 04/19/2021 - 22:00","Mon, 03/15/2021 - 22:00",10,Xanthi,Greece,41.130357,24.877448,63083,8145,,,,,,,,,,None (raw wastewater),Waste water - Municipal,Influent wastewater,,Dissolved fraction,41.130357,wastewater
18592,EODY,Real Sample,Influent wastewater EODY161 collected from Heraklion at 31 Mar 2021,"Wed, 03/31/2021 - 22:00","Wed, 02/24/2021 - 22:00",11,Heraklion,Greece,35.30922,25.111597,173993,30900,,,,,,,,,,None (raw wastewater),Waste water - Municipal,Influent wastewater,,Dissolved fraction,35.30922,wastewater
18593,EODY,Real Sample,Influent wastewater EODY161 collected from Heraklion at 31 Mar 2021,"Wed, 03/31/2021 - 22:00","Wed, 02/24/2021 - 22:00",10,Heraklion,Greece,35.30922,25.111597,173993,30900,,,,,,,,,,None (raw wastewater),Waste water - Municipal,Influent wastewater,,Dissolved fraction,35.30922,wastewater
18594,EODY,Real Sample,Influent wastewater EODY149 collected from Chania at 28 Mar 2021,"Sun, 03/28/2021 - 22:00","Sun, 02/21/2021 - 22:00",11,Chania,Greece,35.538051,24.051849,53910,18970,,,,,,,,,,None (raw wastewater),Waste water - Municipal,Influent wastewater,,Dissolved fraction,35.538051,wastewater
18595,EODY,Real Sample,Influent wastewater EODY149 collected from Chania at 28 Mar 2021,"Sun, 03/28/2021 - 22:00","Sun, 02/21/2021 - 22:00",10,Chania,Greece,35.538051,24.051849,53910,18970,,,,,,,,,,None (raw wastewater),Waste water - Municipal,Influent wastewater,,Dissolved fraction,35.538051,wastewater
18596,EODY,Real Sample,Influent wastewater EODY148 collected from Chania at 25 Mar 2021,"Thu, 03/25/2021 - 22:00","Thu, 02/18/2021 - 22:00",11,Chania,Greece,35.538051,24.051849,53910,26376,,,,,,,,,,None (raw wastewater),Waste water - Municipal,Influent wastewater,,Dissolved fraction,35.538051,wastewater
18597,EODY,Real Sample,Influent wastewater EODY148 collected from Chania at 25 Mar 2021,"Thu, 03/25/2021 - 22:00","Thu, 02/18/2021 - 22:00",10,Chania,Greece,35.538051,24.051849,53910,26376,,,,,,,,,,None (raw wastewater),Waste water - Municipal,Influent wastewater,,Dissolved fraction,35.538051,wastewater
18598,EODY,Real Sample,Influent wastewater EODY147 collected from Chania at 22 Mar 2021,"Mon, 03/22/2021 - 22:00","Mon, 02/15/2021 - 22:00",11,Chania,Greece,35.538051,24.051849,53910,20373,,,,,,,,,,None (raw wastewater),Waste water - Municipal,Influent wastewater,,Dissolved fraction,35.538051,wastewater
18599,EODY,Real Sample,Influent wastewater EODY147 collected from Chania at 22 Mar 2021,"Mon, 03/22/2021 - 22:00","Mon, 02/15/2021 - 22:00",10,Chania,Greece,35.538051,24.051849,53910,20373,,,,,,,,,,None (raw wastewater),Waste water - Municipal,Influent wastewater,,Dissolved fraction,35.538051,wastewater
18600,EODY,Real Sample,Influent wastewater EODY146 collected from Chania at 21 Mar 2021,"Sun, 03/21/2021 - 22:00","Sun, 02/14/2021 - 22:00",11,Chania,Greece,35.538051,24.051849,53910,17558,,,,,,,,,,None (raw wastewater),Waste water - Municipal,Influent wastewater,,Dissolved fraction,35.538051,wastewater
18601,EODY,Real Sample,Influent wastewater EODY146 collected from Chania at 21 Mar 2021,"Sun, 03/21/2021 - 22:00","Sun, 02/14/2021 - 22:00",10,Chania,Greece,35.538051,24.051849,53910,17558,,,,,,,,,,None (raw wastewater),Waste water - Municipal,Influent wastewater,,Dissolved fraction,35.538051,wastewater
18602,EODY,Real Sample,Influent wastewater EODY145 collected from Chania at 18 Mar 2021,"Thu, 03/18/2021 - 22:00","Thu, 02/11/2021 - 22:00",11,Chania,Greece,35.538051,24.051849,53910,18336,,,,,,,,,,None (raw wastewater),Waste water - Municipal,Influent wastewater,,Dissolved fraction,35.538051,wastewater
18603,EODY,Real Sample,Influent wastewater EODY145 collected from Chania at 18 Mar 2021,"Thu, 03/18/2021 - 22:00","Thu, 02/11/2021 - 22:00",10,Chania,Greece,35.538051,24.051849,53910,18336,,,,,,,,,,None (raw wastewater),Waste water - Municipal,Influent wastewater,,Dissolved fraction,35.538051,wastewater
18604,EODY,Real Sample,Influent wastewater EODY144 collected from Chania at 16 Mar 2021,"Tue, 03/16/2021 - 22:00","Tue, 02/09/2021 - 22:00",11,Chania,Greece,35.538051,24.051849,53910,18000,,,,,,,,,,None (raw wastewater),Waste water - Municipal,Influent wastewater,,Dissolved fraction,35.538051,wastewater
18605,EODY,Real Sample,Influent wastewater EODY144 collected from Chania at 16 Mar 2021,"Tue, 03/16/2021 - 22:00","Tue, 02/09/2021 - 22:00",10,Chania,Greece,35.538051,24.051849,53910,18000,,,,,,,,,,None (raw wastewater),Waste water - Municipal,Influent wastewater,,Dissolved fraction,35.538051,wastewater
18606,EODY,Real Sample,Influent wastewater EODY143 collected from Chania at 15 Mar 2021,"Sat, 07/17/2021 - 22:00","Sat, 06/12/2021 - 22:00",11,Chania,Greece,35.538051,24.051849,53910,17823,,,,,,,,,,None (raw wastewater),Waste water - Municipal,Influent wastewater,,Dissolved fraction,35.538051,wastewater
18607,EODY,Real Sample,Influent wastewater EODY143 collected from Chania at 15 Mar 2021,"Sat, 07/17/2021 - 22:00","Sat, 06/12/2021 - 22:00",10,Chania,Greece,35.538051,24.051849,53910,17823,,,,,,,,,,None (raw wastewater),Waste water - Municipal,Influent wastewater,,Dissolved fraction,35.538051,wastewater
18608,EODY,Real Sample,Influent wastewater EODY141 collected from Chania at 10 Mar 2021,"Sat, 07/17/2021 - 22:00","Sat, 06/12/2021 - 22:00",11,Chania,Greece,35.538051,24.051849,53910,18212,,,,,,,,,,None (raw wastewater),Waste water - Municipal,Influent wastewater,,Dissolved fraction,35.538051,wastewater
18609,EODY,Real Sample,Influent wastewater EODY141 collected from Chania at 10 Mar 2021,"Sat, 07/17/2021 - 22:00","Sat, 06/12/2021 - 22:00",10,Chania,Greece,35.538051,24.051849,53910,18212,,,,,,,,,,None (raw wastewater),Waste water - Municipal,Influent wastewater,,Dissolved fraction,35.538051,wastewater
18610,EODY,Real Sample,Influent wastewater EODY140 collected from Chania at 09 Mar 2021,"Tue, 03/09/2021 - 22:00","Tue, 02/02/2021 - 22:00",11,Chania,Greece,35.538051,24.051849,53910,18232,,,,,,,,,,None (raw wastewater),Waste water - Municipal,Influent wastewater,,Dissolved fraction,35.538051,wastewater
18611,EODY,Real Sample,Influent wastewater EODY140 collected from Chania at 09 Mar 2021,"Tue, 03/09/2021 - 22:00","Tue, 02/02/2021 - 22:00",10,Chania,Greece,35.538051,24.051849,53910,18232,,,,,,,,,,None (raw wastewater),Waste water - Municipal,Influent wastewater,,Dissolved fraction,35.538051,wastewater
18612,EODY,Real Sample,Influent wastewater EODY139 collected from Rethimno at 28-29 Mar 2021,"Sun, 03/28/2021 - 22:00","Sun, 02/21/2021 - 22:00",11,Rethimno,Greece,35.369045,24.443974,37460,12717,,,,,,,,,,None (raw wastewater),Waste water - Municipal,Influent wastewater,,Dissolved fraction,35.369045,wastewater
18613,EODY,Real Sample,Influent wastewater EODY139 collected from Rethimno at 28-29 Mar 2021,"Sun, 03/28/2021 - 22:00","Sun, 02/21/2021 - 22:00",10,Rethimno,Greece,35.369045,24.443974,37460,12717,,,,,,,,,,None (raw wastewater),Waste water - Municipal,Influent wastewater,,Dissolved fraction,35.369045,wastewater
18614,EODY,Real Sample,Influent wastewater EODY138 collected from Rethimno at 23-24 Mar 2021,"Tue, 03/23/2021 - 22:00","Tue, 02/16/2021 - 22:00",11,Rethimno,Greece,35.369045,24.443974,37462,19406,,,,,,,,,,None (raw wastewater),Waste water - Municipal,Influent wastewater,,Dissolved fraction,35.369045,wastewater
18615,EODY,Real Sample,Influent wastewater EODY138 collected from Rethimno at 23-24 Mar 2021,"Tue, 03/23/2021 - 22:00","Tue, 02/16/2021 - 22:00",10,Rethimno,Greece,35.369045,24.443974,37462,19406,,,,,,,,,,None (raw wastewater),Waste water - Municipal,Influent wastewater,,Dissolved fraction,35.369045,wastewater
18616,EODY,Real Sample,Influent wastewater EODY137 collected from Rethimno at 21-23 Mar 2021,"Mon, 03/22/2021 - 22:00","Mon, 02/15/2021 - 22:00",11,Rethimno,Greece,35.369045,24.443974,37462,12192,,,,,,,,,,None (raw wastewater),Waste water - Municipal,Influent wastewater,,Dissolved fraction,35.369045,wastewater
18617,EODY,Real Sample,Influent wastewater EODY137 collected from Rethimno at 21-23 Mar 2021,"Mon, 03/22/2021 - 22:00","Mon, 02/15/2021 - 22:00",10,Rethimno,Greece,35.369045,24.443974,37462,12192,,,,,,,,,,None (raw wastewater),Waste water - Municipal,Influent wastewater,,Dissolved fraction,35.369045,wastewater
18618,EODY,Real Sample,Influent wastewater EODY136 collected from Rethimno at 17-18 Mar 2021,"Wed, 03/17/2021 - 22:00","Wed, 02/10/2021 - 22:00",11,Rethimno,Greece,35.369045,24.443974,37462,12098,,,,,,,,,,None (raw wastewater),Waste water - Municipal,Influent wastewater,,Dissolved fraction,35.369045,wastewater
18619,EODY,Real Sample,Influent wastewater EODY136 collected from Rethimno at 17-18 Mar 2021,"Wed, 03/17/2021 - 22:00","Wed, 02/10/2021 - 22:00",10,Rethimno,Greece,35.369045,24.443974,37462,12098,,,,,,,,,,None (raw wastewater),Waste water - Municipal,Influent wastewater,,Dissolved fraction,35.369045,wastewater
18620,EODY,Real Sample,Influent wastewater EODY135 collected from Rethimno at 15-17 Mar 2021,"Tue, 03/16/2021 - 22:00","Tue, 02/09/2021 - 22:00",11,Rethimno,Greece,35.369045,24.443974,37462,26273,,,,,,,,,,None (raw wastewater),Waste water - Municipal,Influent wastewater,,Dissolved fraction,35.369045,wastewater
18621,EODY,Real Sample,Influent wastewater EODY135 collected from Rethimno at 15-17 Mar 2021,"Tue, 03/16/2021 - 22:00","Tue, 02/09/2021 - 22:00",10,Rethimno,Greece,35.369045,24.443974,37462,26273,,,,,,,,,,None (raw wastewater),Waste water - Municipal,Influent wastewater,,Dissolved fraction,35.369045,wastewater
18622,EODY,Real Sample,Influent wastewater EODY134 collected from Rethimno at 10-11 Mar 2021,"Thu, 03/11/2021 - 22:00","Thu, 02/04/2021 - 22:00",11,Rethimno,Greece,35.369045,24.443974,37462,12613,,,,,,,,,,None (raw wastewater),Waste water - Municipal,Influent wastewater,,Dissolved fraction,35.369045,wastewater
18623,EODY,Real Sample,Influent wastewater EODY134 collected from Rethimno at 10-11 Mar 2021,"Thu, 03/11/2021 - 22:00","Thu, 02/04/2021 - 22:00",10,Rethimno,Greece,35.369045,24.443974,37462,12613,,,,,,,,,,None (raw wastewater),Waste water - Municipal,Influent wastewater,,Dissolved fraction,35.369045,wastewater
18624,EODY,Real Sample,Influent wastewater EODY133 collected from Rethimno at 08-10 Mar 2021,"Tue, 03/09/2021 - 22:00","Tue, 02/02/2021 - 22:00",11,Rethimno,Greece,35.369045,24.443974,37462,24587,,,,,,,,,,None (raw wastewater),Waste water - Municipal,Influent wastewater,,Dissolved fraction,35.369045,wastewater
18625,EODY,Real Sample,Influent wastewater EODY133 collected from Rethimno at 08-10 Mar 2021,"Tue, 03/09/2021 - 22:00","Tue, 02/02/2021 - 22:00",10,Rethimno,Greece,35.369045,24.443974,37462,24587,,,,,,,,,,None (raw wastewater),Waste water - Municipal,Influent wastewater,,Dissolved fraction,35.369045,wastewater
18626,EODY,Real Sample,Influent wastewater EODY126 collected from Agios Nikolaos at 16 Mar 2021,"Tue, 03/16/2021 - 22:00","Tue, 02/09/2021 - 22:00",11,Agios Nikolaos,Greece,35.181964,25.704432,12638,2000,,,,,,,,,,None (raw wastewater),Waste water - Municipal,Influent wastewater,,Dissolved fraction,35.181964,wastewater
18627,EODY,Real Sample,Influent wastewater EODY126 collected from Agios Nikolaos at 16 Mar 2021,"Tue, 03/16/2021 - 22:00","Tue, 02/09/2021 - 22:00",10,Agios Nikolaos,Greece,35.181964,25.704432,12638,2000,,,,,,,,,,None (raw wastewater),Waste water - Municipal,Influent wastewater,,Dissolved fraction,35.181964,wastewater
18628,EODY,Real Sample,Influent wastewater EODY125 collected from Agios Nikolaos at 10 Mar 2021,"Wed, 03/10/2021 - 22:00","Wed, 02/03/2021 - 22:00",11,Agios Nikolaos,Greece,35.181964,25.704432,12638,2000,,,,,,,,,,None (raw wastewater),Waste water - Municipal,Influent wastewater,,Dissolved fraction,35.181964,wastewater
18629,EODY,Real Sample,Influent wastewater EODY125 collected from Agios Nikolaos at 10 Mar 2021,"Wed, 03/10/2021 - 22:00","Wed, 02/03/2021 - 22:00",10,Agios Nikolaos,Greece,35.181964,25.704432,12638,2000,,,,,,,,,,None (raw wastewater),Waste water - Municipal,Influent wastewater,,Dissolved fraction,35.181964,wastewater
18630,EODY,Real Sample,Influent wastewater EODY124 collected from Agios Nikolaos at 18 Mar 2021,"Thu, 03/18/2021 - 22:00","Thu, 02/11/2021 - 22:00",11,Agios Nikolaos,Greece,35.181964,25.704432,12638,2000,,,,,,,,,,None (raw wastewater),Waste water - Municipal,Influent wastewater,,Dissolved fraction,35.181964,wastewater
18631,EODY,Real Sample,Influent wastewater EODY124 collected from Agios Nikolaos at 18 Mar 2021,"Thu, 03/18/2021 - 22:00","Thu, 02/11/2021 - 22:00",10,Agios Nikolaos,Greece,35.181964,25.704432,12638,2000,,,,,,,,,,None (raw wastewater),Waste water - Municipal,Influent wastewater,,Dissolved fraction,35.181964,wastewater
18632,EODY,Real Sample,Influent wastewater EODY123 collected from Agios Nikolaos at 29 Mar 2021,"Mon, 03/29/2021 - 22:00","Mon, 02/22/2021 - 22:00",11,Agios Nikolaos,Greece,35.181964,25.704432,12638,2000,,,,,,,,,,None (raw wastewater),Waste water - Municipal,Influent wastewater,,Dissolved fraction,35.181964,wastewater
18633,EODY,Real Sample,Influent wastewater EODY123 collected from Agios Nikolaos at 29 Mar 2021,"Mon, 03/29/2021 - 22:00","Mon, 02/22/2021 - 22:00",10,Agios Nikolaos,Greece,35.181964,25.704432,12638,2000,,,,,,,,,,None (raw wastewater),Waste water - Municipal,Influent wastewater,,Dissolved fraction,35.181964,wastewater
18634,EODY,Real Sample,Influent wastewater EODY122 collected from Agios Nikolaos at 23 Mar 2021,"Tue, 03/23/2021 - 22:00","Tue, 02/16/2021 - 22:00",11,Agios Nikolaos,Greece,35.181964,25.704432,12638,2000,,,,,,,,,,None (raw wastewater),Waste water - Municipal,Influent wastewater,,Dissolved fraction,35.181964,wastewater
18635,EODY,Real Sample,Influent wastewater EODY122 collected from Agios Nikolaos at 23 Mar 2021,"Tue, 03/23/2021 - 22:00","Tue, 02/16/2021 - 22:00",10,Agios Nikolaos,Greece,35.181964,25.704432,12638,2000,,,,,,,,,,None (raw wastewater),Waste water - Municipal,Influent wastewater,,Dissolved fraction,35.181964,wastewater
18636,EODY,Real Sample,Influent wastewater EODY121 collected from Agios Nikolaos at 09 Mar 2021,"Tue, 03/09/2021 - 22:00","Tue, 02/02/2021 - 22:00",11,Agios Nikolaos,Greece,35.181964,25.704432,12638,2000,,,,,,,,,,None (raw wastewater),Waste water - Municipal,Influent wastewater,,Dissolved fraction,35.181964,wastewater
18637,EODY,Real Sample,Influent wastewater EODY121 collected from Agios Nikolaos at 09 Mar 2021,"Tue, 03/09/2021 - 22:00","Tue, 02/02/2021 - 22:00",10,Agios Nikolaos,Greece,35.181964,25.704432,12638,2000,,,,,,,,,,None (raw wastewater),Waste water - Municipal,Influent wastewater,,Dissolved fraction,35.181964,wastewater
18638,EODY,Real Sample,Influent wastewater EODY120 collected from Chania at 08 Mar 2021,"Mon, 03/08/2021 - 22:00","Mon, 02/01/2021 - 22:00",11,Chania,Greece,35.538051,24.051849,53910,18006,,,,,,,,,,None (raw wastewater),Waste water - Municipal,Influent wastewater,,Dissolved fraction,35.538051,wastewater
18639,EODY,Real Sample,Influent wastewater EODY120 collected from Chania at 08 Mar 2021,"Mon, 03/08/2021 - 22:00","Mon, 02/01/2021 - 22:00",10,Chania,Greece,35.538051,24.051849,53910,18006,,,,,,,,,,None (raw wastewater),Waste water - Municipal,Influent wastewater,,Dissolved fraction,35.538051,wastewater
18640,EODY,Real Sample,Influent wastewater EODY119 collected from Larissa at 16 Apr 2021,"Fri, 04/16/2021 - 22:00","Fri, 03/12/2021 - 22:00",11,Larissa,Greece,39.663824,22.439081,144651,31841,,,,,,,,,,None (raw wastewater),Waste water - Municipal,Influent wastewater,,Dissolved fraction,39.663824,wastewater
18641,EODY,Real Sample,Influent wastewater EODY119 collected from Larissa at 16 Apr 2021,"Fri, 04/16/2021 - 22:00","Fri, 03/12/2021 - 22:00",10,Larissa,Greece,39.663824,22.439081,144651,31841,,,,,,,,,,None (raw wastewater),Waste water - Municipal,Influent wastewater,,Dissolved fraction,39.663824,wastewater
18642,EODY,Real Sample,Influent wastewater EODY118 collected from Volos at 14 Apr 2021,"Wed, 04/14/2021 - 22:00","Wed, 03/10/2021 - 22:00",11,Volos,Greece,39.352576,22.920714,125248,39610,,,,,,,,,,None (raw wastewater),Waste water - Municipal,Influent wastewater,,Dissolved fraction,39.352576,wastewater
18643,EODY,Real Sample,Influent wastewater EODY118 collected from Volos at 14 Apr 2021,"Wed, 04/14/2021 - 22:00","Wed, 03/10/2021 - 22:00",10,Volos,Greece,39.352576,22.920714,125248,39610,,,,,,,,,,None (raw wastewater),Waste water - Municipal,Influent wastewater,,Dissolved fraction,39.352576,wastewater
18644,EODY,Real Sample,Influent wastewater EODY117 collected from Volos at 15 Apr 2021,"Thu, 04/15/2021 - 22:00","Thu, 03/11/2021 - 22:00",11,Volos,Greece,39.352576,22.920714,125248,41090,,,,,,,,,,None (raw wastewater),Waste water - Municipal,Influent wastewater,,Dissolved fraction,39.352576,wastewater
18645,EODY,Real Sample,Influent wastewater EODY117 collected from Volos at 15 Apr 2021,"Thu, 04/15/2021 - 22:00","Thu, 03/11/2021 - 22:00",10,Volos,Greece,39.352576,22.920714,125248,41090,,,,,,,,,,None (raw wastewater),Waste water - Municipal,Influent wastewater,,Dissolved fraction,39.352576,wastewater
18646,EODY,Real Sample,Influent wastewater EODY116 collected from Larissa at 14 Apr 2021,"Wed, 04/14/2021 - 22:00","Wed, 03/10/2021 - 22:00",11,Larissa,Greece,39.663824,22.439081,144651,31840,,,,,,,,,,None (raw wastewater),Waste water - Municipal,Influent wastewater,,Dissolved fraction,39.663824,wastewater
18647,EODY,Real Sample,Influent wastewater EODY116 collected from Larissa at 14 Apr 2021,"Wed, 04/14/2021 - 22:00","Wed, 03/10/2021 - 22:00",10,Larissa,Greece,39.663824,22.439081,144651,31840,,,,,,,,,,None (raw wastewater),Waste water - Municipal,Influent wastewater,,Dissolved fraction,39.663824,wastewater
18648,EODY,Real Sample,Influent wastewater EODY115 collected from Volos at 13 Apr 2021,"Tue, 04/13/2021 - 22:00","Tue, 03/09/2021 - 22:00",11,Volos,Greece,39.352576,22.920714,125248,38670,,,,,,,,,,None (raw wastewater),Waste water - Municipal,Influent wastewater,,Dissolved fraction,39.352576,wastewater
18649,EODY,Real Sample,Influent wastewater EODY115 collected from Volos at 13 Apr 2021,"Tue, 04/13/2021 - 22:00","Tue, 03/09/2021 - 22:00",10,Volos,Greece,39.352576,22.920714,125248,38670,,,,,,,,,,None (raw wastewater),Waste water - Municipal,Influent wastewater,,Dissolved fraction,39.352576,wastewater
18650,EODY,Real Sample,Influent wastewater EODY113 collected from Larissa at 09 Apr 2021,"Fri, 04/09/2021 - 22:00","Fri, 03/05/2021 - 22:00",11,Larissa,Greece,39.663824,22.439081,144651,31889,,,,,,,,,,None (raw wastewater),Waste water - Municipal,Influent wastewater,,Dissolved fraction,39.663824,wastewater
18651,EODY,Real Sample,Influent wastewater EODY113 collected from Larissa at 09 Apr 2021,"Fri, 04/09/2021 - 22:00","Fri, 03/05/2021 - 22:00",10,Larissa,Greece,39.663824,22.439081,144651,31889,,,,,,,,,,None (raw wastewater),Waste water - Municipal,Influent wastewater,,Dissolved fraction,39.663824,wastewater
18652,EODY,Real Sample,Influent wastewater EODY112 collected from Volos at 08 Apr 2021,"Thu, 04/08/2021 - 22:00","Thu, 03/04/2021 - 22:00",11,Volos,Greece,39.352576,22.920714,125248,38670,,,,,,,,,,None (raw wastewater),Waste water - Municipal,Influent wastewater,,Dissolved fraction,39.352576,wastewater
18653,EODY,Real Sample,Influent wastewater EODY112 collected from Volos at 08 Apr 2021,"Thu, 04/08/2021 - 22:00","Thu, 03/04/2021 - 22:00",10,Volos,Greece,39.352576,22.920714,125248,38670,,,,,,,,,,None (raw wastewater),Waste water - Municipal,Influent wastewater,,Dissolved fraction,39.352576,wastewater
18654,EODY,Real Sample,Influent wastewater EODY111 collected from Volos at 07 Apr 2021,"Wed, 04/07/2021 - 22:00","Wed, 03/03/2021 - 22:00",11,Volos,Greece,39.352576,22.920714,125248,41300,,,,,,,,,,None (raw wastewater),Waste water - Municipal,Influent wastewater,,Dissolved fraction,39.352576,wastewater
18655,EODY,Real Sample,Influent wastewater EODY111 collected from Volos at 07 Apr 2021,"Wed, 04/07/2021 - 22:00","Wed, 03/03/2021 - 22:00",10,Volos,Greece,39.352576,22.920714,125248,41300,,,,,,,,,,None (raw wastewater),Waste water - Municipal,Influent wastewater,,Dissolved fraction,39.352576,wastewater
18656,EODY,Real Sample,Influent wastewater EODY109 collected from Volos at 06 Apr 2021,"Tue, 04/06/2021 - 22:00","Tue, 03/02/2021 - 22:00",11,Volos,Greece,39.352576,22.920714,125248,41470,,,,,,,,,,None (raw wastewater),Waste water - Municipal,Influent wastewater,,Dissolved fraction,39.352576,wastewater
18657,EODY,Real Sample,Influent wastewater EODY109 collected from Volos at 06 Apr 2021,"Tue, 04/06/2021 - 22:00","Tue, 03/02/2021 - 22:00",10,Volos,Greece,39.352576,22.920714,125248,41470,,,,,,,,,,None (raw wastewater),Waste water - Municipal,Influent wastewater,,Dissolved fraction,39.352576,wastewater
18658,EODY,Real Sample,Influent wastewater EODY106 collected from Volos at 01 Apr 2021,"Thu, 04/01/2021 - 22:00","Thu, 02/25/2021 - 22:00",11,Volos,Greece,39.352576,22.920714,125248,37540,,,,,,,,,,None (raw wastewater),Waste water - Municipal,Influent wastewater,,Dissolved fraction,39.352576,wastewater
18659,EODY,Real Sample,Influent wastewater EODY106 collected from Volos at 01 Apr 2021,"Thu, 04/01/2021 - 22:00","Thu, 02/25/2021 - 22:00",10,Volos,Greece,39.352576,22.920714,125248,37540,,,,,,,,,,None (raw wastewater),Waste water - Municipal,Influent wastewater,,Dissolved fraction,39.352576,wastewater
18660,EODY,Real Sample,Influent wastewater EODY105 collected from Volos at 31 Mar 2021,"Wed, 03/31/2021 - 22:00","Wed, 02/24/2021 - 22:00",11,Volos,Greece,39.352576,22.920714,125248,37440,,,,,,,,,,None (raw wastewater),Waste water - Municipal,Influent wastewater,,Dissolved fraction,39.352576,wastewater
18661,EODY,Real Sample,Influent wastewater EODY105 collected from Volos at 31 Mar 2021,"Wed, 03/31/2021 - 22:00","Wed, 02/24/2021 - 22:00",10,Volos,Greece,39.352576,22.920714,125248,37440,,,,,,,,,,None (raw wastewater),Waste water - Municipal,Influent wastewater,,Dissolved fraction,39.352576,wastewater
18662,EODY,Real Sample,Influent wastewater EODY103 collected from Volos at 30 Mar 2021,"Tue, 03/30/2021 - 22:00","Tue, 02/23/2021 - 22:00",11,Volos,Greece,39.352576,22.920714,125248,38415,,,,,,,,,,None (raw wastewater),Waste water - Municipal,Influent wastewater,,Dissolved fraction,39.352576,wastewater
18663,EODY,Real Sample,Influent wastewater EODY103 collected from Volos at 30 Mar 2021,"Tue, 03/30/2021 - 22:00","Tue, 02/23/2021 - 22:00",10,Volos,Greece,39.352576,22.920714,125248,38415,,,,,,,,,,None (raw wastewater),Waste water - Municipal,Influent wastewater,,Dissolved fraction,39.352576,wastewater
18664,EODY,Real Sample,Influent wastewater EODY101 collected from Volos at 24 Mar 2021,"Wed, 03/24/2021 - 22:00","Wed, 02/17/2021 - 22:00",11,Volos,Greece,39.352576,22.920714,125248,44520,,,,,,,,,,None (raw wastewater),Waste water - Municipal,Influent wastewater,,Dissolved fraction,39.352576,wastewater
18665,EODY,Real Sample,Influent wastewater EODY101 collected from Volos at 24 Mar 2021,"Wed, 03/24/2021 - 22:00","Wed, 02/17/2021 - 22:00",10,Volos,Greece,39.352576,22.920714,125248,44520,,,,,,,,,,None (raw wastewater),Waste water - Municipal,Influent wastewater,,Dissolved fraction,39.352576,wastewater
18666,EODY,Real Sample,Influent wastewater EODY099 collected from Volos at 23 Mar 2021,"Tue, 03/23/2021 - 22:00","Tue, 02/16/2021 - 22:00",11,Volos,Greece,39.352576,22.920714,125248,44670,,,,,,,,,,None (raw wastewater),Waste water - Municipal,Influent wastewater,,Dissolved fraction,39.352576,wastewater
18667,EODY,Real Sample,Influent wastewater EODY099 collected from Volos at 23 Mar 2021,"Tue, 03/23/2021 - 22:00","Tue, 02/16/2021 - 22:00",10,Volos,Greece,39.352576,22.920714,125248,44670,,,,,,,,,,None (raw wastewater),Waste water - Municipal,Influent wastewater,,Dissolved fraction,39.352576,wastewater
18668,EODY,Real Sample,Influent wastewater EODY096 collected from Volos at 17 Mar 2021,"Wed, 03/17/2021 - 22:00","Wed, 02/10/2021 - 22:00",11,Volos,Greece,39.352576,22.920714,125248,39050,,,,,,,,,,None (raw wastewater),Waste water - Municipal,Influent wastewater,,Dissolved fraction,39.352576,wastewater
18669,EODY,Real Sample,Influent wastewater EODY096 collected from Volos at 17 Mar 2021,"Wed, 03/17/2021 - 22:00","Wed, 02/10/2021 - 22:00",10,Volos,Greece,39.352576,22.920714,125248,39050,,,,,,,,,,None (raw wastewater),Waste water - Municipal,Influent wastewater,,Dissolved fraction,39.352576,wastewater
18670,EODY,Real Sample,Influent wastewater EODY095 collected from Volos at 18 Mar 2021,"Thu, 03/18/2021 - 22:00","Thu, 02/11/2021 - 22:00",11,Volos,Greece,39.352576,22.920714,125248,39380,,,,,,,,,,None (raw wastewater),Waste water - Municipal,Influent wastewater,,Dissolved fraction,39.352576,wastewater
18671,EODY,Real Sample,Influent wastewater EODY095 collected from Volos at 18 Mar 2021,"Thu, 03/18/2021 - 22:00","Thu, 02/11/2021 - 22:00",10,Volos,Greece,39.352576,22.920714,125248,39380,,,,,,,,,,None (raw wastewater),Waste water - Municipal,Influent wastewater,,Dissolved fraction,39.352576,wastewater
18672,EODY,Real Sample,Influent wastewater EODY092 collected from Volos at 16 Mar 2021,"Tue, 03/16/2021 - 22:00","Tue, 02/09/2021 - 22:00",11,Volos,Greece,39.352576,22.920714,125248,40100,,,,,,,,,,None (raw wastewater),Waste water - Municipal,Influent wastewater,,Dissolved fraction,39.352576,wastewater
18673,EODY,Real Sample,Influent wastewater EODY092 collected from Volos at 16 Mar 2021,"Tue, 03/16/2021 - 22:00","Tue, 02/09/2021 - 22:00",10,Volos,Greece,39.352576,22.920714,125248,40100,,,,,,,,,,None (raw wastewater),Waste water - Municipal,Influent wastewater,,Dissolved fraction,39.352576,wastewater
18674,EODY,Real Sample,Influent wastewater EODY091 collected from Patras at 29 Mar 2021,"Mon, 03/29/2021 - 22:00","Mon, 02/22/2021 - 22:00",11,Patras,Greece,38.205176,21.712969,222460,10000,,,,,,,,,,None (raw wastewater),Waste water - Municipal,Influent wastewater,,Dissolved fraction,38.205176,wastewater
18675,EODY,Real Sample,Influent wastewater EODY091 collected from Patras at 29 Mar 2021,"Mon, 03/29/2021 - 22:00","Mon, 02/22/2021 - 22:00",10,Patras,Greece,38.205176,21.712969,222460,10000,,,,,,,,,,None (raw wastewater),Waste water - Municipal,Influent wastewater,,Dissolved fraction,38.205176,wastewater
18676,EODY,Real Sample,Influent wastewater EODY090 collected from Patras at 26 Mar 2021,"Fri, 03/26/2021 - 22:00","Fri, 02/19/2021 - 22:00",11,Patras,Greece,38.205176,21.712969,222460,10000,,,,,,,,,,None (raw wastewater),Waste water - Municipal,Influent wastewater,,Dissolved fraction,38.205176,wastewater
18677,EODY,Real Sample,Influent wastewater EODY090 collected from Patras at 26 Mar 2021,"Fri, 03/26/2021 - 22:00","Fri, 02/19/2021 - 22:00",10,Patras,Greece,38.205176,21.712969,222460,10000,,,,,,,,,,None (raw wastewater),Waste water - Municipal,Influent wastewater,,Dissolved fraction,38.205176,wastewater
18678,EODY,Real Sample,Influent wastewater EODY089 collected from Patras at 24 Mar 2021,"Wed, 03/24/2021 - 22:00","Wed, 02/17/2021 - 22:00",11,Patras,Greece,38.205176,21.712969,222460,10000,,,,,,,,,,None (raw wastewater),Waste water - Municipal,Influent wastewater,,Dissolved fraction,38.205176,wastewater
18679,EODY,Real Sample,Influent wastewater EODY089 collected from Patras at 24 Mar 2021,"Wed, 03/24/2021 - 22:00","Wed, 02/17/2021 - 22:00",10,Patras,Greece,38.205176,21.712969,222460,10000,,,,,,,,,,None (raw wastewater),Waste water - Municipal,Influent wastewater,,Dissolved fraction,38.205176,wastewater
18680,EODY,Real Sample,Influent wastewater EODY088 collected from Patras at 18 Mar 2021,"Thu, 03/18/2021 - 22:00","Thu, 02/11/2021 - 22:00",11,Patras,Greece,38.205176,21.712969,222460,10000,,,,,,,,,,None (raw wastewater),Waste water - Municipal,Influent wastewater,,Dissolved fraction,38.205176,wastewater
18681,EODY,Real Sample,Influent wastewater EODY088 collected from Patras at 18 Mar 2021,"Thu, 03/18/2021 - 22:00","Thu, 02/11/2021 - 22:00",10,Patras,Greece,38.205176,21.712969,222460,10000,,,,,,,,,,None (raw wastewater),Waste water - Municipal,Influent wastewater,,Dissolved fraction,38.205176,wastewater
18682,EODY,Real Sample,Influent wastewater EODY087 collected from Patras at 17 Mar 2021,"Wed, 03/17/2021 - 22:00","Wed, 02/10/2021 - 22:00",11,Patras,Greece,38.205176,21.712969,222460,10000,,,,,,,,,,None (raw wastewater),Waste water - Municipal,Influent wastewater,,Dissolved fraction,38.205176,wastewater
18683,EODY,Real Sample,Influent wastewater EODY087 collected from Patras at 17 Mar 2021,"Wed, 03/17/2021 - 22:00","Wed, 02/10/2021 - 22:00",10,Patras,Greece,38.205176,21.712969,222460,10000,,,,,,,,,,None (raw wastewater),Waste water - Municipal,Influent wastewater,,Dissolved fraction,38.205176,wastewater
18684,EODY,Real Sample,Influent wastewater EODY086 collected from Patras at 16 Mar 2021,"Tue, 03/16/2021 - 22:00","Tue, 02/09/2021 - 22:00",11,Patras,Greece,38.205176,21.712969,222460,10000,,,,,,,,,,None (raw wastewater),Waste water - Municipal,Influent wastewater,,Dissolved fraction,38.205176,wastewater
18685,EODY,Real Sample,Influent wastewater EODY086 collected from Patras at 16 Mar 2021,"Tue, 03/16/2021 - 22:00","Tue, 02/09/2021 - 22:00",10,Patras,Greece,38.205176,21.712969,222460,10000,,,,,,,,,,None (raw wastewater),Waste water - Municipal,Influent wastewater,,Dissolved fraction,38.205176,wastewater
18686,EODY,Real Sample,Influent wastewater EODY085 collected from Patras at 11 Mar 2021,"Thu, 03/11/2021 - 22:00","Thu, 02/04/2021 - 22:00",11,Patras,Greece,38.205176,21.712969,222460,10000,,,,,,,,,,None (raw wastewater),Waste water - Municipal,Influent wastewater,,Dissolved fraction,38.205176,wastewater
18687,EODY,Real Sample,Influent wastewater EODY085 collected from Patras at 11 Mar 2021,"Thu, 03/11/2021 - 22:00","Thu, 02/04/2021 - 22:00",10,Patras,Greece,38.205176,21.712969,222460,10000,,,,,,,,,,None (raw wastewater),Waste water - Municipal,Influent wastewater,,Dissolved fraction,38.205176,wastewater
18688,EODY,Real Sample,Influent wastewater EODY084 collected from Patras at 10 Mar 2021,"Wed, 03/10/2021 - 22:00","Wed, 02/03/2021 - 22:00",11,Patras,Greece,38.205176,21.712969,222460,10000,,,,,,,,,,None (raw wastewater),Waste water - Municipal,Influent wastewater,,Dissolved fraction,38.205176,wastewater
18689,EODY,Real Sample,Influent wastewater EODY084 collected from Patras at 10 Mar 2021,"Wed, 03/10/2021 - 22:00","Wed, 02/03/2021 - 22:00",10,Patras,Greece,38.205176,21.712969,222460,10000,,,,,,,,,,None (raw wastewater),Waste water - Municipal,Influent wastewater,,Dissolved fraction,38.205176,wastewater
18690,EODY,Real Sample,Influent wastewater EODY083 collected from Patras at 08 Mar 2021,"Mon, 03/08/2021 - 22:00","Mon, 02/01/2021 - 22:00",11,Patras,Greece,38.205176,21.712969,222460,10000,,,,,,,,,,None (raw wastewater),Waste water - Municipal,Influent wastewater,,Dissolved fraction,38.205176,wastewater
18691,EODY,Real Sample,Influent wastewater EODY083 collected from Patras at 08 Mar 2021,"Mon, 03/08/2021 - 22:00","Mon, 02/01/2021 - 22:00",10,Patras,Greece,38.205176,21.712969,222460,10000,,,,,,,,,,None (raw wastewater),Waste water - Municipal,Influent wastewater,,Dissolved fraction,38.205176,wastewater
18692,EODY,Real Sample,Influent wastewater EODY082 collected from Patras at 04 Mar 2021,"Thu, 03/04/2021 - 22:00","Thu, 01/28/2021 - 22:00",11,Patras,Greece,38.205176,21.712969,222460,10000,,,,,,,,,,None (raw wastewater),Waste water - Municipal,Influent wastewater,,Dissolved fraction,38.205176,wastewater
18693,EODY,Real Sample,Influent wastewater EODY082 collected from Patras at 04 Mar 2021,"Thu, 03/04/2021 - 22:00","Thu, 01/28/2021 - 22:00",10,Patras,Greece,38.205176,21.712969,222460,10000,,,,,,,,,,None (raw wastewater),Waste water - Municipal,Influent wastewater,,Dissolved fraction,38.205176,wastewater
18694,EODY,Real Sample,Influent wastewater EODY081 collected from Patras at 03 Mar 2021,"Wed, 03/03/2021 - 22:00","Wed, 01/27/2021 - 22:00",11,Patras,Greece,38.205176,21.712969,222460,10000,,,,,,,,,,None (raw wastewater),Waste water - Municipal,Influent wastewater,,Dissolved fraction,38.205176,wastewater
18695,EODY,Real Sample,Influent wastewater EODY081 collected from Patras at 03 Mar 2021,"Wed, 03/03/2021 - 22:00","Wed, 01/27/2021 - 22:00",10,Patras,Greece,38.205176,21.712969,222460,10000,,,,,,,,,,None (raw wastewater),Waste water - Municipal,Influent wastewater,,Dissolved fraction,38.205176,wastewater
18696,EODY,Real Sample,Influent wastewater EODY080 collected from Patras at 01 Mar 2021,"Mon, 03/01/2021 - 22:00","Mon, 01/25/2021 - 22:00",11,Patras,Greece,38.205176,21.712969,222460,10000,,,,,,,,,,None (raw wastewater),Waste water - Municipal,Influent wastewater,,Dissolved fraction,38.205176,wastewater
18697,EODY,Real Sample,Influent wastewater EODY080 collected from Patras at 01 Mar 2021,"Mon, 03/01/2021 - 22:00","Mon, 01/25/2021 - 22:00",10,Patras,Greece,38.205176,21.712969,222460,10000,,,,,,,,,,None (raw wastewater),Waste water - Municipal,Influent wastewater,,Dissolved fraction,38.205176,wastewater
18698,EODY,Real Sample,Influent wastewater EODY079 collected from Patras at 26 Feb 2021,"Fri, 02/26/2021 - 22:00","Fri, 01/22/2021 - 22:00",11,Patras,Greece,38.205176,21.712969,222460,10000,,,,,,,,,,None (raw wastewater),Waste water - Municipal,Influent wastewater,,Dissolved fraction,38.205176,wastewater
18699,EODY,Real Sample,Influent wastewater EODY079 collected from Patras at 26 Feb 2021,"Fri, 02/26/2021 - 22:00","Fri, 01/22/2021 - 22:00",10,Patras,Greece,38.205176,21.712969,222460,10000,,,,,,,,,,None (raw wastewater),Waste water - Municipal,Influent wastewater,,Dissolved fraction,38.205176,wastewater
18700,EODY,Real Sample,Influent wastewater EODY078 collected from Patras at 25 Feb 2021,"Thu, 02/25/2021 - 22:00","Thu, 01/21/2021 - 22:00",11,Patras,Greece,38.205176,21.712969,222460,10000,,,,,,,,,,None (raw wastewater),Waste water - Municipal,Influent wastewater,,Dissolved fraction,38.205176,wastewater
18701,EODY,Real Sample,Influent wastewater EODY078 collected from Patras at 25 Feb 2021,"Thu, 02/25/2021 - 22:00","Thu, 01/21/2021 - 22:00",10,Patras,Greece,38.205176,21.712969,222460,10000,,,,,,,,,,None (raw wastewater),Waste water - Municipal,Influent wastewater,,Dissolved fraction,38.205176,wastewater
18702,EODY,Real Sample,Influent wastewater EODY077 collected from Patras at 22 Feb 2021,"Mon, 02/22/2021 - 22:00","Mon, 01/18/2021 - 22:00",11,Patras,Greece,38.205176,21.712969,222460,10000,,,,,,,,,,None (raw wastewater),Waste water - Municipal,Influent wastewater,,Dissolved fraction,38.205176,wastewater
18703,EODY,Real Sample,Influent wastewater EODY077 collected from Patras at 22 Feb 2021,"Mon, 02/22/2021 - 22:00","Mon, 01/18/2021 - 22:00",10,Patras,Greece,38.205176,21.712969,222460,10000,,,,,,,,,,None (raw wastewater),Waste water - Municipal,Influent wastewater,,Dissolved fraction,38.205176,wastewater
18704,EODY,Real Sample,Influent wastewater EODY075 collected from Volos at 11 Mar 2021,"Thu, 03/11/2021 - 22:00","Thu, 02/04/2021 - 22:00",11,Volos,Greece,39.352576,22.920714,125248,39460,,,,,,,,,,None (raw wastewater),Waste water - Municipal,Influent wastewater,,Dissolved fraction,39.352576,wastewater
18705,EODY,Real Sample,Influent wastewater EODY075 collected from Volos at 11 Mar 2021,"Thu, 03/11/2021 - 22:00","Thu, 02/04/2021 - 22:00",10,Volos,Greece,39.352576,22.920714,125248,39460,,,,,,,,,,None (raw wastewater),Waste water - Municipal,Influent wastewater,,Dissolved fraction,39.352576,wastewater
18706,EODY,Real Sample,Influent wastewater EODY074 collected from Volos at 10 Mar 2021,"Wed, 03/10/2021 - 22:00","Wed, 02/03/2021 - 22:00",11,Volos,Greece,39.352576,22.920714,125248,39000,,,,,,,,,,None (raw wastewater),Waste water - Municipal,Influent wastewater,,Dissolved fraction,39.352576,wastewater
18707,EODY,Real Sample,Influent wastewater EODY074 collected from Volos at 10 Mar 2021,"Wed, 03/10/2021 - 22:00","Wed, 02/03/2021 - 22:00",10,Volos,Greece,39.352576,22.920714,125248,39000,,,,,,,,,,None (raw wastewater),Waste water - Municipal,Influent wastewater,,Dissolved fraction,39.352576,wastewater
18708,EODY,Real Sample,Influent wastewater EODY072 collected from Volos at 09 Mar 2021,"Tue, 03/09/2021 - 22:00","Tue, 02/02/2021 - 22:00",11,Volos,Greece,39.352576,22.920714,125248,39670,,,,,,,,,,None (raw wastewater),Waste water - Municipal,Influent wastewater,,Dissolved fraction,39.352576,wastewater
18709,EODY,Real Sample,Influent wastewater EODY072 collected from Volos at 09 Mar 2021,"Tue, 03/09/2021 - 22:00","Tue, 02/02/2021 - 22:00",10,Volos,Greece,39.352576,22.920714,125248,39670,,,,,,,,,,None (raw wastewater),Waste water - Municipal,Influent wastewater,,Dissolved fraction,39.352576,wastewater
18710,EODY,Real Sample,Influent wastewater EODY070 collected from Volos at 04 Mar 2021,"Thu, 03/04/2021 - 22:00","Thu, 01/28/2021 - 22:00",11,Volos,Greece,39.352576,22.920714,125248,39640,,,,,,,,,,None (raw wastewater),Waste water - Municipal,Influent wastewater,,Dissolved fraction,39.352576,wastewater
18711,EODY,Real Sample,Influent wastewater EODY070 collected from Volos at 04 Mar 2021,"Thu, 03/04/2021 - 22:00","Thu, 01/28/2021 - 22:00",10,Volos,Greece,39.352576,22.920714,125248,39640,,,,,,,,,,None (raw wastewater),Waste water - Municipal,Influent wastewater,,Dissolved fraction,39.352576,wastewater
18712,EODY,Real Sample,Influent wastewater EODY069 collected from Volos at 02 Mar 2021,"Tue, 03/02/2021 - 22:00","Tue, 01/26/2021 - 22:00",11,Volos,Greece,39.352576,22.920714,125248,41180,,,,,,,,,,None (raw wastewater),Waste water - Municipal,Influent wastewater,,Dissolved fraction,39.352576,wastewater
18713,EODY,Real Sample,Influent wastewater EODY069 collected from Volos at 02 Mar 2021,"Tue, 03/02/2021 - 22:00","Tue, 01/26/2021 - 22:00",10,Volos,Greece,39.352576,22.920714,125248,41180,,,,,,,,,,None (raw wastewater),Waste water - Municipal,Influent wastewater,,Dissolved fraction,39.352576,wastewater
18714,EODY,Real Sample,Influent wastewater EODY068 collected from Volos at 03 Mar 2021,"Wed, 03/03/2021 - 22:00","Wed, 01/27/2021 - 22:00",11,Volos,Greece,39.352576,22.920714,125248,41100,,,,,,,,,,None (raw wastewater),Waste water - Municipal,Influent wastewater,,Dissolved fraction,39.352576,wastewater
18715,EODY,Real Sample,Influent wastewater EODY068 collected from Volos at 03 Mar 2021,"Wed, 03/03/2021 - 22:00","Wed, 01/27/2021 - 22:00",10,Volos,Greece,39.352576,22.920714,125248,41100,,,,,,,,,,None (raw wastewater),Waste water - Municipal,Influent wastewater,,Dissolved fraction,39.352576,wastewater
18716,EODY,Real Sample,Influent wastewater EODY065 collected from Volos at 25 Feb 2021,"Thu, 02/25/2021 - 22:00","Thu, 01/21/2021 - 22:00",11,Volos,Greece,39.352576,22.920714,125248,42000,,,,,,,,,,None (raw wastewater),Waste water - Municipal,Influent wastewater,,Dissolved fraction,39.352576,wastewater
18717,EODY,Real Sample,Influent wastewater EODY065 collected from Volos at 25 Feb 2021,"Thu, 02/25/2021 - 22:00","Thu, 01/21/2021 - 22:00",10,Volos,Greece,39.352576,22.920714,125248,42000,,,,,,,,,,None (raw wastewater),Waste water - Municipal,Influent wastewater,,Dissolved fraction,39.352576,wastewater
18718,EODY,Real Sample,Influent wastewater EODY064 collected from Volos at 24 Feb 2021,"Wed, 02/24/2021 - 22:00","Wed, 01/20/2021 - 22:00",11,Volos,Greece,39.352576,22.920714,125248,40495,,,,,,,,,,None (raw wastewater),Waste water - Municipal,Influent wastewater,,Dissolved fraction,39.352576,wastewater
18719,EODY,Real Sample,Influent wastewater EODY064 collected from Volos at 24 Feb 2021,"Wed, 02/24/2021 - 22:00","Wed, 01/20/2021 - 22:00",10,Volos,Greece,39.352576,22.920714,125248,40495,,,,,,,,,,None (raw wastewater),Waste water - Municipal,Influent wastewater,,Dissolved fraction,39.352576,wastewater
18720,EODY,Real Sample,Influent wastewater EODY062 collected from Volos at 23 Feb 2021,"Tue, 02/23/2021 - 22:00","Tue, 01/19/2021 - 22:00",11,Volos,Greece,39.352576,22.920714,125248,42520,,,,,,,,,,None (raw wastewater),Waste water - Municipal,Influent wastewater,,Dissolved fraction,39.352576,wastewater
18721,EODY,Real Sample,Influent wastewater EODY062 collected from Volos at 23 Feb 2021,"Tue, 02/23/2021 - 22:00","Tue, 01/19/2021 - 22:00",10,Volos,Greece,39.352576,22.920714,125248,42520,,,,,,,,,,None (raw wastewater),Waste water - Municipal,Influent wastewater,,Dissolved fraction,39.352576,wastewater
18722,EODY,Real Sample,Influent wastewater EODY035 collected from Rethimno at 05 Mar 2021,"Fri, 03/05/2021 - 22:00","Fri, 01/29/2021 - 22:00",11,Rethimno,Greece,35.369045,24.443974,30000,12159,,,,,,,,,,None (raw wastewater),Waste water - Municipal,Influent wastewater,,Dissolved fraction,35.369045,wastewater
18723,EODY,Real Sample,Influent wastewater EODY035 collected from Rethimno at 05 Mar 2021,"Fri, 03/05/2021 - 22:00","Fri, 01/29/2021 - 22:00",10,Rethimno,Greece,35.369045,24.443974,30000,12159,,,,,,,,,,None (raw wastewater),Waste water - Municipal,Influent wastewater,,Dissolved fraction,35.369045,wastewater
18724,EODY,Real Sample,Influent wastewater EODY034 collected from Agios Nikolaos at 04 Mar 2021,"Thu, 03/04/2021 - 22:00","Thu, 01/28/2021 - 22:00",11,Agios Nikolaos,Greece,35.181964,25.704432,12638,2000,,,,,,,,,,None (raw wastewater),Waste water - Municipal,Influent wastewater,,Dissolved fraction,35.181964,wastewater
18725,EODY,Real Sample,Influent wastewater EODY034 collected from Agios Nikolaos at 04 Mar 2021,"Thu, 03/04/2021 - 22:00","Thu, 01/28/2021 - 22:00",10,Agios Nikolaos,Greece,35.181964,25.704432,12638,2000,,,,,,,,,,None (raw wastewater),Waste water - Municipal,Influent wastewater,,Dissolved fraction,35.181964,wastewater
18726,EODY,Real Sample,Influent wastewater EODY033 collected from Chania at 04 Mar 2021,"Thu, 03/04/2021 - 22:00","Thu, 01/28/2021 - 22:00",11,Chania,Greece,35.538051,24.051849,53910,19394,,,,,,,,,,None (raw wastewater),Waste water - Municipal,Influent wastewater,,Dissolved fraction,35.538051,wastewater
18727,EODY,Real Sample,Influent wastewater EODY033 collected from Chania at 04 Mar 2021,"Thu, 03/04/2021 - 22:00","Thu, 01/28/2021 - 22:00",10,Chania,Greece,35.538051,24.051849,53910,19394,,,,,,,,,,None (raw wastewater),Waste water - Municipal,Influent wastewater,,Dissolved fraction,35.538051,wastewater
18742,EODY,Real Sample,Influent wastewater EODY030 collected from Rethimno at 02 Mar 2021,"Tue, 03/02/2021 - 22:00","Tue, 01/26/2021 - 22:00",11,Rethimno,Greece,35.369045,24.443974,30000,12255,,,,,,,,,,None (raw wastewater),Waste water - Municipal,Influent wastewater,,Dissolved fraction,35.369045,wastewater
18743,EODY,Real Sample,Influent wastewater EODY030 collected from Rethimno at 02 Mar 2021,"Tue, 03/02/2021 - 22:00","Tue, 01/26/2021 - 22:00",10,Rethimno,Greece,35.369045,24.443974,30000,12255,,,,,,,,,,None (raw wastewater),Waste water - Municipal,Influent wastewater,,Dissolved fraction,35.369045,wastewater
18744,EODY,Real Sample,Influent wastewater EODY029 collected from Chania at 02 Mar 2021,"Tue, 03/02/2021 - 22:00","Tue, 01/26/2021 - 22:00",11,Chania,Greece,35.538051,24.051849,53910,19184,,,,,,,,,,None (raw wastewater),Waste water - Municipal,Influent wastewater,,Dissolved fraction,35.538051,wastewater
18745,EODY,Real Sample,Influent wastewater EODY029 collected from Chania at 02 Mar 2021,"Tue, 03/02/2021 - 22:00","Tue, 01/26/2021 - 22:00",10,Chania,Greece,35.538051,24.051849,53910,19184,,,,,,,,,,None (raw wastewater),Waste water - Municipal,Influent wastewater,,Dissolved fraction,35.538051,wastewater
18746,EODY,Real Sample,Influent wastewater EODY026 collected from Rethimno at 25 Feb 2021,"Thu, 02/25/2021 - 22:00","Thu, 01/21/2021 - 22:00",11,Rethimno,Greece,35.369045,24.443974,30000,13127,,,,,,,,,,None (raw wastewater),Waste water - Municipal,Influent wastewater,,Dissolved fraction,35.369045,wastewater
18747,EODY,Real Sample,Influent wastewater EODY026 collected from Rethimno at 25 Feb 2021,"Thu, 02/25/2021 - 22:00","Thu, 01/21/2021 - 22:00",10,Rethimno,Greece,35.369045,24.443974,30000,13127,,,,,,,,,,None (raw wastewater),Waste water - Municipal,Influent wastewater,,Dissolved fraction,35.369045,wastewater
18748,EODY,Real Sample,Influent wastewater EODY025 collected from Chania at 25 Feb 2021,"Thu, 02/25/2021 - 22:00","Thu, 01/21/2021 - 22:00",11,Chania,Greece,35.538051,24.051849,53910,20816,,,,,,,,,,None (raw wastewater),Waste water - Municipal,Influent wastewater,,Dissolved fraction,35.538051,wastewater
18749,EODY,Real Sample,Influent wastewater EODY025 collected from Chania at 25 Feb 2021,"Thu, 02/25/2021 - 22:00","Thu, 01/21/2021 - 22:00",10,Chania,Greece,35.538051,24.051849,53910,20816,,,,,,,,,,None (raw wastewater),Waste water - Municipal,Influent wastewater,,Dissolved fraction,35.538051,wastewater
18750,EODY,Real Sample,Influent wastewater EODY009 collected from Chania at 11 Feb 2021,"Thu, 02/11/2021 - 22:00","Thu, 01/07/2021 - 22:00",11,Chania,Greece,35.538051,24.051849,53910,17576,,,,,,,,,,None (raw wastewater),Waste water - Municipal,Influent wastewater,,Dissolved fraction,35.538051,wastewater
18751,EODY,Real Sample,Influent wastewater EODY009 collected from Chania at 11 Feb 2021,"Thu, 02/11/2021 - 22:00","Thu, 01/07/2021 - 22:00",10,Chania,Greece,35.538051,24.051849,53910,17576,,,,,,,,,,None (raw wastewater),Waste water - Municipal,Influent wastewater,,Dissolved fraction,35.538051,wastewater
18752,EODY,Real Sample,Influent wastewater EODY005 collected from Chania at 10 Feb 2021,"Wed, 02/10/2021 - 22:00","Wed, 01/06/2021 - 22:00",11,Chania,Greece,35.538051,24.051849,53910,17978,,,,,,,,,,None (raw wastewater),Waste water - Municipal,Influent wastewater,,Dissolved fraction,35.538051,wastewater
18753,EODY,Real Sample,Influent wastewater EODY005 collected from Chania at 10 Feb 2021,"Wed, 02/10/2021 - 22:00","Wed, 01/06/2021 - 22:00",10,Chania,Greece,35.538051,24.051849,53910,17978,,,,,,,,,,None (raw wastewater),Waste water - Municipal,Influent wastewater,,Dissolved fraction,35.538051,wastewater
18754,EODY,Real Sample,Influent wastewater EODY002 collected from Chania at 05 Feb 2021,"Fri, 02/05/2021 - 22:00","Fri, 01/01/2021 - 22:00",11,Chania,Greece,35.538051,24.051849,53910,18596,,,,,,,,,,None (raw wastewater),Waste water - Municipal,Influent wastewater,,Dissolved fraction,35.538051,wastewater
18755,EODY,Real Sample,Influent wastewater EODY002 collected from Chania at 05 Feb 2021,"Fri, 02/05/2021 - 22:00","Fri, 01/01/2021 - 22:00",10,Chania,Greece,35.538051,24.051849,53910,18596,,,,,,,,,,None (raw wastewater),Waste water - Municipal,Influent wastewater,,Dissolved fraction,35.538051,wastewater
18756,EODY,Blank Sample,Blank EODY 2021,"Thu, 02/04/2021 - 22:00","Thu, 12/31/2020 - 22:00",11,Heraklion,Greece,35.308898,25.111535,0,1,,,,,,,,,,None (raw wastewater),Waste water - Municipal,Influent wastewater,,Dissolved fraction,35.308898,wastewater
18757,EODY,Blank Sample,Blank EODY 2021,"Thu, 02/04/2021 - 22:00","Thu, 12/31/2020 - 22:00",10,Heraklion,Greece,35.308898,25.111535,0,1,,,,,,,,,,None (raw wastewater),Waste water - Municipal,Influent wastewater,,Dissolved fraction,35.308898,wastewater
18758,EODY,Real Sample,Influent wasterwater EODY001 collected from Heraklion at 04 Feb 2021,"Thu, 02/04/2021 - 22:00","Thu, 12/31/2020 - 22:00",11,Heraklion,Greece,35.308898,25.111535,144117,33000,,,,,,,,,,None (raw wastewater),Waste water - Municipal,Influent wastewater,,Dissolved fraction,35.308898,wastewater
18759,EODY,Real Sample,Influent wasterwater EODY001 collected from Heraklion at 04 Feb 2021,"Thu, 02/04/2021 - 22:00","Thu, 12/31/2020 - 22:00",10,Heraklion,Greece,35.308898,25.111535,144117,33000,,,,,,,,,,None (raw wastewater),Waste water - Municipal,Influent wastewater,,Dissolved fraction,35.308898,wastewater
18760,EODY,Real Sample,Influent wasterwater EODY004 collected from Heraklion at 09 Feb 2021,"Tue, 02/09/2021 - 22:00","Tue, 01/05/2021 - 22:00",11,Heraklion,Greece,35.308898,25.111535,144117,33000,,,,,,,,,,None (raw wastewater),Waste water - Municipal,Influent wastewater,,Dissolved fraction,35.308898,wastewater
18761,EODY,Real Sample,Influent wasterwater EODY004 collected from Heraklion at 09 Feb 2021,"Tue, 02/09/2021 - 22:00","Tue, 01/05/2021 - 22:00",10,Heraklion,Greece,35.308898,25.111535,144117,33000,,,,,,,,,,None (raw wastewater),Waste water - Municipal,Influent wastewater,,Dissolved fraction,35.308898,wastewater
18762,EODY,Real Sample,Influent wasterwater EODY008 collected from Heraklion at 11 Feb 2021,"Thu, 02/11/2021 - 22:00","Thu, 01/07/2021 - 22:00",11,Heraklion,Greece,35.308898,25.111535,144117,33000,,,,,,,,,,None (raw wastewater),Waste water - Municipal,Influent wastewater,,Dissolved fraction,35.308898,wastewater
18763,EODY,Real Sample,Influent wasterwater EODY008 collected from Heraklion at 11 Feb 2021,"Thu, 02/11/2021 - 22:00","Thu, 01/07/2021 - 22:00",10,Heraklion,Greece,35.308898,25.111535,144117,33000,,,,,,,,,,None (raw wastewater),Waste water - Municipal,Influent wastewater,,Dissolved fraction,35.308898,wastewater
18764,EODY,Real Sample,Influent wasterwater EODY012 collected from Heraklion at 16 Feb 2021,"Tue, 02/16/2021 - 22:00","Tue, 01/12/2021 - 22:00",11,Heraklion,Greece,35.308898,25.111535,144117,33000,,,,,,,,,,None (raw wastewater),Waste water - Municipal,Influent wastewater,,Dissolved fraction,35.308898,wastewater
18765,EODY,Real Sample,Influent wasterwater EODY012 collected from Heraklion at 16 Feb 2021,"Tue, 02/16/2021 - 22:00","Tue, 01/12/2021 - 22:00",10,Heraklion,Greece,35.308898,25.111535,144117,33000,,,,,,,,,,None (raw wastewater),Waste water - Municipal,Influent wastewater,,Dissolved fraction,35.308898,wastewater
18766,EODY,Real Sample,Influent wasterwater EODY016 collected from Heraklion at 18 Feb 2021,"Thu, 02/18/2021 - 22:00","Thu, 01/14/2021 - 22:00",11,Heraklion,Greece,35.308898,25.111535,144117,33000,,,,,,,,,,None (raw wastewater),Waste water - Municipal,Influent wastewater,,Dissolved fraction,35.308898,wastewater
18767,EODY,Real Sample,Influent wasterwater EODY016 collected from Heraklion at 18 Feb 2021,"Thu, 02/18/2021 - 22:00","Thu, 01/14/2021 - 22:00",10,Heraklion,Greece,35.308898,25.111535,144117,33000,,,,,,,,,,None (raw wastewater),Waste water - Municipal,Influent wastewater,,Dissolved fraction,35.308898,wastewater
18768,EODY,Real Sample,Influent wasterwater EODY021 collected from Heraklion at 23 Feb 2021,"Tue, 02/23/2021 - 22:00","Tue, 01/19/2021 - 22:00",11,Heraklion,Greece,35.308898,25.111535,144117,33000,,,,,,,,,,None (raw wastewater),Waste water - Municipal,Influent wastewater,,Dissolved fraction,35.308898,wastewater
18769,EODY,Real Sample,Influent wasterwater EODY021 collected from Heraklion at 23 Feb 2021,"Tue, 02/23/2021 - 22:00","Tue, 01/19/2021 - 22:00",10,Heraklion,Greece,35.308898,25.111535,144117,33000,,,,,,,,,,None (raw wastewater),Waste water - Municipal,Influent wastewater,,Dissolved fraction,35.308898,wastewater
18770,EODY,Real Sample,Influent wasterwater EODY024 collected from Heraklion at 24 Feb 2021,"Wed, 02/24/2021 - 22:00","Wed, 01/20/2021 - 22:00",11,Heraklion,Greece,35.308898,25.111535,144117,33000,,,,,,,,,,None (raw wastewater),Waste water - Municipal,Influent wastewater,,Dissolved fraction,35.308898,wastewater
18771,EODY,Real Sample,Influent wasterwater EODY024 collected from Heraklion at 24 Feb 2021,"Wed, 02/24/2021 - 22:00","Wed, 01/20/2021 - 22:00",10,Heraklion,Greece,35.308898,25.111535,144117,33000,,,,,,,,,,None (raw wastewater),Waste water - Municipal,Influent wastewater,,Dissolved fraction,35.308898,wastewater
18772,EODY,Real Sample,Influent wasterwater EODY028 collected from Heraklion at 01 Mar 2021,"Mon, 03/01/2021 - 22:00","Mon, 01/25/2021 - 22:00",11,Heraklion,Greece,35.308898,25.111535,144117,34402,,,,,,,,,,None (raw wastewater),Waste water - Municipal,Influent wastewater,,Dissolved fraction,35.308898,wastewater
18773,EODY,Real Sample,Influent wasterwater EODY028 collected from Heraklion at 01 Mar 2021,"Mon, 03/01/2021 - 22:00","Mon, 01/25/2021 - 22:00",10,Heraklion,Greece,35.308898,25.111535,144117,34402,,,,,,,,,,None (raw wastewater),Waste water - Municipal,Influent wastewater,,Dissolved fraction,35.308898,wastewater
18774,EODY,Real Sample,Influent wasterwater EODY032 collected from Heraklion at 04 Mar 2021,"Thu, 03/04/2021 - 22:00","Thu, 01/28/2021 - 22:00",11,Heraklion,Greece,35.308898,25.111535,144117,32150,,,,,,,,,,None (raw wastewater),Waste water - Municipal,Influent wastewater,,Dissolved fraction,35.308898,wastewater
18775,EODY,Real Sample,Influent wasterwater EODY032 collected from Heraklion at 04 Mar 2021,"Thu, 03/04/2021 - 22:00","Thu, 01/28/2021 - 22:00",10,Heraklion,Greece,35.308898,25.111535,144117,32150,,,,,,,,,,None (raw wastewater),Waste water - Municipal,Influent wastewater,,Dissolved fraction,35.308898,wastewater
18776,EODY,Real Sample,Influent wasterwater EODY036 collected from Thessaloniki at 02 Mar 2021,"Tue, 03/02/2021 - 22:00","Tue, 01/26/2021 - 22:00",11,Thessaloniki,Greece,40.663568,22.833918,814000,127700,,,,,,,,,,None (raw wastewater),Waste water - Municipal,Influent wastewater,,Dissolved fraction,40.663568,wastewater
18777,EODY,Real Sample,Influent wasterwater EODY036 collected from Thessaloniki at 02 Mar 2021,"Tue, 03/02/2021 - 22:00","Tue, 01/26/2021 - 22:00",10,Thessaloniki,Greece,40.663568,22.833918,814000,127700,,,,,,,,,,None (raw wastewater),Waste water - Municipal,Influent wastewater,,Dissolved fraction,40.663568,wastewater
18778,EODY,Real Sample,Influent wasterwater EODY037 collected from Thessaloniki at 04 Mar 2021,"Thu, 03/04/2021 - 22:00","Thu, 01/28/2021 - 22:00",11,Thessaloniki,Greece,40.663568,22.833918,814000,133600,,,,,,,,,,None (raw wastewater),Waste water - Municipal,Influent wastewater,,Dissolved fraction,40.663568,wastewater
18779,EODY,Real Sample,Influent wasterwater EODY037 collected from Thessaloniki at 04 Mar 2021,"Thu, 03/04/2021 - 22:00","Thu, 01/28/2021 - 22:00",10,Thessaloniki,Greece,40.663568,22.833918,814000,133600,,,,,,,,,,None (raw wastewater),Waste water - Municipal,Influent wastewater,,Dissolved fraction,40.663568,wastewater
18780,EODY,Real Sample,Influent wasterwater EODY038 collected from Thessaloniki at 08 Mar 2021,"Mon, 03/08/2021 - 22:00","Mon, 02/01/2021 - 22:00",11,Thessaloniki,Greece,40.663568,22.833918,814000,149950,,,,,,,,,,None (raw wastewater),Waste water - Municipal,Influent wastewater,,Dissolved fraction,40.663568,wastewater
18781,EODY,Real Sample,Influent wasterwater EODY038 collected from Thessaloniki at 08 Mar 2021,"Mon, 03/08/2021 - 22:00","Mon, 02/01/2021 - 22:00",10,Thessaloniki,Greece,40.663568,22.833918,814000,149950,,,,,,,,,,None (raw wastewater),Waste water - Municipal,Influent wastewater,,Dissolved fraction,40.663568,wastewater
18782,EODY,Real Sample,Influent wasterwater EODY039 collected from Thessaloniki at 09 Mar 2021,"Tue, 03/09/2021 - 22:00","Tue, 02/02/2021 - 22:00",11,Thessaloniki,Greece,40.663568,22.833918,814000,168000,,,,,,,,,,None (raw wastewater),Waste water - Municipal,Influent wastewater,,Dissolved fraction,40.663568,wastewater
18783,EODY,Real Sample,Influent wasterwater EODY039 collected from Thessaloniki at 09 Mar 2021,"Tue, 03/09/2021 - 22:00","Tue, 02/02/2021 - 22:00",10,Thessaloniki,Greece,40.663568,22.833918,814000,168000,,,,,,,,,,None (raw wastewater),Waste water - Municipal,Influent wastewater,,Dissolved fraction,40.663568,wastewater
18784,EODY,Real Sample,Influent wasterwater EODY040 collected from Thessaloniki at 11 Mar 2021,"Thu, 03/11/2021 - 22:00","Thu, 02/04/2021 - 22:00",11,Thessaloniki,Greece,40.663568,22.833918,814000,170350,,,,,,,,,,None (raw wastewater),Waste water - Municipal,Influent wastewater,,Dissolved fraction,40.663568,wastewater
18785,EODY,Real Sample,Influent wasterwater EODY040 collected from Thessaloniki at 11 Mar 2021,"Thu, 03/11/2021 - 22:00","Thu, 02/04/2021 - 22:00",10,Thessaloniki,Greece,40.663568,22.833918,814000,170350,,,,,,,,,,None (raw wastewater),Waste water - Municipal,Influent wastewater,,Dissolved fraction,40.663568,wastewater
18786,EODY,Real Sample,Influent wasterwater EODY041 collected from Thessaloniki at 15 Mar 2021,"Mon, 03/15/2021 - 22:00","Mon, 02/08/2021 - 22:00",11,Thessaloniki,Greece,40.663568,22.833918,814000,134000,,,,,,,,,,None (raw wastewater),Waste water - Municipal,Influent wastewater,,Dissolved fraction,40.663568,wastewater
18787,EODY,Real Sample,Influent wasterwater EODY041 collected from Thessaloniki at 15 Mar 2021,"Mon, 03/15/2021 - 22:00","Mon, 02/08/2021 - 22:00",10,Thessaloniki,Greece,40.663568,22.833918,814000,134000,,,,,,,,,,None (raw wastewater),Waste water - Municipal,Influent wastewater,,Dissolved fraction,40.663568,wastewater
18788,EODY,Real Sample,Influent wasterwater EODY042 collected from Thessaloniki at 19 Mar 2021,"Fri, 03/19/2021 - 22:00","Fri, 02/12/2021 - 22:00",11,Thessaloniki,Greece,40.663568,22.833918,814000,137300,,,,,,,,,,None (raw wastewater),Waste water - Municipal,Influent wastewater,,Dissolved fraction,40.663568,wastewater
18789,EODY,Real Sample,Influent wasterwater EODY042 collected from Thessaloniki at 19 Mar 2021,"Fri, 03/19/2021 - 22:00","Fri, 02/12/2021 - 22:00",10,Thessaloniki,Greece,40.663568,22.833918,814000,137300,,,,,,,,,,None (raw wastewater),Waste water - Municipal,Influent wastewater,,Dissolved fraction,40.663568,wastewater
18790,EODY,Real Sample,Influent wasterwater EODY043 collected from Thessaloniki at 22 Mar 2021,"Mon, 03/22/2021 - 22:00","Mon, 02/15/2021 - 22:00",11,Thessaloniki,Greece,40.663568,22.833918,814000,139100,,,,,,,,,,None (raw wastewater),Waste water - Municipal,Influent wastewater,,Dissolved fraction,40.663568,wastewater
18791,EODY,Real Sample,Influent wasterwater EODY043 collected from Thessaloniki at 22 Mar 2021,"Mon, 03/22/2021 - 22:00","Mon, 02/15/2021 - 22:00",10,Thessaloniki,Greece,40.663568,22.833918,814000,139100,,,,,,,,,,None (raw wastewater),Waste water - Municipal,Influent wastewater,,Dissolved fraction,40.663568,wastewater
18792,EODY,Real Sample,Influent wasterwater EODY044 collected from Thessaloniki at 17 Mar 2021,"Wed, 03/17/2021 - 22:00","Wed, 02/10/2021 - 22:00",11,Thessaloniki,Greece,40.663568,22.833918,814000,113700,,,,,,,,,,None (raw wastewater),Waste water - Municipal,Influent wastewater,,Dissolved fraction,40.663568,wastewater
18793,EODY,Real Sample,Influent wasterwater EODY044 collected from Thessaloniki at 17 Mar 2021,"Wed, 03/17/2021 - 22:00","Wed, 02/10/2021 - 22:00",10,Thessaloniki,Greece,40.663568,22.833918,814000,113700,,,,,,,,,,None (raw wastewater),Waste water - Municipal,Influent wastewater,,Dissolved fraction,40.663568,wastewater
18794,EODY,Real Sample,Influent wasterwater EODY045 collected from Thessaloniki at 24 Mar 2021,"Wed, 03/24/2021 - 22:00","Wed, 02/17/2021 - 22:00",11,Thessaloniki,Greece,40.663568,22.833918,814000,129600,,,,,,,,,,None (raw wastewater),Waste water - Municipal,Influent wastewater,,Dissolved fraction,40.663568,wastewater
18795,EODY,Real Sample,Influent wasterwater EODY045 collected from Thessaloniki at 24 Mar 2021,"Wed, 03/24/2021 - 22:00","Wed, 02/17/2021 - 22:00",10,Thessaloniki,Greece,40.663568,22.833918,814000,129600,,,,,,,,,,None (raw wastewater),Waste water - Municipal,Influent wastewater,,Dissolved fraction,40.663568,wastewater
18796,EODY,Real Sample,Influent wasterwater EODY046 collected from Thessaloniki at 26 Mar 2021,"Fri, 03/26/2021 - 22:00","Fri, 02/19/2021 - 22:00",11,Thessaloniki,Greece,40.663568,22.833918,814000,126600,,,,,,,,,,None (raw wastewater),Waste water - Municipal,Influent wastewater,,Dissolved fraction,40.663568,wastewater
18797,EODY,Real Sample,Influent wasterwater EODY046 collected from Thessaloniki at 26 Mar 2021,"Fri, 03/26/2021 - 22:00","Fri, 02/19/2021 - 22:00",10,Thessaloniki,Greece,40.663568,22.833918,814000,126600,,,,,,,,,,None (raw wastewater),Waste water - Municipal,Influent wastewater,,Dissolved fraction,40.663568,wastewater
18798,EODY,Real Sample,Influent wasterwater EODY047 collected from Thessaloniki at 29 Mar 2021,"Mon, 03/29/2021 - 22:00","Mon, 02/22/2021 - 22:00",11,Thessaloniki,Greece,40.663568,22.833918,814000,127800,,,,,,,,,,None (raw wastewater),Waste water - Municipal,Influent wastewater,,Dissolved fraction,40.663568,wastewater
18799,EODY,Real Sample,Influent wasterwater EODY047 collected from Thessaloniki at 29 Mar 2021,"Mon, 03/29/2021 - 22:00","Mon, 02/22/2021 - 22:00",10,Thessaloniki,Greece,40.663568,22.833918,814000,127800,,,,,,,,,,None (raw wastewater),Waste water - Municipal,Influent wastewater,,Dissolved fraction,40.663568,wastewater
18800,EODY,Real Sample,Influent wasterwater EODY048 collected from Thessaloniki at 31 Mar 2021,"Wed, 03/31/2021 - 22:00","Wed, 02/24/2021 - 22:00",11,Thessaloniki,Greece,40.663568,22.833918,814000,131350,,,,,,,,,,None (raw wastewater),Waste water - Municipal,Influent wastewater,,Dissolved fraction,40.663568,wastewater
18801,EODY,Real Sample,Influent wasterwater EODY048 collected from Thessaloniki at 31 Mar 2021,"Wed, 03/31/2021 - 22:00","Wed, 02/24/2021 - 22:00",10,Thessaloniki,Greece,40.663568,22.833918,814000,131350,,,,,,,,,,None (raw wastewater),Waste water - Municipal,Influent wastewater,,Dissolved fraction,40.663568,wastewater
18802,EODY,Real Sample,Influent wasterwater EODY049 collected from Thessaloniki at 02 Apr 2021,"Fri, 04/02/2021 - 22:00","Fri, 02/26/2021 - 22:00",11,Thessaloniki,Greece,40.663568,22.833918,814000,139850,,,,,,,,,,None (raw wastewater),Waste water - Municipal,Influent wastewater,,Dissolved fraction,40.663568,wastewater
18803,EODY,Real Sample,Influent wasterwater EODY049 collected from Thessaloniki at 02 Apr 2021,"Fri, 04/02/2021 - 22:00","Fri, 02/26/2021 - 22:00",10,Thessaloniki,Greece,40.663568,22.833918,814000,139850,,,,,,,,,,None (raw wastewater),Waste water - Municipal,Influent wastewater,,Dissolved fraction,40.663568,wastewater
18804,EODY,Real Sample,Influent wasterwater EODY050 collected from Thessaloniki at 05 Apr 2021,"Mon, 04/05/2021 - 22:00","Mon, 03/01/2021 - 22:00",11,Thessaloniki,Greece,40.663568,22.833918,814000,130600,,,,,,,,,,None (raw wastewater),Waste water - Municipal,Influent wastewater,,Dissolved fraction,40.663568,wastewater
18805,EODY,Real Sample,Influent wasterwater EODY050 collected from Thessaloniki at 05 Apr 2021,"Mon, 04/05/2021 - 22:00","Mon, 03/01/2021 - 22:00",10,Thessaloniki,Greece,40.663568,22.833918,814000,130600,,,,,,,,,,None (raw wastewater),Waste water - Municipal,Influent wastewater,,Dissolved fraction,40.663568,wastewater
18806,EODY,Real Sample,Influent wasterwater EODY051 collected from Thessaloniki at 07 Apr 2021,"Wed, 04/07/2021 - 22:00","Wed, 03/03/2021 - 22:00",11,Thessaloniki,Greece,40.663568,22.833918,814000,138250,,,,,,,,,,None (raw wastewater),Waste water - Municipal,Influent wastewater,,Dissolved fraction,40.663568,wastewater
18807,EODY,Real Sample,Influent wasterwater EODY051 collected from Thessaloniki at 07 Apr 2021,"Wed, 04/07/2021 - 22:00","Wed, 03/03/2021 - 22:00",10,Thessaloniki,Greece,40.663568,22.833918,814000,138250,,,,,,,,,,None (raw wastewater),Waste water - Municipal,Influent wastewater,,Dissolved fraction,40.663568,wastewater
18808,EODY,Real Sample,Influent wasterwater EODY053 collected from Thessaloniki at 12 Apr 2021,"Mon, 04/12/2021 - 22:00","Mon, 03/08/2021 - 22:00",11,Thessaloniki,Greece,40.663568,22.833918,814000,131000,,,,,,,,,,None (raw wastewater),Waste water - Municipal,Influent wastewater,,Dissolved fraction,40.663568,wastewater
18809,EODY,Real Sample,Influent wasterwater EODY053 collected from Thessaloniki at 12 Apr 2021,"Mon, 04/12/2021 - 22:00","Mon, 03/08/2021 - 22:00",10,Thessaloniki,Greece,40.663568,22.833918,814000,131000,,,,,,,,,,None (raw wastewater),Waste water - Municipal,Influent wastewater,,Dissolved fraction,40.663568,wastewater
18810,EODY,Real Sample,Influent wasterwater EODY054 collected from Thessaloniki at 14 Apr 2021,"Wed, 04/14/2021 - 22:00","Wed, 03/10/2021 - 22:00",11,Thessaloniki,Greece,40.663568,22.833918,814000,130800,,,,,,,,,,None (raw wastewater),Waste water - Municipal,Influent wastewater,,Dissolved fraction,40.663568,wastewater
18811,EODY,Real Sample,Influent wasterwater EODY054 collected from Thessaloniki at 14 Apr 2021,"Wed, 04/14/2021 - 22:00","Wed, 03/10/2021 - 22:00",10,Thessaloniki,Greece,40.663568,22.833918,814000,130800,,,,,,,,,,None (raw wastewater),Waste water - Municipal,Influent wastewater,,Dissolved fraction,40.663568,wastewater
18812,EODY,Real Sample,Influent wasterwater EODY055 collected from Larissa at 03 Feb 2021,"Wed, 02/03/2021 - 22:00","Wed, 12/30/2020 - 22:00",11,Larissa,Greece,39.663705,22.439591,144651,31581,,,,,,,,,,None (raw wastewater),Waste water - Municipal,Influent wastewater,,Dissolved fraction,39.663705,wastewater
18813,EODY,Real Sample,Influent wasterwater EODY055 collected from Larissa at 03 Feb 2021,"Wed, 02/03/2021 - 22:00","Wed, 12/30/2020 - 22:00",10,Larissa,Greece,39.663705,22.439591,144651,31581,,,,,,,,,,None (raw wastewater),Waste water - Municipal,Influent wastewater,,Dissolved fraction,39.663705,wastewater
18814,EODY,Real Sample,Influent wasterwater EODY056 collected from Larissa at 09 Feb 2021,"Tue, 02/09/2021 - 22:00","Tue, 01/05/2021 - 22:00",11,Larissa,Greece,39.663705,22.439591,144651,31438,,,,,,,,,,None (raw wastewater),Waste water - Municipal,Influent wastewater,,Dissolved fraction,39.663705,wastewater
18815,EODY,Real Sample,Influent wasterwater EODY056 collected from Larissa at 09 Feb 2021,"Tue, 02/09/2021 - 22:00","Tue, 01/05/2021 - 22:00",10,Larissa,Greece,39.663705,22.439591,144651,31438,,,,,,,,,,None (raw wastewater),Waste water - Municipal,Influent wastewater,,Dissolved fraction,39.663705,wastewater
18816,EODY,Real Sample,Influent wasterwater EODY057 collected from Larissa at 10 Feb 2021,"Wed, 02/10/2021 - 22:00","Wed, 01/06/2021 - 22:00",11,Larissa,Greece,39.663705,22.439591,146926,31733,,,,,,,,,,None (raw wastewater),Waste water - Municipal,Influent wastewater,,Dissolved fraction,39.663705,wastewater
18817,EODY,Real Sample,Influent wasterwater EODY057 collected from Larissa at 10 Feb 2021,"Wed, 02/10/2021 - 22:00","Wed, 01/06/2021 - 22:00",10,Larissa,Greece,39.663705,22.439591,146926,31733,,,,,,,,,,None (raw wastewater),Waste water - Municipal,Influent wastewater,,Dissolved fraction,39.663705,wastewater
18818,EODY,Real Sample,Influent wasterwater EODY058 collected from Larissa at 12 Feb 2021,"Fri, 02/12/2021 - 22:00","Fri, 01/08/2021 - 22:00",11,Larissa,Greece,39.663705,22.439591,146926,31891,,,,,,,,,,None (raw wastewater),Waste water - Municipal,Influent wastewater,,Dissolved fraction,39.663705,wastewater
18819,EODY,Real Sample,Influent wasterwater EODY058 collected from Larissa at 12 Feb 2021,"Fri, 02/12/2021 - 22:00","Fri, 01/08/2021 - 22:00",10,Larissa,Greece,39.663705,22.439591,146926,31891,,,,,,,,,,None (raw wastewater),Waste water - Municipal,Influent wastewater,,Dissolved fraction,39.663705,wastewater
18820,EODY,Real Sample,Influent wasterwater EODY059 collected from Larissa at 16 Feb 2021,"Tue, 02/16/2021 - 22:00","Tue, 01/12/2021 - 22:00",11,Larissa,Greece,39.663705,22.439591,146926,33928,,,,,,,,,,None (raw wastewater),Waste water - Municipal,Influent wastewater,,Dissolved fraction,39.663705,wastewater
18821,EODY,Real Sample,Influent wasterwater EODY059 collected from Larissa at 16 Feb 2021,"Tue, 02/16/2021 - 22:00","Tue, 01/12/2021 - 22:00",10,Larissa,Greece,39.663705,22.439591,146926,33928,,,,,,,,,,None (raw wastewater),Waste water - Municipal,Influent wastewater,,Dissolved fraction,39.663705,wastewater
18822,EODY,Real Sample,Influent wasterwater EODY060 collected from Larissa at 17 Feb 2021,"Wed, 02/17/2021 - 22:00","Wed, 01/13/2021 - 22:00",11,Larissa,Greece,39.663705,22.439591,146926,33575,,,,,,,,,,None (raw wastewater),Waste water - Municipal,Influent wastewater,,Dissolved fraction,39.663705,wastewater
18823,EODY,Real Sample,Influent wasterwater EODY060 collected from Larissa at 17 Feb 2021,"Wed, 02/17/2021 - 22:00","Wed, 01/13/2021 - 22:00",10,Larissa,Greece,39.663705,22.439591,146926,33575,,,,,,,,,,None (raw wastewater),Waste water - Municipal,Influent wastewater,,Dissolved fraction,39.663705,wastewater
18824,EODY,Real Sample,Influent wasterwater EODY061 collected from Larissa at 23 Feb 2021,"Tue, 02/23/2021 - 22:00","Tue, 01/19/2021 - 22:00",11,Larissa,Greece,39.663705,22.439591,146926,33185,,,,,,,,,,None (raw wastewater),Waste water - Municipal,Influent wastewater,,Dissolved fraction,39.663705,wastewater
18825,EODY,Real Sample,Influent wasterwater EODY061 collected from Larissa at 23 Feb 2021,"Tue, 02/23/2021 - 22:00","Tue, 01/19/2021 - 22:00",10,Larissa,Greece,39.663705,22.439591,146926,33185,,,,,,,,,,None (raw wastewater),Waste water - Municipal,Influent wastewater,,Dissolved fraction,39.663705,wastewater
18826,EODY,Real Sample,Influent wasterwater EODY063 collected from Larissa at 24 Feb 2021,"Wed, 02/24/2021 - 22:00","Wed, 01/20/2021 - 22:00",11,Larissa,Greece,39.663705,22.439591,146926,32977,,,,,,,,,,None (raw wastewater),Waste water - Municipal,Influent wastewater,,Dissolved fraction,39.663705,wastewater
18827,EODY,Real Sample,Influent wasterwater EODY063 collected from Larissa at 24 Feb 2021,"Wed, 02/24/2021 - 22:00","Wed, 01/20/2021 - 22:00",10,Larissa,Greece,39.663705,22.439591,146926,32977,,,,,,,,,,None (raw wastewater),Waste water - Municipal,Influent wastewater,,Dissolved fraction,39.663705,wastewater
18828,EODY,Real Sample,Influent wasterwater EODY066 collected from Larissa at 26 Feb 2021,"Fri, 02/26/2021 - 22:00","Fri, 01/22/2021 - 22:00",11,Larissa,Greece,39.663705,22.439591,146926,32516,,,,,,,,,,None (raw wastewater),Waste water - Municipal,Influent wastewater,,Dissolved fraction,39.663705,wastewater
18829,EODY,Real Sample,Influent wasterwater EODY066 collected from Larissa at 26 Feb 2021,"Fri, 02/26/2021 - 22:00","Fri, 01/22/2021 - 22:00",10,Larissa,Greece,39.663705,22.439591,146926,32516,,,,,,,,,,None (raw wastewater),Waste water - Municipal,Influent wastewater,,Dissolved fraction,39.663705,wastewater
18830,EODY,Real Sample,Influent wasterwater EODY067 collected from Larissa at 03 Mar 2021,"Wed, 03/03/2021 - 22:00","Wed, 01/27/2021 - 22:00",11,Larissa,Greece,39.663705,22.439591,146926,31902,,,,,,,,,,None (raw wastewater),Waste water - Municipal,Influent wastewater,,Dissolved fraction,39.663705,wastewater
18831,EODY,Real Sample,Influent wasterwater EODY067 collected from Larissa at 03 Mar 2021,"Wed, 03/03/2021 - 22:00","Wed, 01/27/2021 - 22:00",10,Larissa,Greece,39.663705,22.439591,146926,31902,,,,,,,,,,None (raw wastewater),Waste water - Municipal,Influent wastewater,,Dissolved fraction,39.663705,wastewater
18832,EODY,Real Sample,Influent wasterwater EODY071 collected from Larissa at 09 Mar 2021,"Tue, 03/09/2021 - 22:00","Tue, 02/02/2021 - 22:00",11,Larissa,Greece,39.663705,22.439591,146926,31102,,,,,,,,,,None (raw wastewater),Waste water - Municipal,Influent wastewater,,Dissolved fraction,39.663705,wastewater
18833,EODY,Real Sample,Influent wasterwater EODY071 collected from Larissa at 09 Mar 2021,"Tue, 03/09/2021 - 22:00","Tue, 02/02/2021 - 22:00",10,Larissa,Greece,39.663705,22.439591,146926,31102,,,,,,,,,,None (raw wastewater),Waste water - Municipal,Influent wastewater,,Dissolved fraction,39.663705,wastewater
18834,EODY,Real Sample,Influent wasterwater EODY073 collected from Larissa at 10 Mar 2021,"Wed, 03/10/2021 - 22:00","Wed, 02/03/2021 - 22:00",11,Larissa,Greece,39.663705,22.439591,146926,31351,,,,,,,,,,None (raw wastewater),Waste water - Municipal,Influent wastewater,,Dissolved fraction,39.663705,wastewater
18835,EODY,Real Sample,Influent wasterwater EODY073 collected from Larissa at 10 Mar 2021,"Wed, 03/10/2021 - 22:00","Wed, 02/03/2021 - 22:00",10,Larissa,Greece,39.663705,22.439591,146926,31351,,,,,,,,,,None (raw wastewater),Waste water - Municipal,Influent wastewater,,Dissolved fraction,39.663705,wastewater
18836,EODY,Real Sample,Influent wasterwater EODY076 collected from Larissa at 12 Mar 2021,"Fri, 03/12/2021 - 22:00","Fri, 02/05/2021 - 22:00",11,Larissa,Greece,39.663705,22.439591,146926,32090,,,,,,,,,,None (raw wastewater),Waste water - Municipal,Influent wastewater,,Dissolved fraction,39.663705,wastewater
18837,EODY,Real Sample,Influent wasterwater EODY076 collected from Larissa at 12 Mar 2021,"Fri, 03/12/2021 - 22:00","Fri, 02/05/2021 - 22:00",10,Larissa,Greece,39.663705,22.439591,146926,32090,,,,,,,,,,None (raw wastewater),Waste water - Municipal,Influent wastewater,,Dissolved fraction,39.663705,wastewater
18838,EODY,Real Sample,Influent wasterwater EODY093 collected from Larissa at 16 Mar 2021,"Tue, 03/16/2021 - 22:00","Tue, 02/09/2021 - 22:00",11,Larissa,Greece,39.663705,22.439591,146926,31719,,,,,,,,,,None (raw wastewater),Waste water - Municipal,Influent wastewater,,Dissolved fraction,39.663705,wastewater
18839,EODY,Real Sample,Influent wasterwater EODY093 collected from Larissa at 16 Mar 2021,"Tue, 03/16/2021 - 22:00","Tue, 02/09/2021 - 22:00",10,Larissa,Greece,39.663705,22.439591,146926,31719,,,,,,,,,,None (raw wastewater),Waste water - Municipal,Influent wastewater,,Dissolved fraction,39.663705,wastewater
18840,EODY,Real Sample,Influent wasterwater EODY094 collected from Larissa at 17 Mar 2021,"Wed, 03/17/2021 - 22:00","Wed, 02/10/2021 - 22:00",11,Larissa,Greece,39.663705,22.439591,146926,32115,,,,,,,,,,None (raw wastewater),Waste water - Municipal,Influent wastewater,,Dissolved fraction,39.663705,wastewater
18841,EODY,Real Sample,Influent wasterwater EODY094 collected from Larissa at 17 Mar 2021,"Wed, 03/17/2021 - 22:00","Wed, 02/10/2021 - 22:00",10,Larissa,Greece,39.663705,22.439591,146926,32115,,,,,,,,,,None (raw wastewater),Waste water - Municipal,Influent wastewater,,Dissolved fraction,39.663705,wastewater
18842,EODY,Real Sample,Influent wasterwater EODY097 collected from Larissa at 19 Mar 2021,"Fri, 03/19/2021 - 22:00","Fri, 02/12/2021 - 22:00",11,Larissa,Greece,39.663705,22.439591,146926,32096,,,,,,,,,,None (raw wastewater),Waste water - Municipal,Influent wastewater,,Dissolved fraction,39.663705,wastewater
18843,EODY,Real Sample,Influent wasterwater EODY097 collected from Larissa at 19 Mar 2021,"Fri, 03/19/2021 - 22:00","Fri, 02/12/2021 - 22:00",10,Larissa,Greece,39.663705,22.439591,146926,32096,,,,,,,,,,None (raw wastewater),Waste water - Municipal,Influent wastewater,,Dissolved fraction,39.663705,wastewater
18844,EODY,Real Sample,Influent wasterwater EODY098 collected from Larissa at 23 Mar 2021,"Tue, 03/23/2021 - 22:00","Tue, 02/16/2021 - 22:00",11,Larissa,Greece,39.663705,22.439591,146926,37441,,,,,,,,,,None (raw wastewater),Waste water - Municipal,Influent wastewater,,Dissolved fraction,39.663705,wastewater
18845,EODY,Real Sample,Influent wasterwater EODY098 collected from Larissa at 23 Mar 2021,"Tue, 03/23/2021 - 22:00","Tue, 02/16/2021 - 22:00",10,Larissa,Greece,39.663705,22.439591,146926,37441,,,,,,,,,,None (raw wastewater),Waste water - Municipal,Influent wastewater,,Dissolved fraction,39.663705,wastewater
18846,EODY,Real Sample,Influent wasterwater EODY100 collected from Larissa at 24 Mar 2021,"Wed, 03/24/2021 - 22:00","Wed, 02/17/2021 - 22:00",11,Larissa,Greece,39.663705,22.439591,146926,37234,,,,,,,,,,None (raw wastewater),Waste water - Municipal,Influent wastewater,,Dissolved fraction,39.663705,wastewater
18847,EODY,Real Sample,Influent wasterwater EODY100 collected from Larissa at 24 Mar 2021,"Wed, 03/24/2021 - 22:00","Wed, 02/17/2021 - 22:00",10,Larissa,Greece,39.663705,22.439591,146926,37234,,,,,,,,,,None (raw wastewater),Waste water - Municipal,Influent wastewater,,Dissolved fraction,39.663705,wastewater
18848,EODY,Real Sample,Influent wasterwater EODY102 collected from Larissa at 30 Mar 2021,"Tue, 03/30/2021 - 22:00","Tue, 02/23/2021 - 22:00",11,Larissa,Greece,39.663705,22.439591,146926,31540,,,,,,,,,,None (raw wastewater),Waste water - Municipal,Influent wastewater,,Dissolved fraction,39.663705,wastewater
18849,EODY,Real Sample,Influent wasterwater EODY102 collected from Larissa at 30 Mar 2021,"Tue, 03/30/2021 - 22:00","Tue, 02/23/2021 - 22:00",10,Larissa,Greece,39.663705,22.439591,146926,31540,,,,,,,,,,None (raw wastewater),Waste water - Municipal,Influent wastewater,,Dissolved fraction,39.663705,wastewater
18850,EODY,Real Sample,Influent wasterwater EODY104 collected from Larissa at 31 Mar 2021,"Wed, 03/31/2021 - 22:00","Wed, 02/24/2021 - 22:00",11,Larissa,Greece,39.663705,22.439591,146926,31658,,,,,,,,,,None (raw wastewater),Waste water - Municipal,Influent wastewater,,Dissolved fraction,39.663705,wastewater
18851,EODY,Real Sample,Influent wasterwater EODY104 collected from Larissa at 31 Mar 2021,"Wed, 03/31/2021 - 22:00","Wed, 02/24/2021 - 22:00",10,Larissa,Greece,39.663705,22.439591,146926,31658,,,,,,,,,,None (raw wastewater),Waste water - Municipal,Influent wastewater,,Dissolved fraction,39.663705,wastewater
18852,EODY,Real Sample,Influent wasterwater EODY107 collected from Larissa at 02 Apr 2021,"Fri, 04/02/2021 - 22:00","Fri, 02/26/2021 - 22:00",11,Larissa,Greece,39.663705,22.439591,146926,32165,,,,,,,,,,None (raw wastewater),Waste water - Municipal,Influent wastewater,,Dissolved fraction,39.663705,wastewater
18853,EODY,Real Sample,Influent wasterwater EODY107 collected from Larissa at 02 Apr 2021,"Fri, 04/02/2021 - 22:00","Fri, 02/26/2021 - 22:00",10,Larissa,Greece,39.663705,22.439591,146926,32165,,,,,,,,,,None (raw wastewater),Waste water - Municipal,Influent wastewater,,Dissolved fraction,39.663705,wastewater
18854,EODY,Real Sample,Influent wasterwater EODY108 collected from Larissa at 06 Apr 2021,"Tue, 04/06/2021 - 22:00","Tue, 03/02/2021 - 22:00",11,Larissa,Greece,39.663705,22.439591,146925,31332,,,,,,,,,,None (raw wastewater),Waste water - Municipal,Influent wastewater,,Dissolved fraction,39.663705,wastewater
18855,EODY,Real Sample,Influent wasterwater EODY108 collected from Larissa at 06 Apr 2021,"Tue, 04/06/2021 - 22:00","Tue, 03/02/2021 - 22:00",10,Larissa,Greece,39.663705,22.439591,146925,31332,,,,,,,,,,None (raw wastewater),Waste water - Municipal,Influent wastewater,,Dissolved fraction,39.663705,wastewater
18856,EODY,Real Sample,Influent wasterwater EODY110 collected from Larissa at 07 Apr 2021,"Wed, 04/07/2021 - 22:00","Wed, 03/03/2021 - 22:00",11,Larissa,Greece,39.663705,22.439591,146926,31368,,,,,,,,,,None (raw wastewater),Waste water - Municipal,Influent wastewater,,Dissolved fraction,39.663705,wastewater
18857,EODY,Real Sample,Influent wasterwater EODY110 collected from Larissa at 07 Apr 2021,"Wed, 04/07/2021 - 22:00","Wed, 03/03/2021 - 22:00",10,Larissa,Greece,39.663705,22.439591,146926,31368,,,,,,,,,,None (raw wastewater),Waste water - Municipal,Influent wastewater,,Dissolved fraction,39.663705,wastewater
18858,EODY,Real Sample,Influent wasterwater EODY114 collected from Larissa at 13 Apr 2021,"Tue, 04/13/2021 - 22:00","Tue, 03/09/2021 - 22:00",11,Larissa,Greece,39.663705,22.439591,146926,31657,,,,,,,,,,None (raw wastewater),Waste water - Municipal,Influent wastewater,,Dissolved fraction,39.663705,wastewater
18859,EODY,Real Sample,Influent wasterwater EODY114 collected from Larissa at 13 Apr 2021,"Tue, 04/13/2021 - 22:00","Tue, 03/09/2021 - 22:00",10,Larissa,Greece,39.663705,22.439591,146926,31657,,,,,,,,,,None (raw wastewater),Waste water - Municipal,Influent wastewater,,Dissolved fraction,39.663705,wastewater
18860,EODY,Real Sample,Influent wasterwater EODY127 collected from Heraklion at 11 Mar 2021,"Thu, 03/11/2021 - 22:00","Thu, 02/04/2021 - 22:00",11,Heraklion,Greece,35.308898,25.111535,144117,31900,,,,,,,,,,None (raw wastewater),Waste water - Municipal,Influent wastewater,,Dissolved fraction,35.308898,wastewater
18861,EODY,Real Sample,Influent wasterwater EODY127 collected from Heraklion at 11 Mar 2021,"Thu, 03/11/2021 - 22:00","Thu, 02/04/2021 - 22:00",10,Heraklion,Greece,35.308898,25.111535,144117,31900,,,,,,,,,,None (raw wastewater),Waste water - Municipal,Influent wastewater,,Dissolved fraction,35.308898,wastewater
18862,EODY,Real Sample,Influent wasterwater EODY128 collected from Heraklion at 16 Mar 2021,"Tue, 03/16/2021 - 22:00","Tue, 02/09/2021 - 22:00",11,Heraklion,Greece,35.308898,25.111535,144117,31800,,,,,,,,,,None (raw wastewater),Waste water - Municipal,Influent wastewater,,Dissolved fraction,35.308898,wastewater
18863,EODY,Real Sample,Influent wasterwater EODY128 collected from Heraklion at 16 Mar 2021,"Tue, 03/16/2021 - 22:00","Tue, 02/09/2021 - 22:00",10,Heraklion,Greece,35.308898,25.111535,144117,31800,,,,,,,,,,None (raw wastewater),Waste water - Municipal,Influent wastewater,,Dissolved fraction,35.308898,wastewater
18864,EODY,Real Sample,Influent wasterwater EODY129 collected from Heraklion at 18 Mar 2021,"Thu, 03/18/2021 - 22:00","Thu, 02/11/2021 - 22:00",11,Heraklion,Greece,35.308898,25.111535,144117,30900,,,,,,,,,,None (raw wastewater),Waste water - Municipal,Influent wastewater,,Dissolved fraction,35.308898,wastewater
18865,EODY,Real Sample,Influent wasterwater EODY129 collected from Heraklion at 18 Mar 2021,"Thu, 03/18/2021 - 22:00","Thu, 02/11/2021 - 22:00",10,Heraklion,Greece,35.308898,25.111535,144117,30900,,,,,,,,,,None (raw wastewater),Waste water - Municipal,Influent wastewater,,Dissolved fraction,35.308898,wastewater
18866,EODY,Real Sample,Influent wasterwater EODY130 collected from Heraklion at 23 Mar 2021,"Tue, 03/23/2021 - 22:00","Tue, 02/16/2021 - 22:00",11,Heraklion,Greece,35.308898,25.111535,144117,31600,,,,,,,,,,None (raw wastewater),Waste water - Municipal,Influent wastewater,,Dissolved fraction,35.308898,wastewater
18867,EODY,Real Sample,Influent wasterwater EODY130 collected from Heraklion at 23 Mar 2021,"Tue, 03/23/2021 - 22:00","Tue, 02/16/2021 - 22:00",10,Heraklion,Greece,35.308898,25.111535,144117,31600,,,,,,,,,,None (raw wastewater),Waste water - Municipal,Influent wastewater,,Dissolved fraction,35.308898,wastewater
18868,EODY,Real Sample,Influent wasterwater EODY131 collected from Heraklion at 25 Mar 2021,"Thu, 03/25/2021 - 22:00","Thu, 02/18/2021 - 22:00",11,Heraklion,Greece,35.308898,25.111535,144117,33000,,,,,,,,,,None (raw wastewater),Waste water - Municipal,Influent wastewater,,Dissolved fraction,35.308898,wastewater
18869,EODY,Real Sample,Influent wasterwater EODY131 collected from Heraklion at 25 Mar 2021,"Thu, 03/25/2021 - 22:00","Thu, 02/18/2021 - 22:00",10,Heraklion,Greece,35.308898,25.111535,144117,33000,,,,,,,,,,None (raw wastewater),Waste water - Municipal,Influent wastewater,,Dissolved fraction,35.308898,wastewater
18870,EODY,Real Sample,Influent wasterwater EODY132 collected from Heraklion at 29 Mar 2021,"Mon, 03/29/2021 - 22:00","Mon, 02/22/2021 - 22:00",11,Heraklion,Greece,35.308898,25.111535,144117,31200,,,,,,,,,,None (raw wastewater),Waste water - Municipal,Influent wastewater,,Dissolved fraction,35.308898,wastewater
18871,EODY,Real Sample,Influent wasterwater EODY132 collected from Heraklion at 29 Mar 2021,"Mon, 03/29/2021 - 22:00","Mon, 02/22/2021 - 22:00",10,Heraklion,Greece,35.308898,25.111535,144117,31200,,,,,,,,,,None (raw wastewater),Waste water - Municipal,Influent wastewater,,Dissolved fraction,35.308898,wastewater
18872,EODY,Real Sample,Influent wasterwater EODY150 collected from Thessaloniki at 16 Apr 2021,"Fri, 04/16/2021 - 22:00","Fri, 03/12/2021 - 22:00",11,Thessaloniki,Greece,40.663568,22.833918,1300000,138050,,,,,,,,,,None (raw wastewater),Waste water - Municipal,Influent wastewater,,Dissolved fraction,40.663568,wastewater
18873,EODY,Real Sample,Influent wasterwater EODY150 collected from Thessaloniki at 16 Apr 2021,"Fri, 04/16/2021 - 22:00","Fri, 03/12/2021 - 22:00",10,Thessaloniki,Greece,40.663568,22.833918,1300000,138050,,,,,,,,,,None (raw wastewater),Waste water - Municipal,Influent wastewater,,Dissolved fraction,40.663568,wastewater
18874,EODY,Real Sample,Influent wasterwater EODY151 collected from Thessaloniki at 19 Apr 2021,"Mon, 04/19/2021 - 22:00","Mon, 03/15/2021 - 22:00",11,Thessaloniki,Greece,40.663568,22.833918,1300000,163800,,,,,,,,,,None (raw wastewater),Waste water - Municipal,Influent wastewater,,Dissolved fraction,40.663568,wastewater
18875,EODY,Real Sample,Influent wasterwater EODY151 collected from Thessaloniki at 19 Apr 2021,"Mon, 04/19/2021 - 22:00","Mon, 03/15/2021 - 22:00",10,Thessaloniki,Greece,40.663568,22.833918,1300000,163800,,,,,,,,,,None (raw wastewater),Waste water - Municipal,Influent wastewater,,Dissolved fraction,40.663568,wastewater
18876,EODY,Real Sample,Influent wasterwater EODY152 collected from Thessaloniki at 21 Apr 2021,"Wed, 04/21/2021 - 22:00","Wed, 03/17/2021 - 22:00",11,Thessaloniki,Greece,40.663568,22.833918,1300000,151800,,,,,,,,,,None (raw wastewater),Waste water - Municipal,Influent wastewater,,Dissolved fraction,40.663568,wastewater
18877,EODY,Real Sample,Influent wasterwater EODY152 collected from Thessaloniki at 21 Apr 2021,"Wed, 04/21/2021 - 22:00","Wed, 03/17/2021 - 22:00",10,Thessaloniki,Greece,40.663568,22.833918,1300000,151800,,,,,,,,,,None (raw wastewater),Waste water - Municipal,Influent wastewater,,Dissolved fraction,40.663568,wastewater
18878,EODY,Real Sample,Influent wasterwater EODY153 collected from Thessaloniki at 23 Apr 2021,"Fri, 04/23/2021 - 22:00","Fri, 03/19/2021 - 22:00",11,Thessaloniki,Greece,40.663568,22.833918,1300000,179400,,,,,,,,,,None (raw wastewater),Waste water - Municipal,Influent wastewater,,Dissolved fraction,40.663568,wastewater
18879,EODY,Real Sample,Influent wasterwater EODY153 collected from Thessaloniki at 23 Apr 2021,"Fri, 04/23/2021 - 22:00","Fri, 03/19/2021 - 22:00",10,Thessaloniki,Greece,40.663568,22.833918,1300000,179400,,,,,,,,,,None (raw wastewater),Waste water - Municipal,Influent wastewater,,Dissolved fraction,40.663568,wastewater
18880,EODY,Real Sample,Influent wasterwater EODY154 collected from Thessaloniki at 26 Apr 2021,"Mon, 04/26/2021 - 22:00","Mon, 03/22/2021 - 22:00",11,Thessaloniki,Greece,40.663568,22.833918,1300000,131450,,,,,,,,,,None (raw wastewater),Waste water - Municipal,Influent wastewater,,Dissolved fraction,40.663568,wastewater
18881,EODY,Real Sample,Influent wasterwater EODY154 collected from Thessaloniki at 26 Apr 2021,"Mon, 04/26/2021 - 22:00","Mon, 03/22/2021 - 22:00",10,Thessaloniki,Greece,40.663568,22.833918,1300000,131450,,,,,,,,,,None (raw wastewater),Waste water - Municipal,Influent wastewater,,Dissolved fraction,40.663568,wastewater
18882,EODY,Real Sample,Influent wasterwater EODY155 collected from Thessaloniki at 28 Apr 2021,"Wed, 04/28/2021 - 22:00","Wed, 03/24/2021 - 22:00",11,Thessaloniki,Greece,40.663568,22.833918,1300000,136150,,,,,,,,,,None (raw wastewater),Waste water - Municipal,Influent wastewater,,Dissolved fraction,40.663568,wastewater
18883,EODY,Real Sample,Influent wasterwater EODY155 collected from Thessaloniki at 28 Apr 2021,"Wed, 04/28/2021 - 22:00","Wed, 03/24/2021 - 22:00",10,Thessaloniki,Greece,40.663568,22.833918,1300000,136150,,,,,,,,,,None (raw wastewater),Waste water - Municipal,Influent wastewater,,Dissolved fraction,40.663568,wastewater
18884,EODY,Real Sample,Influent wasterwater EODY156 collected from Thessaloniki at 30 Apr 2021,"Fri, 04/30/2021 - 22:00","Fri, 03/26/2021 - 22:00",11,Thessaloniki,Greece,40.663568,22.833918,1300000,140200,,,,,,,,,,None (raw wastewater),Waste water - Municipal,Influent wastewater,,Dissolved fraction,40.663568,wastewater
18885,EODY,Real Sample,Influent wasterwater EODY156 collected from Thessaloniki at 30 Apr 2021,"Fri, 04/30/2021 - 22:00","Fri, 03/26/2021 - 22:00",10,Thessaloniki,Greece,40.663568,22.833918,1300000,140200,,,,,,,,,,None (raw wastewater),Waste water - Municipal,Influent wastewater,,Dissolved fraction,40.663568,wastewater
18886,EODY,Real Sample,Influent wasterwater EODY157 collected from Thessaloniki at 03 May 2021,"Mon, 05/03/2021 - 22:00","Mon, 03/29/2021 - 22:00",11,Thessaloniki,Greece,40.663568,22.833918,1300000,127150,,,,,,,,,,None (raw wastewater),Waste water - Municipal,Influent wastewater,,Dissolved fraction,40.663568,wastewater
18887,EODY,Real Sample,Influent wasterwater EODY157 collected from Thessaloniki at 03 May 2021,"Mon, 05/03/2021 - 22:00","Mon, 03/29/2021 - 22:00",10,Thessaloniki,Greece,40.663568,22.833918,1300000,127150,,,,,,,,,,None (raw wastewater),Waste water - Municipal,Influent wastewater,,Dissolved fraction,40.663568,wastewater
18888,EODY,Real Sample,Influent wasterwater EODY158 collected from Thessaloniki at 05 May 2021,"Wed, 05/05/2021 - 22:00","Wed, 03/31/2021 - 22:00",11,Thessaloniki,Greece,40.663568,22.833918,1300000,127150,,,,,,,,,,None (raw wastewater),Waste water - Municipal,Influent wastewater,,Dissolved fraction,40.663568,wastewater
18889,EODY,Real Sample,Influent wasterwater EODY158 collected from Thessaloniki at 05 May 2021,"Wed, 05/05/2021 - 22:00","Wed, 03/31/2021 - 22:00",10,Thessaloniki,Greece,40.663568,22.833918,1300000,127150,,,,,,,,,,None (raw wastewater),Waste water - Municipal,Influent wastewater,,Dissolved fraction,40.663568,wastewater
18890,EODY,Real Sample,Influent wasterwater EODY159 collected from Thessaloniki at 07 May 2021,"Fri, 05/07/2021 - 22:00","Fri, 04/02/2021 - 22:00",11,Thessaloniki,Greece,40.663568,22.833918,1300000,119800,,,,,,,,,,None (raw wastewater),Waste water - Municipal,Influent wastewater,,Dissolved fraction,40.663568,wastewater
18891,EODY,Real Sample,Influent wasterwater EODY159 collected from Thessaloniki at 07 May 2021,"Fri, 05/07/2021 - 22:00","Fri, 04/02/2021 - 22:00",10,Thessaloniki,Greece,40.663568,22.833918,1300000,119800,,,,,,,,,,None (raw wastewater),Waste water - Municipal,Influent wastewater,,Dissolved fraction,40.663568,wastewater
18892,EODY,Real Sample,Influent wasterwater EODY160 collected from Thessaloniki at 10 May 2021,"Mon, 05/10/2021 - 22:00","Mon, 04/05/2021 - 22:00",11,Thessaloniki,Greece,40.663568,22.833918,1300000,134600,,,,,,,,,,None (raw wastewater),Waste water - Municipal,Influent wastewater,,Dissolved fraction,40.663568,wastewater
18893,EODY,Real Sample,Influent wasterwater EODY160 collected from Thessaloniki at 10 May 2021,"Mon, 05/10/2021 - 22:00","Mon, 04/05/2021 - 22:00",10,Thessaloniki,Greece,40.663568,22.833918,1300000,134600,,,,,,,,,,None (raw wastewater),Waste water - Municipal,Influent wastewater,,Dissolved fraction,40.663568,wastewater
18894,EODY,Real Sample,Influent wasterwater EODY217 collected from Thessaloniki at 12 May 2021,"Wed, 05/12/2021 - 22:00","Wed, 04/07/2021 - 22:00",11,Thessaloniki,Greece,40.663568,22.833918,1299999,138100,,,,,,,,,,None (raw wastewater),Waste water - Municipal,Influent wastewater,,Dissolved fraction,40.663568,wastewater
18895,EODY,Real Sample,Influent wasterwater EODY217 collected from Thessaloniki at 12 May 2021,"Wed, 05/12/2021 - 22:00","Wed, 04/07/2021 - 22:00",10,Thessaloniki,Greece,40.663568,22.833918,1299999,138100,,,,,,,,,,None (raw wastewater),Waste water - Municipal,Influent wastewater,,Dissolved fraction,40.663568,wastewater
18896,EODY,Real Sample,Influent wasterwater EODY218 collected from Thessaloniki at 14 May 2021,"Fri, 05/14/2021 - 22:00","Fri, 04/09/2021 - 22:00",11,Thessaloniki,Greece,40.663568,22.833918,1300000,140700,,,,,,,,,,None (raw wastewater),Waste water - Municipal,Influent wastewater,,Dissolved fraction,40.663568,wastewater
18897,EODY,Real Sample,Influent wasterwater EODY218 collected from Thessaloniki at 14 May 2021,"Fri, 05/14/2021 - 22:00","Fri, 04/09/2021 - 22:00",10,Thessaloniki,Greece,40.663568,22.833918,1300000,140700,,,,,,,,,,None (raw wastewater),Waste water - Municipal,Influent wastewater,,Dissolved fraction,40.663568,wastewater
18898,EODY,Real Sample,Influent wasterwater EODY219 collected from Thessaloniki at 17 May 2021,"Mon, 05/17/2021 - 22:00","Mon, 04/12/2021 - 22:00",11,Thessaloniki,Greece,40.663568,22.833918,1300000,137150,,,,,,,,,,None (raw wastewater),Waste water - Municipal,Influent wastewater,,Dissolved fraction,40.663568,wastewater
18899,EODY,Real Sample,Influent wasterwater EODY219 collected from Thessaloniki at 17 May 2021,"Mon, 05/17/2021 - 22:00","Mon, 04/12/2021 - 22:00",10,Thessaloniki,Greece,40.663568,22.833918,1300000,137150,,,,,,,,,,None (raw wastewater),Waste water - Municipal,Influent wastewater,,Dissolved fraction,40.663568,wastewater
18900,EODY,Real Sample,Influent wasterwater EODY220 collected from Thessaloniki at 19 May 2021,"Wed, 05/19/2021 - 22:00","Wed, 04/14/2021 - 22:00",11,Thessaloniki,Greece,40.663568,22.833918,1300000,137800,,,,,,,,,,None (raw wastewater),Waste water - Municipal,Influent wastewater,,Dissolved fraction,40.663568,wastewater
18901,EODY,Real Sample,Influent wasterwater EODY220 collected from Thessaloniki at 19 May 2021,"Wed, 05/19/2021 - 22:00","Wed, 04/14/2021 - 22:00",10,Thessaloniki,Greece,40.663568,22.833918,1300000,137800,,,,,,,,,,None (raw wastewater),Waste water - Municipal,Influent wastewater,,Dissolved fraction,40.663568,wastewater
18902,EODY,Real Sample,Influent wasterwater EODY221 collected from Thessaloniki at 21 May 2021,"Fri, 05/21/2021 - 22:00","Fri, 04/16/2021 - 22:00",11,Thessaloniki,Greece,40.663568,22.833918,1300000,137650,,,,,,,,,,None (raw wastewater),Waste water - Municipal,Influent wastewater,,Dissolved fraction,40.663568,wastewater
18903,EODY,Real Sample,Influent wasterwater EODY221 collected from Thessaloniki at 21 May 2021,"Fri, 05/21/2021 - 22:00","Fri, 04/16/2021 - 22:00",10,Thessaloniki,Greece,40.663568,22.833918,1300000,137650,,,,,,,,,,None (raw wastewater),Waste water - Municipal,Influent wastewater,,Dissolved fraction,40.663568,wastewater
18904,EODY,Real Sample,Influent wasterwater EODY222 collected from Thessaloniki at 24 May 2021,"Mon, 05/24/2021 - 22:00","Mon, 04/19/2021 - 22:00",11,Thessaloniki,Greece,40.663568,22.833918,1300000,136000,,,,,,,,,,None (raw wastewater),Waste water - Municipal,Influent wastewater,,Dissolved fraction,40.663568,wastewater
18905,EODY,Real Sample,Influent wasterwater EODY222 collected from Thessaloniki at 24 May 2021,"Mon, 05/24/2021 - 22:00","Mon, 04/19/2021 - 22:00",10,Thessaloniki,Greece,40.663568,22.833918,1300000,136000,,,,,,,,,,None (raw wastewater),Waste water - Municipal,Influent wastewater,,Dissolved fraction,40.663568,wastewater
18906,EODY,Real Sample,Influent wasterwater EODY242 collected from Thessaloniki at 26 May 2021,"Wed, 05/26/2021 - 22:00","Wed, 04/21/2021 - 22:00",11,Thessaloniki,Greece,40.663568,22.833918,1300000,138000,,,,,,,,,,None (raw wastewater),Waste water - Municipal,Influent wastewater,,Dissolved fraction,40.663568,wastewater
18907,EODY,Real Sample,Influent wasterwater EODY242 collected from Thessaloniki at 26 May 2021,"Wed, 05/26/2021 - 22:00","Wed, 04/21/2021 - 22:00",10,Thessaloniki,Greece,40.663568,22.833918,1300000,138000,,,,,,,,,,None (raw wastewater),Waste water - Municipal,Influent wastewater,,Dissolved fraction,40.663568,wastewater
18908,EODY,Real Sample,Influent wasterwater EODY243 collected from Thessaloniki at 28 May 2021,"Fri, 05/28/2021 - 22:00","Fri, 04/23/2021 - 22:00",11,Thessaloniki,Greece,40.663568,22.833918,1300000,141450,,,,,,,,,,None (raw wastewater),Waste water - Municipal,Influent wastewater,,Dissolved fraction,40.663568,wastewater
18909,EODY,Real Sample,Influent wasterwater EODY243 collected from Thessaloniki at 28 May 2021,"Fri, 05/28/2021 - 22:00","Fri, 04/23/2021 - 22:00",10,Thessaloniki,Greece,40.663568,22.833918,1300000,141450,,,,,,,,,,None (raw wastewater),Waste water - Municipal,Influent wastewater,,Dissolved fraction,40.663568,wastewater
18910,EODY,Real Sample,Influent wasterwater EODY244 collected from Thessaloniki at 31 May 2021,"Mon, 05/31/2021 - 22:00","Mon, 04/26/2021 - 22:00",11,Thessaloniki,Greece,40.663568,22.833918,1300000,163800,,,,,,,,,,None (raw wastewater),Waste water - Municipal,Influent wastewater,,Dissolved fraction,40.663568,wastewater
18911,EODY,Real Sample,Influent wasterwater EODY244 collected from Thessaloniki at 31 May 2021,"Mon, 05/31/2021 - 22:00","Mon, 04/26/2021 - 22:00",10,Thessaloniki,Greece,40.663568,22.833918,1300000,163800,,,,,,,,,,None (raw wastewater),Waste water - Municipal,Influent wastewater,,Dissolved fraction,40.663568,wastewater
18912,EODY,Real Sample,Influent wasterwater EODY245 collected from Thessaloniki at 02 Jun 2021,"Wed, 06/02/2021 - 22:00","Wed, 04/28/2021 - 22:00",11,Thessaloniki,Greece,40.663568,22.833918,1300000,136850,,,,,,,,,,None (raw wastewater),Waste water - Municipal,Influent wastewater,,Dissolved fraction,40.663568,wastewater
18913,EODY,Real Sample,Influent wasterwater EODY245 collected from Thessaloniki at 02 Jun 2021,"Wed, 06/02/2021 - 22:00","Wed, 04/28/2021 - 22:00",10,Thessaloniki,Greece,40.663568,22.833918,1300000,136850,,,,,,,,,,None (raw wastewater),Waste water - Municipal,Influent wastewater,,Dissolved fraction,40.663568,wastewater
