ID,Collection,Sample type,Short name for contribution,Sampling date,Analysis date,Instrument setup used,Monitored City,Monitored country,Latitude,Longitude,Capacity population equivalent,Daily flow m^3/day,Dissolved organic carbon (mg/L),MES Dry matter content (mg/L),pH,Proxy pressures,River basin,Sludge retention time (days),Temperature (°C),Type of industry,Type of tertiary treatment,Type of treatment plant,Type of wastewater,Type of wastewater sample,Volume of the reactor (m^3),Wastewater fraction,Latitude.1,matrix
21133,"Influent and effluent wastewater from Athens 2014-2020, Eleusina 2019-2020, Tel Aviv 2016",Blank Sample,Procedural blank wastewater from Athens 2020,"Tue, 03/31/2020 - 22:00","Tue, 02/25/2020 - 22:00",11,Athens,Greece,37.939305,23.587072,5200000,720000.0,,,,,,,,,C.1. Chlorination,Primary sedimentation + activated sludge (including SBR) - C+N+DN+P,Waste water - Municipal,Influent wastewater,,Dissolved fraction,37.939305,wastewater
21134,"Influent and effluent wastewater from Athens 2014-2020, Eleusina 2019-2020, Tel Aviv 2016",Blank Sample,Procedural blank wastewater from Athens 2020,"Tue, 03/31/2020 - 22:00","Tue, 02/25/2020 - 22:00",10,Athens,Greece,37.939305,23.587072,5200000,720000.0,,,,,,,,,C.1. Chlorination,Primary sedimentation + activated sludge (including SBR) - C+N+DN+P,Waste water - Municipal,Influent wastewater,,Dissolved fraction,37.939305,wastewater
21135,"Influent and effluent wastewater from Athens 2014-2020, Eleusina 2019-2020, Tel Aviv 2016",Real Sample,Influent wastewater from Eleusina 31 March 2020,"Tue, 03/31/2020 - 22:00","Tue, 02/25/2020 - 22:00",11,Athens,Greece,38.046956,23.568663,117000,6000.0,,,,,,,,,,Primary sedimentation + activated sludge (including SBR) - C+N+DN+P,Waste water - Municipal,Influent wastewater,,Dissolved fraction,38.046956,wastewater
21136,"Influent and effluent wastewater from Athens 2014-2020, Eleusina 2019-2020, Tel Aviv 2016",Real Sample,Influent wastewater from Eleusina 31 March 2020,"Tue, 03/31/2020 - 22:00","Tue, 02/25/2020 - 22:00",10,Athens,Greece,38.046956,23.568663,117000,6000.0,,,,,,,,,,Primary sedimentation + activated sludge (including SBR) - C+N+DN+P,Waste water - Municipal,Influent wastewater,,Dissolved fraction,38.046956,wastewater
21137,"Influent and effluent wastewater from Athens 2014-2020, Eleusina 2019-2020, Tel Aviv 2016",Real Sample,Influent wastewater from Eleusina 30 March 2020,"Mon, 03/30/2020 - 22:00","Mon, 02/24/2020 - 22:00",11,Athens,Greece,38.04694,23.568663,117000,6000.0,,,,,,,,,,Primary sedimentation + activated sludge (including SBR) - C+N+DN+P,Waste water - Municipal,Influent wastewater,,Dissolved fraction,38.04694,wastewater
21138,"Influent and effluent wastewater from Athens 2014-2020, Eleusina 2019-2020, Tel Aviv 2016",Real Sample,Influent wastewater from Eleusina 30 March 2020,"Mon, 03/30/2020 - 22:00","Mon, 02/24/2020 - 22:00",10,Athens,Greece,38.04694,23.568663,117000,6000.0,,,,,,,,,,Primary sedimentation + activated sludge (including SBR) - C+N+DN+P,Waste water - Municipal,Influent wastewater,,Dissolved fraction,38.04694,wastewater
21139,"Influent and effluent wastewater from Athens 2014-2020, Eleusina 2019-2020, Tel Aviv 2016",Real Sample,Influent wastewater from Eleusina 29 March 2020,"Sun, 03/29/2020 - 22:00","Sun, 02/23/2020 - 22:00",11,Athens,Greece,38.046956,23.568663,117000,6000.0,,,,,,,,,,Primary sedimentation + activated sludge (including SBR) - C+N+DN+P,Waste water - Municipal,Influent wastewater,,Dissolved fraction,38.046956,wastewater
21140,"Influent and effluent wastewater from Athens 2014-2020, Eleusina 2019-2020, Tel Aviv 2016",Real Sample,Influent wastewater from Eleusina 29 March 2020,"Sun, 03/29/2020 - 22:00","Sun, 02/23/2020 - 22:00",10,Athens,Greece,38.046956,23.568663,117000,6000.0,,,,,,,,,,Primary sedimentation + activated sludge (including SBR) - C+N+DN+P,Waste water - Municipal,Influent wastewater,,Dissolved fraction,38.046956,wastewater
21141,"Influent and effluent wastewater from Athens 2014-2020, Eleusina 2019-2020, Tel Aviv 2016",Real Sample,Influent wastewater from Eleusina 28 March 2020,"Sat, 03/28/2020 - 22:00","Sat, 02/22/2020 - 22:00",11,Athens,Greece,38.04695,23.568663,117000,6000.0,,,,,,,,,,Primary sedimentation + activated sludge (including SBR) - C+N+DN+P,Waste water - Municipal,Influent wastewater,,Dissolved fraction,38.04695,wastewater
21142,"Influent and effluent wastewater from Athens 2014-2020, Eleusina 2019-2020, Tel Aviv 2016",Real Sample,Influent wastewater from Eleusina 28 March 2020,"Sat, 03/28/2020 - 22:00","Sat, 02/22/2020 - 22:00",10,Athens,Greece,38.04695,23.568663,117000,6000.0,,,,,,,,,,Primary sedimentation + activated sludge (including SBR) - C+N+DN+P,Waste water - Municipal,Influent wastewater,,Dissolved fraction,38.04695,wastewater
21143,"Influent and effluent wastewater from Athens 2014-2020, Eleusina 2019-2020, Tel Aviv 2016",Real Sample,Influent wastewater from Eleusina 27 March 2020,"Fri, 03/27/2020 - 22:00","Fri, 02/21/2020 - 22:00",11,Athens,Greece,38.046956,23.56866,117000,6000.0,,,,,,,,,,Primary sedimentation + activated sludge (including SBR) - C+N+DN+P,Waste water - Municipal,Influent wastewater,,Dissolved fraction,38.046956,wastewater
21144,"Influent and effluent wastewater from Athens 2014-2020, Eleusina 2019-2020, Tel Aviv 2016",Real Sample,Influent wastewater from Eleusina 27 March 2020,"Fri, 03/27/2020 - 22:00","Fri, 02/21/2020 - 22:00",10,Athens,Greece,38.046956,23.56866,117000,6000.0,,,,,,,,,,Primary sedimentation + activated sludge (including SBR) - C+N+DN+P,Waste water - Municipal,Influent wastewater,,Dissolved fraction,38.046956,wastewater
21145,"Influent and effluent wastewater from Athens 2014-2020, Eleusina 2019-2020, Tel Aviv 2016",Real Sample,Influent wastewater from Eleusina 26 March 2020,"Thu, 03/26/2020 - 22:00","Thu, 02/20/2020 - 22:00",11,Athens,Greece,38.046956,23.568663,117000,6000.0,,,,,,,,,,Primary sedimentation + activated sludge (including SBR) - C+N+DN+P,Waste water - Municipal,Influent wastewater,,Dissolved fraction,38.046956,wastewater
21146,"Influent and effluent wastewater from Athens 2014-2020, Eleusina 2019-2020, Tel Aviv 2016",Real Sample,Influent wastewater from Eleusina 26 March 2020,"Thu, 03/26/2020 - 22:00","Thu, 02/20/2020 - 22:00",10,Athens,Greece,38.046956,23.568663,117000,6000.0,,,,,,,,,,Primary sedimentation + activated sludge (including SBR) - C+N+DN+P,Waste water - Municipal,Influent wastewater,,Dissolved fraction,38.046956,wastewater
21147,"Influent and effluent wastewater from Athens 2014-2020, Eleusina 2019-2020, Tel Aviv 2016",Real Sample,Influent wastewater from Eleusina 25 March 2020,"Wed, 03/25/2020 - 22:00","Wed, 02/19/2020 - 22:00",11,Athens,Greece,38.046956,23.568663,117000,6000.0,,,,,,,,,,Primary sedimentation + activated sludge (including SBR) - C+N+DN+P,Waste water - Municipal,Influent wastewater,,Dissolved fraction,38.046956,wastewater
21148,"Influent and effluent wastewater from Athens 2014-2020, Eleusina 2019-2020, Tel Aviv 2016",Real Sample,Influent wastewater from Eleusina 25 March 2020,"Wed, 03/25/2020 - 22:00","Wed, 02/19/2020 - 22:00",10,Athens,Greece,38.046956,23.568663,117000,6000.0,,,,,,,,,,Primary sedimentation + activated sludge (including SBR) - C+N+DN+P,Waste water - Municipal,Influent wastewater,,Dissolved fraction,38.046956,wastewater
21149,"Influent and effluent wastewater from Athens 2014-2020, Eleusina 2019-2020, Tel Aviv 2016",Real Sample,Influent wastewater from Athens 31 March 2020,"Tue, 03/31/2020 - 22:00","Tue, 02/25/2020 - 22:00",11,Athens,Greece,37.938778,23.586128,5200000,720000.0,,,,,,,,,C.1. Chlorination,Primary sedimentation + activated sludge (including SBR) - C+N+DN+P,Waste water - Municipal,Influent wastewater,,Dissolved fraction,37.938778,wastewater
21150,"Influent and effluent wastewater from Athens 2014-2020, Eleusina 2019-2020, Tel Aviv 2016",Real Sample,Influent wastewater from Athens 31 March 2020,"Tue, 03/31/2020 - 22:00","Tue, 02/25/2020 - 22:00",10,Athens,Greece,37.938778,23.586128,5200000,720000.0,,,,,,,,,C.1. Chlorination,Primary sedimentation + activated sludge (including SBR) - C+N+DN+P,Waste water - Municipal,Influent wastewater,,Dissolved fraction,37.938778,wastewater
21151,"Influent and effluent wastewater from Athens 2014-2020, Eleusina 2019-2020, Tel Aviv 2016",Real Sample,Influent wastewater from Athens 30 March 2020,"Mon, 03/30/2020 - 22:00","Mon, 02/24/2020 - 22:00",11,Athens,Greece,37.938778,23.58612,5200000,720000.0,,,,,,,,,C.1. Chlorination,Primary sedimentation + activated sludge (including SBR) - C+N+DN+P,Waste water - Municipal,Influent wastewater,,Dissolved fraction,37.938778,wastewater
21152,"Influent and effluent wastewater from Athens 2014-2020, Eleusina 2019-2020, Tel Aviv 2016",Real Sample,Influent wastewater from Athens 30 March 2020,"Mon, 03/30/2020 - 22:00","Mon, 02/24/2020 - 22:00",10,Athens,Greece,37.938778,23.58612,5200000,720000.0,,,,,,,,,C.1. Chlorination,Primary sedimentation + activated sludge (including SBR) - C+N+DN+P,Waste water - Municipal,Influent wastewater,,Dissolved fraction,37.938778,wastewater
21153,"Influent and effluent wastewater from Athens 2014-2020, Eleusina 2019-2020, Tel Aviv 2016",Real Sample,Influent wastewater from Athens 29 March 2020,"Sun, 03/29/2020 - 22:00","Sun, 02/23/2020 - 22:00",11,Athens,Greece,37.938778,23.586128,5200000,720000.0,,,,,,,,,C.1. Chlorination,Primary sedimentation + activated sludge (including SBR) - C+N+DN+P,Waste water - Municipal,Influent wastewater,,Dissolved fraction,37.938778,wastewater
21154,"Influent and effluent wastewater from Athens 2014-2020, Eleusina 2019-2020, Tel Aviv 2016",Real Sample,Influent wastewater from Athens 29 March 2020,"Sun, 03/29/2020 - 22:00","Sun, 02/23/2020 - 22:00",10,Athens,Greece,37.938778,23.586128,5200000,720000.0,,,,,,,,,C.1. Chlorination,Primary sedimentation + activated sludge (including SBR) - C+N+DN+P,Waste water - Municipal,Influent wastewater,,Dissolved fraction,37.938778,wastewater
21155,"Influent and effluent wastewater from Athens 2014-2020, Eleusina 2019-2020, Tel Aviv 2016",Real Sample,Influent wastewater from Athens 28 March 2020,"Sat, 03/28/2020 - 22:00","Sat, 02/22/2020 - 22:00",11,Athens,Greece,37.938778,23.586128,5200000,720000.0,,,,,,,,,C.1. Chlorination,Primary sedimentation + activated sludge (including SBR) - C+N+DN+P,Waste water - Municipal,Influent wastewater,,Dissolved fraction,37.938778,wastewater
21156,"Influent and effluent wastewater from Athens 2014-2020, Eleusina 2019-2020, Tel Aviv 2016",Real Sample,Influent wastewater from Athens 28 March 2020,"Sat, 03/28/2020 - 22:00","Sat, 02/22/2020 - 22:00",10,Athens,Greece,37.938778,23.586128,5200000,720000.0,,,,,,,,,C.1. Chlorination,Primary sedimentation + activated sludge (including SBR) - C+N+DN+P,Waste water - Municipal,Influent wastewater,,Dissolved fraction,37.938778,wastewater
21157,"Influent and effluent wastewater from Athens 2014-2020, Eleusina 2019-2020, Tel Aviv 2016",Real Sample,Influent wastewater from Athens 27 March 2020,"Fri, 03/27/2020 - 22:00","Fri, 02/21/2020 - 22:00",11,Athens,Greece,37.939724,23.587129,5200000,720000.0,,,,,,,,,C.1. Chlorination,Primary sedimentation + activated sludge (including SBR) - C+N+DN+P,Waste water - Municipal,Influent wastewater,,Dissolved fraction,37.939724,wastewater
21158,"Influent and effluent wastewater from Athens 2014-2020, Eleusina 2019-2020, Tel Aviv 2016",Real Sample,Influent wastewater from Athens 27 March 2020,"Fri, 03/27/2020 - 22:00","Fri, 02/21/2020 - 22:00",10,Athens,Greece,37.939724,23.587129,5200000,720000.0,,,,,,,,,C.1. Chlorination,Primary sedimentation + activated sludge (including SBR) - C+N+DN+P,Waste water - Municipal,Influent wastewater,,Dissolved fraction,37.939724,wastewater
21159,"Influent and effluent wastewater from Athens 2014-2020, Eleusina 2019-2020, Tel Aviv 2016",Real Sample,Influent wastewater from Athens 26 March 2020,"Thu, 03/26/2020 - 22:00","Thu, 02/20/2020 - 22:00",11,Athens,Greece,37.98,23.73,5200000,720000.0,,,,,,,,,C.1. Chlorination,Primary sedimentation + activated sludge (including SBR) - C+N+DN+P,Waste water - Municipal,Influent wastewater,,Dissolved fraction,37.98,wastewater
21160,"Influent and effluent wastewater from Athens 2014-2020, Eleusina 2019-2020, Tel Aviv 2016",Real Sample,Influent wastewater from Athens 26 March 2020,"Thu, 03/26/2020 - 22:00","Thu, 02/20/2020 - 22:00",10,Athens,Greece,37.98,23.73,5200000,720000.0,,,,,,,,,C.1. Chlorination,Primary sedimentation + activated sludge (including SBR) - C+N+DN+P,Waste water - Municipal,Influent wastewater,,Dissolved fraction,37.98,wastewater
21161,"Influent and effluent wastewater from Athens 2014-2020, Eleusina 2019-2020, Tel Aviv 2016",Real Sample,Influent wastewater from Athens 25 March 2020,"Wed, 03/25/2020 - 22:00","Wed, 02/19/2020 - 22:00",11,Athens,Greece,37.939583,23.587621,5200000,720000.0,,,,,,,,,C.1. Chlorination,Primary sedimentation + activated sludge (including SBR) - C+N+DN+P,Waste water - Municipal,Influent wastewater,,Dissolved fraction,37.939583,wastewater
21162,"Influent and effluent wastewater from Athens 2014-2020, Eleusina 2019-2020, Tel Aviv 2016",Real Sample,Influent wastewater from Athens 25 March 2020,"Wed, 03/25/2020 - 22:00","Wed, 02/19/2020 - 22:00",10,Athens,Greece,37.939583,23.587621,5200000,720000.0,,,,,,,,,C.1. Chlorination,Primary sedimentation + activated sludge (including SBR) - C+N+DN+P,Waste water - Municipal,Influent wastewater,,Dissolved fraction,37.939583,wastewater
21163,"Influent and effluent wastewater from Athens 2014-2020, Eleusina 2019-2020, Tel Aviv 2016",Blank Sample,Procedural blank wastewater from Athens 2019,"Tue, 03/19/2019 - 22:00","Tue, 02/12/2019 - 22:00",11,Athens,Greece,37.940063,23.588202,5200000,720000.0,,,8.0,,,,,,C.1. Chlorination,Primary sedimentation + activated sludge (including SBR) - C+N+DN+P,Waste water - Municipal,Influent wastewater,,Dissolved fraction,37.940063,wastewater
21164,"Influent and effluent wastewater from Athens 2014-2020, Eleusina 2019-2020, Tel Aviv 2016",Blank Sample,Procedural blank wastewater from Athens 2019,"Tue, 03/19/2019 - 22:00","Tue, 02/12/2019 - 22:00",10,Athens,Greece,37.940063,23.588202,5200000,720000.0,,,8.0,,,,,,C.1. Chlorination,Primary sedimentation + activated sludge (including SBR) - C+N+DN+P,Waste water - Municipal,Influent wastewater,,Dissolved fraction,37.940063,wastewater
21165,"Influent and effluent wastewater from Athens 2014-2020, Eleusina 2019-2020, Tel Aviv 2016",Real Sample,Influent wastewater from Athens 08 April 2020,"Wed, 04/08/2020 - 22:00","Wed, 03/04/2020 - 22:00",11,Athens,Greece,37.98,23.73,5200000,720000.0,,,,,,,,,C.1. Chlorination,Primary sedimentation + activated sludge (including SBR) - C+N+DN+P,Waste water - Municipal,Influent wastewater,,Dissolved fraction,37.98,wastewater
21166,"Influent and effluent wastewater from Athens 2014-2020, Eleusina 2019-2020, Tel Aviv 2016",Real Sample,Influent wastewater from Athens 08 April 2020,"Wed, 04/08/2020 - 22:00","Wed, 03/04/2020 - 22:00",10,Athens,Greece,37.98,23.73,5200000,720000.0,,,,,,,,,C.1. Chlorination,Primary sedimentation + activated sludge (including SBR) - C+N+DN+P,Waste water - Municipal,Influent wastewater,,Dissolved fraction,37.98,wastewater
21167,"Influent and effluent wastewater from Athens 2014-2020, Eleusina 2019-2020, Tel Aviv 2016",Real Sample,Influent wastewater from Athens 07 April 2020,"Tue, 04/07/2020 - 22:00","Tue, 03/03/2020 - 22:00",11,Athens,Greece,37.98,23.73,5200000,720000.0,,,8.0,,,,,,C.1. Chlorination,Primary sedimentation + activated sludge (including SBR) - C+N+DN+P,Waste water - Municipal,Influent wastewater,,Dissolved fraction,37.98,wastewater
21168,"Influent and effluent wastewater from Athens 2014-2020, Eleusina 2019-2020, Tel Aviv 2016",Real Sample,Influent wastewater from Athens 07 April 2020,"Tue, 04/07/2020 - 22:00","Tue, 03/03/2020 - 22:00",10,Athens,Greece,37.98,23.73,5200000,720000.0,,,8.0,,,,,,C.1. Chlorination,Primary sedimentation + activated sludge (including SBR) - C+N+DN+P,Waste water - Municipal,Influent wastewater,,Dissolved fraction,37.98,wastewater
21169,"Influent and effluent wastewater from Athens 2014-2020, Eleusina 2019-2020, Tel Aviv 2016",Real Sample,Influent wastewater from Athens 06 April 2020,"Mon, 04/06/2020 - 22:00","Mon, 03/02/2020 - 22:00",11,Athens,Greece,37.98,23.73,5200000,720000.0,,,8.0,,,,,,C.1. Chlorination,Primary sedimentation + activated sludge (including SBR) - C+N+DN+P,Waste water - Municipal,Influent wastewater,,Dissolved fraction,37.98,wastewater
21170,"Influent and effluent wastewater from Athens 2014-2020, Eleusina 2019-2020, Tel Aviv 2016",Real Sample,Influent wastewater from Athens 06 April 2020,"Mon, 04/06/2020 - 22:00","Mon, 03/02/2020 - 22:00",10,Athens,Greece,37.98,23.73,5200000,720000.0,,,8.0,,,,,,C.1. Chlorination,Primary sedimentation + activated sludge (including SBR) - C+N+DN+P,Waste water - Municipal,Influent wastewater,,Dissolved fraction,37.98,wastewater
21171,"Influent and effluent wastewater from Athens 2014-2020, Eleusina 2019-2020, Tel Aviv 2016",Real Sample,Influent wastewater from Athens 05 April 2020,"Sun, 04/05/2020 - 22:00","Sun, 03/01/2020 - 22:00",11,Athens,Greece,37.98,23.73,5200000,720000.0,,,,,,,,,C. Disinfection,Primary sedimentation + activated sludge (including SBR) - C+N+DN+P,Waste water - Municipal,Influent wastewater,,Dissolved fraction,37.98,wastewater
21172,"Influent and effluent wastewater from Athens 2014-2020, Eleusina 2019-2020, Tel Aviv 2016",Real Sample,Influent wastewater from Athens 05 April 2020,"Sun, 04/05/2020 - 22:00","Sun, 03/01/2020 - 22:00",10,Athens,Greece,37.98,23.73,5200000,720000.0,,,,,,,,,C. Disinfection,Primary sedimentation + activated sludge (including SBR) - C+N+DN+P,Waste water - Municipal,Influent wastewater,,Dissolved fraction,37.98,wastewater
21173,"Influent and effluent wastewater from Athens 2014-2020, Eleusina 2019-2020, Tel Aviv 2016",Real Sample,Influent wastewater from Athens 04 April 2020,"Sat, 04/04/2020 - 22:00","Sat, 02/29/2020 - 22:00",11,Athens,Greece,37.98,23.73,5200000,720000.0,,,,,,,,,C.1. Chlorination,Primary sedimentation + activated sludge (including SBR) - C+N+DN+P,Waste water - Municipal,Influent wastewater,,Dissolved fraction,37.98,wastewater
21174,"Influent and effluent wastewater from Athens 2014-2020, Eleusina 2019-2020, Tel Aviv 2016",Real Sample,Influent wastewater from Athens 04 April 2020,"Sat, 04/04/2020 - 22:00","Sat, 02/29/2020 - 22:00",10,Athens,Greece,37.98,23.73,5200000,720000.0,,,,,,,,,C.1. Chlorination,Primary sedimentation + activated sludge (including SBR) - C+N+DN+P,Waste water - Municipal,Influent wastewater,,Dissolved fraction,37.98,wastewater
21175,"Influent and effluent wastewater from Athens 2014-2020, Eleusina 2019-2020, Tel Aviv 2016",Real Sample,Influent wastewater from Athens 03 April 2020,"Fri, 04/03/2020 - 22:00","Fri, 02/28/2020 - 22:00",11,Athens,Greece,37.98,23.73,5200000,720000.0,,,,,,,,,C.1. Chlorination,Primary sedimentation + activated sludge (including SBR) - C+N+DN+P,Waste water - Municipal,Influent wastewater,,Dissolved fraction,37.98,wastewater
21176,"Influent and effluent wastewater from Athens 2014-2020, Eleusina 2019-2020, Tel Aviv 2016",Real Sample,Influent wastewater from Athens 03 April 2020,"Fri, 04/03/2020 - 22:00","Fri, 02/28/2020 - 22:00",10,Athens,Greece,37.98,23.73,5200000,720000.0,,,,,,,,,C.1. Chlorination,Primary sedimentation + activated sludge (including SBR) - C+N+DN+P,Waste water - Municipal,Influent wastewater,,Dissolved fraction,37.98,wastewater
21177,"Influent and effluent wastewater from Athens 2014-2020, Eleusina 2019-2020, Tel Aviv 2016",Real Sample,Influent wastewater from Athens 02 April 2020,"Thu, 04/02/2020 - 22:00","Thu, 02/27/2020 - 22:00",11,Athens,Greece,37.98,23.73,5200000,720000.0,,,,,,,,,C.1. Chlorination,Activated sludge (including SBR) - C+N+DN+P,Waste water - Municipal,Influent wastewater,,Dissolved fraction,37.98,wastewater
21178,"Influent and effluent wastewater from Athens 2014-2020, Eleusina 2019-2020, Tel Aviv 2016",Real Sample,Influent wastewater from Athens 02 April 2020,"Thu, 04/02/2020 - 22:00","Thu, 02/27/2020 - 22:00",10,Athens,Greece,37.98,23.73,5200000,720000.0,,,,,,,,,C.1. Chlorination,Activated sludge (including SBR) - C+N+DN+P,Waste water - Municipal,Influent wastewater,,Dissolved fraction,37.98,wastewater
21179,"Influent and effluent wastewater from Athens 2014-2020, Eleusina 2019-2020, Tel Aviv 2016",Real Sample,Influent wastewater from Athens 01 April 2020,"Wed, 04/01/2020 - 22:00","Wed, 02/26/2020 - 22:00",11,Athens,Greece,37.942645,23.590175,5200000,720000.0,,,7.99,,,,,,C.1. Chlorination,Primary sedimentation + activated sludge (including SBR) - C+N+DN+P,Waste water - Municipal,Influent wastewater,,Dissolved fraction,37.942645,wastewater
21180,"Influent and effluent wastewater from Athens 2014-2020, Eleusina 2019-2020, Tel Aviv 2016",Real Sample,Influent wastewater from Athens 01 April 2020,"Wed, 04/01/2020 - 22:00","Wed, 02/26/2020 - 22:00",10,Athens,Greece,37.942645,23.590175,5200000,720000.0,,,7.99,,,,,,C.1. Chlorination,Primary sedimentation + activated sludge (including SBR) - C+N+DN+P,Waste water - Municipal,Influent wastewater,,Dissolved fraction,37.942645,wastewater
21181,"Influent and effluent wastewater from Athens 2014-2020, Eleusina 2019-2020, Tel Aviv 2016",Real Sample,Effluent wastewater from Eleusina 19 March 2019,"Tue, 03/19/2019 - 22:00","Tue, 02/12/2019 - 22:00",11,Athens,Greece,38.047697,23.569629,24910,5448.0,,,,,,,,,C.1. Chlorination,Primary sedimentation + activated sludge (including SBR) - C+N+DN+P,Waste water - Municipal,Effluent wastewater,,Dissolved fraction,38.047697,wastewater
21182,"Influent and effluent wastewater from Athens 2014-2020, Eleusina 2019-2020, Tel Aviv 2016",Real Sample,Effluent wastewater from Eleusina 19 March 2019,"Tue, 03/19/2019 - 22:00","Tue, 02/12/2019 - 22:00",10,Athens,Greece,38.047697,23.569629,24910,5448.0,,,,,,,,,C.1. Chlorination,Primary sedimentation + activated sludge (including SBR) - C+N+DN+P,Waste water - Municipal,Effluent wastewater,,Dissolved fraction,38.047697,wastewater
21183,"Influent and effluent wastewater from Athens 2014-2020, Eleusina 2019-2020, Tel Aviv 2016",Real Sample,Effluent wastewater from Eleusina 18 March 2019,"Mon, 03/18/2019 - 22:00","Mon, 02/11/2019 - 22:00",11,Athens,Greece,38.047697,23.569629,24910,5688.0,,,,,,,,,C.1. Chlorination,Primary sedimentation + activated sludge (including SBR) - C+N+DN+P,Waste water - Municipal,Effluent wastewater,,Dissolved fraction,38.047697,wastewater
21184,"Influent and effluent wastewater from Athens 2014-2020, Eleusina 2019-2020, Tel Aviv 2016",Real Sample,Effluent wastewater from Eleusina 18 March 2019,"Mon, 03/18/2019 - 22:00","Mon, 02/11/2019 - 22:00",10,Athens,Greece,38.047697,23.569629,24910,5688.0,,,,,,,,,C.1. Chlorination,Primary sedimentation + activated sludge (including SBR) - C+N+DN+P,Waste water - Municipal,Effluent wastewater,,Dissolved fraction,38.047697,wastewater
21185,"Influent and effluent wastewater from Athens 2014-2020, Eleusina 2019-2020, Tel Aviv 2016",Real Sample,Effluent wastewater from Eleusina 17 March 2019,"Sun, 03/17/2019 - 22:00","Sun, 02/10/2019 - 22:00",11,Athens,Greece,38.047697,23.569629,24910,5500.0,,,,,,,,,C.1. Chlorination,Primary sedimentation + activated sludge (including SBR) - C+N+DN+P,Waste water - Municipal,Effluent wastewater,,Dissolved fraction,38.047697,wastewater
21186,"Influent and effluent wastewater from Athens 2014-2020, Eleusina 2019-2020, Tel Aviv 2016",Real Sample,Effluent wastewater from Eleusina 17 March 2019,"Sun, 03/17/2019 - 22:00","Sun, 02/10/2019 - 22:00",10,Athens,Greece,38.047697,23.569629,24910,5500.0,,,,,,,,,C.1. Chlorination,Primary sedimentation + activated sludge (including SBR) - C+N+DN+P,Waste water - Municipal,Effluent wastewater,,Dissolved fraction,38.047697,wastewater
21187,"Influent and effluent wastewater from Athens 2014-2020, Eleusina 2019-2020, Tel Aviv 2016",Real Sample,Effluent wastewater from Eleusina 16 March 2019,"Sat, 03/16/2019 - 22:00","Sat, 02/09/2019 - 22:00",11,Athens,Greece,38.047697,23.569629,24910,5300.0,,,,,,,,,C.1. Chlorination,Primary sedimentation + activated sludge (including SBR) - C+N+DN+P,Waste water - Municipal,Effluent wastewater,,Dissolved fraction,38.047697,wastewater
21188,"Influent and effluent wastewater from Athens 2014-2020, Eleusina 2019-2020, Tel Aviv 2016",Real Sample,Effluent wastewater from Eleusina 16 March 2019,"Sat, 03/16/2019 - 22:00","Sat, 02/09/2019 - 22:00",10,Athens,Greece,38.047697,23.569629,24910,5300.0,,,,,,,,,C.1. Chlorination,Primary sedimentation + activated sludge (including SBR) - C+N+DN+P,Waste water - Municipal,Effluent wastewater,,Dissolved fraction,38.047697,wastewater
21189,"Influent and effluent wastewater from Athens 2014-2020, Eleusina 2019-2020, Tel Aviv 2016",Real Sample,Effluent wastewater from Eleusina 15 March 2019,"Fri, 03/15/2019 - 22:00","Fri, 02/08/2019 - 22:00",11,Athens,Greece,38.047697,23.569629,24910,4900.0,,,,,,,,,C.1. Chlorination,Primary sedimentation + activated sludge (including SBR) - C+N+DN+P,Waste water - Municipal,Effluent wastewater,,Dissolved fraction,38.047697,wastewater
21190,"Influent and effluent wastewater from Athens 2014-2020, Eleusina 2019-2020, Tel Aviv 2016",Real Sample,Effluent wastewater from Eleusina 15 March 2019,"Fri, 03/15/2019 - 22:00","Fri, 02/08/2019 - 22:00",10,Athens,Greece,38.047697,23.569629,24910,4900.0,,,,,,,,,C.1. Chlorination,Primary sedimentation + activated sludge (including SBR) - C+N+DN+P,Waste water - Municipal,Effluent wastewater,,Dissolved fraction,38.047697,wastewater
21191,"Influent and effluent wastewater from Athens 2014-2020, Eleusina 2019-2020, Tel Aviv 2016",Real Sample,Effluent wastewater from Eleusina 14 March 2019,"Thu, 03/14/2019 - 22:00","Thu, 02/07/2019 - 22:00",11,Athens,Greece,38.047697,23.569629,24910,5350.0,,,,,,,,,C.1. Chlorination,Primary sedimentation + activated sludge (including SBR) - C+N+DN+P,Waste water - Municipal,Effluent wastewater,,Dissolved fraction,38.047697,wastewater
21192,"Influent and effluent wastewater from Athens 2014-2020, Eleusina 2019-2020, Tel Aviv 2016",Real Sample,Effluent wastewater from Eleusina 14 March 2019,"Thu, 03/14/2019 - 22:00","Thu, 02/07/2019 - 22:00",10,Athens,Greece,38.047697,23.569629,24910,5350.0,,,,,,,,,C.1. Chlorination,Primary sedimentation + activated sludge (including SBR) - C+N+DN+P,Waste water - Municipal,Effluent wastewater,,Dissolved fraction,38.047697,wastewater
21193,"Influent and effluent wastewater from Athens 2014-2020, Eleusina 2019-2020, Tel Aviv 2016",Real Sample,Effluent wastewater from Eleusina 13 March 2019,"Wed, 03/13/2019 - 22:00","Wed, 02/06/2019 - 22:00",11,Athens,Greece,38.047697,23.569629,24910,5250.0,,,,,,,,,C.1. Chlorination,Primary sedimentation + activated sludge (including SBR) - C+N+DN+P,Waste water - Municipal,Effluent wastewater,,Dissolved fraction,38.047697,wastewater
21194,"Influent and effluent wastewater from Athens 2014-2020, Eleusina 2019-2020, Tel Aviv 2016",Real Sample,Effluent wastewater from Eleusina 13 March 2019,"Wed, 03/13/2019 - 22:00","Wed, 02/06/2019 - 22:00",10,Athens,Greece,38.047697,23.569629,24910,5250.0,,,,,,,,,C.1. Chlorination,Primary sedimentation + activated sludge (including SBR) - C+N+DN+P,Waste water - Municipal,Effluent wastewater,,Dissolved fraction,38.047697,wastewater
21195,"Influent and effluent wastewater from Athens 2014-2020, Eleusina 2019-2020, Tel Aviv 2016",Real Sample,Influent wastewater from Eleusina 19 March 2019,"Tue, 03/19/2019 - 22:00","Tue, 02/12/2019 - 22:00",11,Athens,Greece,38.047697,23.569629,24910,5448.0,,,,,,,,,C.1. Chlorination,Primary sedimentation + activated sludge (including SBR) - C+N+DN+P,Waste water - Municipal,Influent wastewater,,Dissolved fraction,38.047697,wastewater
21196,"Influent and effluent wastewater from Athens 2014-2020, Eleusina 2019-2020, Tel Aviv 2016",Real Sample,Influent wastewater from Eleusina 19 March 2019,"Tue, 03/19/2019 - 22:00","Tue, 02/12/2019 - 22:00",10,Athens,Greece,38.047697,23.569629,24910,5448.0,,,,,,,,,C.1. Chlorination,Primary sedimentation + activated sludge (including SBR) - C+N+DN+P,Waste water - Municipal,Influent wastewater,,Dissolved fraction,38.047697,wastewater
21197,"Influent and effluent wastewater from Athens 2014-2020, Eleusina 2019-2020, Tel Aviv 2016",Real Sample,Influent wastewater from Eleusina 18 March 2019,"Mon, 03/18/2019 - 22:00","Mon, 02/11/2019 - 22:00",11,Athens,Greece,38.047697,23.569629,24910,5688.0,,,,,,,,,C.1. Chlorination,Primary sedimentation + activated sludge (including SBR) - C+N+DN+P,Waste water - Municipal,Influent wastewater,,Dissolved fraction,38.047697,wastewater
21198,"Influent and effluent wastewater from Athens 2014-2020, Eleusina 2019-2020, Tel Aviv 2016",Real Sample,Influent wastewater from Eleusina 18 March 2019,"Mon, 03/18/2019 - 22:00","Mon, 02/11/2019 - 22:00",10,Athens,Greece,38.047697,23.569629,24910,5688.0,,,,,,,,,C.1. Chlorination,Primary sedimentation + activated sludge (including SBR) - C+N+DN+P,Waste water - Municipal,Influent wastewater,,Dissolved fraction,38.047697,wastewater
21199,"Influent and effluent wastewater from Athens 2014-2020, Eleusina 2019-2020, Tel Aviv 2016",Real Sample,Influent wastewater from Eleusina 17 March 2019,"Sun, 03/17/2019 - 22:00","Sun, 02/10/2019 - 22:00",11,Athens,Greece,38.047697,23.569629,24910,5500.0,,,,,,,,,C.1. Chlorination,Primary sedimentation + activated sludge (including SBR) - C+N+DN+P,Waste water - Municipal,Influent wastewater,,Dissolved fraction,38.047697,wastewater
21200,"Influent and effluent wastewater from Athens 2014-2020, Eleusina 2019-2020, Tel Aviv 2016",Real Sample,Influent wastewater from Eleusina 17 March 2019,"Sun, 03/17/2019 - 22:00","Sun, 02/10/2019 - 22:00",10,Athens,Greece,38.047697,23.569629,24910,5500.0,,,,,,,,,C.1. Chlorination,Primary sedimentation + activated sludge (including SBR) - C+N+DN+P,Waste water - Municipal,Influent wastewater,,Dissolved fraction,38.047697,wastewater
21201,"Influent and effluent wastewater from Athens 2014-2020, Eleusina 2019-2020, Tel Aviv 2016",Real Sample,Influent wastewater from Eleusina 16 March 2019,"Sat, 03/16/2019 - 22:00","Sat, 02/09/2019 - 22:00",11,Athens,Greece,38.047697,23.569629,24910,5300.0,,,,,,,,,C.1. Chlorination,Primary sedimentation + activated sludge (including SBR) - C+N+DN+P,Waste water - Municipal,Influent wastewater,,Dissolved fraction,38.047697,wastewater
21202,"Influent and effluent wastewater from Athens 2014-2020, Eleusina 2019-2020, Tel Aviv 2016",Real Sample,Influent wastewater from Eleusina 16 March 2019,"Sat, 03/16/2019 - 22:00","Sat, 02/09/2019 - 22:00",10,Athens,Greece,38.047697,23.569629,24910,5300.0,,,,,,,,,C.1. Chlorination,Primary sedimentation + activated sludge (including SBR) - C+N+DN+P,Waste water - Municipal,Influent wastewater,,Dissolved fraction,38.047697,wastewater
21203,"Influent and effluent wastewater from Athens 2014-2020, Eleusina 2019-2020, Tel Aviv 2016",Real Sample,Influent wastewater from Eleusina 15 March 2019,"Fri, 03/15/2019 - 22:00","Fri, 02/08/2019 - 22:00",11,Athens,Greece,38.047697,23.569629,24910,4900.0,,,,,,,,,C.1. Chlorination,Primary sedimentation + activated sludge (including SBR) - C+N+DN+P,Waste water - Municipal,Influent wastewater,,Dissolved fraction,38.047697,wastewater
21204,"Influent and effluent wastewater from Athens 2014-2020, Eleusina 2019-2020, Tel Aviv 2016",Real Sample,Influent wastewater from Eleusina 15 March 2019,"Fri, 03/15/2019 - 22:00","Fri, 02/08/2019 - 22:00",10,Athens,Greece,38.047697,23.569629,24910,4900.0,,,,,,,,,C.1. Chlorination,Primary sedimentation + activated sludge (including SBR) - C+N+DN+P,Waste water - Municipal,Influent wastewater,,Dissolved fraction,38.047697,wastewater
21205,"Influent and effluent wastewater from Athens 2014-2020, Eleusina 2019-2020, Tel Aviv 2016",Real Sample,Influent wastewater from Eleusina 14 March 2019,"Thu, 03/14/2019 - 22:00","Thu, 02/07/2019 - 22:00",11,Athens,Greece,38.047697,23.569629,24910,5350.0,,,,,,,,,C.1. Chlorination,Primary sedimentation + activated sludge (including SBR) - C+N+DN+P,Waste water - Municipal,Influent wastewater,,Dissolved fraction,38.047697,wastewater
21206,"Influent and effluent wastewater from Athens 2014-2020, Eleusina 2019-2020, Tel Aviv 2016",Real Sample,Influent wastewater from Eleusina 14 March 2019,"Thu, 03/14/2019 - 22:00","Thu, 02/07/2019 - 22:00",10,Athens,Greece,38.047697,23.569629,24910,5350.0,,,,,,,,,C.1. Chlorination,Primary sedimentation + activated sludge (including SBR) - C+N+DN+P,Waste water - Municipal,Influent wastewater,,Dissolved fraction,38.047697,wastewater
21207,"Influent and effluent wastewater from Athens 2014-2020, Eleusina 2019-2020, Tel Aviv 2016",Real Sample,Influent wastewater from Eleusina 13 March 2019,"Wed, 03/13/2019 - 22:00","Wed, 02/06/2019 - 22:00",11,Athens,Greece,37.98,23.73,24910,5250.0,,,,,,,,,C.1. Chlorination,Primary sedimentation + activated sludge (including SBR) - C+N+DN+P,Waste water - Municipal,Influent wastewater,,Dissolved fraction,37.98,wastewater
21208,"Influent and effluent wastewater from Athens 2014-2020, Eleusina 2019-2020, Tel Aviv 2016",Real Sample,Influent wastewater from Eleusina 13 March 2019,"Wed, 03/13/2019 - 22:00","Wed, 02/06/2019 - 22:00",10,Athens,Greece,37.98,23.73,24910,5250.0,,,,,,,,,C.1. Chlorination,Primary sedimentation + activated sludge (including SBR) - C+N+DN+P,Waste water - Municipal,Influent wastewater,,Dissolved fraction,37.98,wastewater
21209,"Influent and effluent wastewater from Athens 2014-2020, Eleusina 2019-2020, Tel Aviv 2016",Real Sample,Effluent wastewater from Athens 19 March 2019,"Tue, 03/19/2019 - 22:00","Tue, 02/12/2019 - 22:00",11,Athens,Greece,37.941263,23.588674,5199999,747698.0,,,,,,,19.3,,C.1. Chlorination,Primary sedimentation + activated sludge (including SBR) - C+N+DN+P,Waste water - Municipal,Effluent wastewater,,Dissolved fraction,37.941263,wastewater
21210,"Influent and effluent wastewater from Athens 2014-2020, Eleusina 2019-2020, Tel Aviv 2016",Real Sample,Effluent wastewater from Athens 19 March 2019,"Tue, 03/19/2019 - 22:00","Tue, 02/12/2019 - 22:00",10,Athens,Greece,37.941263,23.588674,5199999,747698.0,,,,,,,19.3,,C.1. Chlorination,Primary sedimentation + activated sludge (including SBR) - C+N+DN+P,Waste water - Municipal,Effluent wastewater,,Dissolved fraction,37.941263,wastewater
21211,"Influent and effluent wastewater from Athens 2014-2020, Eleusina 2019-2020, Tel Aviv 2016",Real Sample,Effluent wastewater from Athens 18 March 2019,"Mon, 03/18/2019 - 22:00","Mon, 02/11/2019 - 22:00",11,Athens,Greece,37.941263,23.588674,5200000,749500.0,,,7.66,,,,19.1,,C.1. Chlorination,Primary sedimentation + activated sludge (including SBR) - C+N+DN+P,Waste water - Municipal,Effluent wastewater,,Dissolved fraction,37.941263,wastewater
21212,"Influent and effluent wastewater from Athens 2014-2020, Eleusina 2019-2020, Tel Aviv 2016",Real Sample,Effluent wastewater from Athens 18 March 2019,"Mon, 03/18/2019 - 22:00","Mon, 02/11/2019 - 22:00",10,Athens,Greece,37.941263,23.588674,5200000,749500.0,,,7.66,,,,19.1,,C.1. Chlorination,Primary sedimentation + activated sludge (including SBR) - C+N+DN+P,Waste water - Municipal,Effluent wastewater,,Dissolved fraction,37.941263,wastewater
21213,"Influent and effluent wastewater from Athens 2014-2020, Eleusina 2019-2020, Tel Aviv 2016",Real Sample,Effluent wastewater from Athens 17 March 2019,"Sun, 03/17/2019 - 22:00","Sun, 02/10/2019 - 22:00",11,Athens,Greece,37.941263,23.588674,5200000,742800.0,,,,,,,18.7,,C.1. Chlorination,Primary sedimentation + activated sludge (including SBR) - C+N+DN+P,Waste water - Municipal,Effluent wastewater,,Dissolved fraction,37.941263,wastewater
21214,"Influent and effluent wastewater from Athens 2014-2020, Eleusina 2019-2020, Tel Aviv 2016",Real Sample,Effluent wastewater from Athens 17 March 2019,"Sun, 03/17/2019 - 22:00","Sun, 02/10/2019 - 22:00",10,Athens,Greece,37.941263,23.588674,5200000,742800.0,,,,,,,18.7,,C.1. Chlorination,Primary sedimentation + activated sludge (including SBR) - C+N+DN+P,Waste water - Municipal,Effluent wastewater,,Dissolved fraction,37.941263,wastewater
21215,"Influent and effluent wastewater from Athens 2014-2020, Eleusina 2019-2020, Tel Aviv 2016",Real Sample,Effluent wastewater from Athens 16 March 2019,"Sat, 03/16/2019 - 22:00","Sat, 02/09/2019 - 22:00",11,Athens,Greece,37.941263,23.588674,5200000,778900.0,,,,,,,17.9,,C.1. Chlorination,Primary sedimentation + activated sludge (including SBR) - C+N+DN+P,Waste water - Municipal,Effluent wastewater,,Dissolved fraction,37.941263,wastewater
21216,"Influent and effluent wastewater from Athens 2014-2020, Eleusina 2019-2020, Tel Aviv 2016",Real Sample,Effluent wastewater from Athens 16 March 2019,"Sat, 03/16/2019 - 22:00","Sat, 02/09/2019 - 22:00",10,Athens,Greece,37.941263,23.588674,5200000,778900.0,,,,,,,17.9,,C.1. Chlorination,Primary sedimentation + activated sludge (including SBR) - C+N+DN+P,Waste water - Municipal,Effluent wastewater,,Dissolved fraction,37.941263,wastewater
21217,"Influent and effluent wastewater from Athens 2014-2020, Eleusina 2019-2020, Tel Aviv 2016",Real Sample,Effluent wastewater from Athens 15 March 2019,"Fri, 03/15/2019 - 22:00","Fri, 02/08/2019 - 22:00",11,Athens,Greece,37.941263,23.588674,5200000,764700.0,,,,,,,17.6,,C.1. Chlorination,Primary sedimentation + activated sludge (including SBR) - C+N+DN+P,Waste water - Municipal,Effluent wastewater,,Dissolved fraction,37.941263,wastewater
21218,"Influent and effluent wastewater from Athens 2014-2020, Eleusina 2019-2020, Tel Aviv 2016",Real Sample,Effluent wastewater from Athens 15 March 2019,"Fri, 03/15/2019 - 22:00","Fri, 02/08/2019 - 22:00",10,Athens,Greece,37.941263,23.588674,5200000,764700.0,,,,,,,17.6,,C.1. Chlorination,Primary sedimentation + activated sludge (including SBR) - C+N+DN+P,Waste water - Municipal,Effluent wastewater,,Dissolved fraction,37.941263,wastewater
21219,"Influent and effluent wastewater from Athens 2014-2020, Eleusina 2019-2020, Tel Aviv 2016",Real Sample,Effluent wastewater from Athens 14 March 2019,"Thu, 03/14/2019 - 22:00","Thu, 02/07/2019 - 22:00",11,Athens,Greece,37.941263,23.588674,5200000,1011200.0,,,,,,,18.3,,C.1. Chlorination,Primary sedimentation + activated sludge (including SBR) - C+N+DN+P,Waste water - Municipal,Effluent wastewater,,Dissolved fraction,37.941263,wastewater
21220,"Influent and effluent wastewater from Athens 2014-2020, Eleusina 2019-2020, Tel Aviv 2016",Real Sample,Effluent wastewater from Athens 14 March 2019,"Thu, 03/14/2019 - 22:00","Thu, 02/07/2019 - 22:00",10,Athens,Greece,37.941263,23.588674,5200000,1011200.0,,,,,,,18.3,,C.1. Chlorination,Primary sedimentation + activated sludge (including SBR) - C+N+DN+P,Waste water - Municipal,Effluent wastewater,,Dissolved fraction,37.941263,wastewater
21221,"Influent and effluent wastewater from Athens 2014-2020, Eleusina 2019-2020, Tel Aviv 2016",Real Sample,Effluent wastewater from Athens 13 March 2019,"Wed, 03/13/2019 - 22:00","Wed, 02/06/2019 - 22:00",11,Athens,Greece,37.941263,23.588674,5200000,769300.0,,,7.63,,,,18.1,,C.1. Chlorination,Primary sedimentation + activated sludge (including SBR) - C+N+DN+P,Waste water - Municipal,Effluent wastewater,,Dissolved fraction,37.941263,wastewater
21222,"Influent and effluent wastewater from Athens 2014-2020, Eleusina 2019-2020, Tel Aviv 2016",Real Sample,Effluent wastewater from Athens 13 March 2019,"Wed, 03/13/2019 - 22:00","Wed, 02/06/2019 - 22:00",10,Athens,Greece,37.941263,23.588674,5200000,769300.0,,,7.63,,,,18.1,,C.1. Chlorination,Primary sedimentation + activated sludge (including SBR) - C+N+DN+P,Waste water - Municipal,Effluent wastewater,,Dissolved fraction,37.941263,wastewater
21223,"Influent and effluent wastewater from Athens 2014-2020, Eleusina 2019-2020, Tel Aviv 2016",Real Sample,Influent wastewater from Athens 19 March 2019,"Tue, 03/19/2019 - 22:00","Tue, 02/12/2019 - 22:00",11,Athens,Greece,37.941263,23.588674,5200000,747700.0,,,,,,,19.3,,C.1. Chlorination,Primary sedimentation + activated sludge (including SBR) - C+N+DN+P,Waste water - Municipal,Influent wastewater,,Dissolved fraction,37.941263,wastewater
21224,"Influent and effluent wastewater from Athens 2014-2020, Eleusina 2019-2020, Tel Aviv 2016",Real Sample,Influent wastewater from Athens 19 March 2019,"Tue, 03/19/2019 - 22:00","Tue, 02/12/2019 - 22:00",10,Athens,Greece,37.941263,23.588674,5200000,747700.0,,,,,,,19.3,,C.1. Chlorination,Primary sedimentation + activated sludge (including SBR) - C+N+DN+P,Waste water - Municipal,Influent wastewater,,Dissolved fraction,37.941263,wastewater
21225,"Influent and effluent wastewater from Athens 2014-2020, Eleusina 2019-2020, Tel Aviv 2016",Real Sample,Influent wastewater from Athens 18 March 2019,"Mon, 03/18/2019 - 22:00","Mon, 02/11/2019 - 22:00",11,Athens,Greece,37.941263,23.588674,5200000,749500.0,,,7.7,,,,19.1,,C.1. Chlorination,Primary sedimentation + activated sludge (including SBR) - C+N+DN+P,Waste water - Municipal,Influent wastewater,,Dissolved fraction,37.941263,wastewater
21226,"Influent and effluent wastewater from Athens 2014-2020, Eleusina 2019-2020, Tel Aviv 2016",Real Sample,Influent wastewater from Athens 18 March 2019,"Mon, 03/18/2019 - 22:00","Mon, 02/11/2019 - 22:00",10,Athens,Greece,37.941263,23.588674,5200000,749500.0,,,7.7,,,,19.1,,C.1. Chlorination,Primary sedimentation + activated sludge (including SBR) - C+N+DN+P,Waste water - Municipal,Influent wastewater,,Dissolved fraction,37.941263,wastewater
21227,"Influent and effluent wastewater from Athens 2014-2020, Eleusina 2019-2020, Tel Aviv 2016",Real Sample,Influent wastewater from Athens 17 March 2019,"Sun, 03/17/2019 - 22:00","Sun, 02/10/2019 - 22:00",11,Athens,Greece,37.94126,23.588674,5200000,742800.0,,,,,,,18.7,,C.1. Chlorination,Primary sedimentation + activated sludge (including SBR) - C+N+DN+P,Waste water - Municipal,Influent wastewater,,Dissolved fraction,37.94126,wastewater
21228,"Influent and effluent wastewater from Athens 2014-2020, Eleusina 2019-2020, Tel Aviv 2016",Real Sample,Influent wastewater from Athens 17 March 2019,"Sun, 03/17/2019 - 22:00","Sun, 02/10/2019 - 22:00",10,Athens,Greece,37.94126,23.588674,5200000,742800.0,,,,,,,18.7,,C.1. Chlorination,Primary sedimentation + activated sludge (including SBR) - C+N+DN+P,Waste water - Municipal,Influent wastewater,,Dissolved fraction,37.94126,wastewater
21229,"Influent and effluent wastewater from Athens 2014-2020, Eleusina 2019-2020, Tel Aviv 2016",Real Sample,Influent wastewater from Athens 16 March 2019,"Sat, 03/16/2019 - 22:00","Sat, 02/09/2019 - 22:00",11,Athens,Greece,37.941263,23.588674,5200000,778900.0,,,,,,,17.9,,C.1. Chlorination,Primary sedimentation + activated sludge (including SBR) - C+N+DN+P,Waste water - Municipal,Influent wastewater,,Dissolved fraction,37.941263,wastewater
21230,"Influent and effluent wastewater from Athens 2014-2020, Eleusina 2019-2020, Tel Aviv 2016",Real Sample,Influent wastewater from Athens 16 March 2019,"Sat, 03/16/2019 - 22:00","Sat, 02/09/2019 - 22:00",10,Athens,Greece,37.941263,23.588674,5200000,778900.0,,,,,,,17.9,,C.1. Chlorination,Primary sedimentation + activated sludge (including SBR) - C+N+DN+P,Waste water - Municipal,Influent wastewater,,Dissolved fraction,37.941263,wastewater
21231,"Influent and effluent wastewater from Athens 2014-2020, Eleusina 2019-2020, Tel Aviv 2016",Real Sample,Influent wastewater from Athens 15 March 2019,"Fri, 03/15/2019 - 22:00","Fri, 02/08/2019 - 22:00",11,Athens,Greece,37.941263,23.588674,5200000,764700.0,,,,,,,17.6,,C.1. Chlorination,Primary sedimentation + activated sludge (including SBR) - C+N+DN+P,Waste water - Municipal,Influent wastewater,,Dissolved fraction,37.941263,wastewater
21232,"Influent and effluent wastewater from Athens 2014-2020, Eleusina 2019-2020, Tel Aviv 2016",Real Sample,Influent wastewater from Athens 15 March 2019,"Fri, 03/15/2019 - 22:00","Fri, 02/08/2019 - 22:00",10,Athens,Greece,37.941263,23.588674,5200000,764700.0,,,,,,,17.6,,C.1. Chlorination,Primary sedimentation + activated sludge (including SBR) - C+N+DN+P,Waste water - Municipal,Influent wastewater,,Dissolved fraction,37.941263,wastewater
21233,"Influent and effluent wastewater from Athens 2014-2020, Eleusina 2019-2020, Tel Aviv 2016",Real Sample,Influent wastewater from Athens 14 March 2019,"Thu, 03/14/2019 - 22:00","Thu, 02/07/2019 - 22:00",11,Athens,Greece,37.941263,23.588674,5200000,1011200.0,,,7.5,,,,18.3,,C.1. Chlorination,Primary sedimentation + activated sludge (including SBR) - C+N+DN+P,Waste water - Municipal,Influent wastewater,,Dissolved fraction,37.941263,wastewater
21234,"Influent and effluent wastewater from Athens 2014-2020, Eleusina 2019-2020, Tel Aviv 2016",Real Sample,Influent wastewater from Athens 14 March 2019,"Thu, 03/14/2019 - 22:00","Thu, 02/07/2019 - 22:00",10,Athens,Greece,37.941263,23.588674,5200000,1011200.0,,,7.5,,,,18.3,,C.1. Chlorination,Primary sedimentation + activated sludge (including SBR) - C+N+DN+P,Waste water - Municipal,Influent wastewater,,Dissolved fraction,37.941263,wastewater
21235,"Influent and effluent wastewater from Athens 2014-2020, Eleusina 2019-2020, Tel Aviv 2016",Real Sample,Influent wastewater from Athens 13 March 2019,"Wed, 03/13/2019 - 22:00","Wed, 02/06/2019 - 22:00",11,Athens,Greece,37.941263,23.588674,5200000,769300.0,,,,,,,18.09,,C.1. Chlorination,Primary sedimentation + activated sludge (including SBR) - C+N+DN+P,Waste water - Municipal,Influent wastewater,,Dissolved fraction,37.941263,wastewater
21236,"Influent and effluent wastewater from Athens 2014-2020, Eleusina 2019-2020, Tel Aviv 2016",Real Sample,Influent wastewater from Athens 13 March 2019,"Wed, 03/13/2019 - 22:00","Wed, 02/06/2019 - 22:00",10,Athens,Greece,37.941263,23.588674,5200000,769300.0,,,,,,,18.09,,C.1. Chlorination,Primary sedimentation + activated sludge (including SBR) - C+N+DN+P,Waste water - Municipal,Influent wastewater,,Dissolved fraction,37.941263,wastewater
21237,"Influent and effluent wastewater from Athens 2014-2020, Eleusina 2019-2020, Tel Aviv 2016",Real Sample,Effluent wastewater from Athens 20 March 2018,"Tue, 03/20/2018 - 22:00","Tue, 02/13/2018 - 22:00",11,Athens,Greece,37.941263,23.588674,5200000,730700.0,,,,,,,19.8,,C.1. Chlorination,Primary sedimentation + activated sludge (including SBR) - C+N+DN+P,Waste water - Municipal,Effluent wastewater,,Dissolved fraction,37.941263,wastewater
21238,"Influent and effluent wastewater from Athens 2014-2020, Eleusina 2019-2020, Tel Aviv 2016",Real Sample,Effluent wastewater from Athens 20 March 2018,"Tue, 03/20/2018 - 22:00","Tue, 02/13/2018 - 22:00",10,Athens,Greece,37.941263,23.588674,5200000,730700.0,,,,,,,19.8,,C.1. Chlorination,Primary sedimentation + activated sludge (including SBR) - C+N+DN+P,Waste water - Municipal,Effluent wastewater,,Dissolved fraction,37.941263,wastewater
21239,"Influent and effluent wastewater from Athens 2014-2020, Eleusina 2019-2020, Tel Aviv 2016",Real Sample,Effluent wastewater from Athens 19 March 2018,"Mon, 03/19/2018 - 22:00","Mon, 02/12/2018 - 22:00",11,Athens,Greece,37.941263,23.588674,5200000,834300.0,,,7.7,,,,20.0,,C.1. Chlorination,Primary sedimentation + activated sludge (including SBR) - C+N+DN+P,Waste water - Municipal,Effluent wastewater,,Dissolved fraction,37.941263,wastewater
21240,"Influent and effluent wastewater from Athens 2014-2020, Eleusina 2019-2020, Tel Aviv 2016",Real Sample,Effluent wastewater from Athens 19 March 2018,"Mon, 03/19/2018 - 22:00","Mon, 02/12/2018 - 22:00",10,Athens,Greece,37.941263,23.588674,5200000,834300.0,,,7.7,,,,20.0,,C.1. Chlorination,Primary sedimentation + activated sludge (including SBR) - C+N+DN+P,Waste water - Municipal,Effluent wastewater,,Dissolved fraction,37.941263,wastewater
21241,"Influent and effluent wastewater from Athens 2014-2020, Eleusina 2019-2020, Tel Aviv 2016",Real Sample,Effluent wastewater from Athens 18 March 2018,"Sun, 03/18/2018 - 22:00","Sun, 02/11/2018 - 22:00",11,Athens,Greece,37.941263,23.588674,5200000,706200.0,,,,,,,19.9,,C.1. Chlorination,Primary sedimentation + activated sludge (including SBR) - C+N+DN+P,Waste water - Municipal,Effluent wastewater,,Dissolved fraction,37.941263,wastewater
21242,"Influent and effluent wastewater from Athens 2014-2020, Eleusina 2019-2020, Tel Aviv 2016",Real Sample,Effluent wastewater from Athens 18 March 2018,"Sun, 03/18/2018 - 22:00","Sun, 02/11/2018 - 22:00",10,Athens,Greece,37.941263,23.588674,5200000,706200.0,,,,,,,19.9,,C.1. Chlorination,Primary sedimentation + activated sludge (including SBR) - C+N+DN+P,Waste water - Municipal,Effluent wastewater,,Dissolved fraction,37.941263,wastewater
21243,"Influent and effluent wastewater from Athens 2014-2020, Eleusina 2019-2020, Tel Aviv 2016",Real Sample,Effluent wastewater from Athens 17 March 2018,"Sat, 03/17/2018 - 22:00","Sat, 02/10/2018 - 22:00",11,Athens,Greece,37.941263,23.588674,5200000,734200.0,,,,,,,20.0,,C.1. Chlorination,Primary sedimentation + activated sludge (including SBR) - C+N+DN+P,Waste water - Municipal,Effluent wastewater,,Dissolved fraction,37.941263,wastewater
21244,"Influent and effluent wastewater from Athens 2014-2020, Eleusina 2019-2020, Tel Aviv 2016",Real Sample,Effluent wastewater from Athens 17 March 2018,"Sat, 03/17/2018 - 22:00","Sat, 02/10/2018 - 22:00",10,Athens,Greece,37.941263,23.588674,5200000,734200.0,,,,,,,20.0,,C.1. Chlorination,Primary sedimentation + activated sludge (including SBR) - C+N+DN+P,Waste water - Municipal,Effluent wastewater,,Dissolved fraction,37.941263,wastewater
21245,"Influent and effluent wastewater from Athens 2014-2020, Eleusina 2019-2020, Tel Aviv 2016",Real Sample,Effluent wastewater from Athens 16 March 2018,"Fri, 03/16/2018 - 22:00","Fri, 02/09/2018 - 22:00",11,Athens,Greece,37.941263,23.588674,5200000,712200.0,,,,,,,20.0,,C.1. Chlorination,Primary sedimentation + activated sludge (including SBR) - C+N+DN+P,Waste water - Municipal,Effluent wastewater,,Dissolved fraction,37.941263,wastewater
21246,"Influent and effluent wastewater from Athens 2014-2020, Eleusina 2019-2020, Tel Aviv 2016",Real Sample,Effluent wastewater from Athens 16 March 2018,"Fri, 03/16/2018 - 22:00","Fri, 02/09/2018 - 22:00",10,Athens,Greece,37.941263,23.588674,5200000,712200.0,,,,,,,20.0,,C.1. Chlorination,Primary sedimentation + activated sludge (including SBR) - C+N+DN+P,Waste water - Municipal,Effluent wastewater,,Dissolved fraction,37.941263,wastewater
21247,"Influent and effluent wastewater from Athens 2014-2020, Eleusina 2019-2020, Tel Aviv 2016",Real Sample,Effluent wastewater from Athens 15 March 2018,"Thu, 03/15/2018 - 22:00","Thu, 02/08/2018 - 22:00",11,Athens,Greece,37.94126,23.588674,5200000,727488.0,,,,,,,19.9,,C.1. Chlorination,Primary sedimentation + activated sludge (including SBR) - C+N+DN+P,Waste water - Municipal,Effluent wastewater,,Dissolved fraction,37.94126,wastewater
21248,"Influent and effluent wastewater from Athens 2014-2020, Eleusina 2019-2020, Tel Aviv 2016",Real Sample,Effluent wastewater from Athens 15 March 2018,"Thu, 03/15/2018 - 22:00","Thu, 02/08/2018 - 22:00",10,Athens,Greece,37.94126,23.588674,5200000,727488.0,,,,,,,19.9,,C.1. Chlorination,Primary sedimentation + activated sludge (including SBR) - C+N+DN+P,Waste water - Municipal,Effluent wastewater,,Dissolved fraction,37.94126,wastewater
21249,"Influent and effluent wastewater from Athens 2014-2020, Eleusina 2019-2020, Tel Aviv 2016",Real Sample,Effluent wastewater from Athens 14 March 2018,"Wed, 03/14/2018 - 22:00","Wed, 02/07/2018 - 22:00",11,Athens,Greece,37.941263,23.588674,5200000,731300.0,,,7.7,,,,19.9,,C.1. Chlorination,Primary sedimentation + activated sludge (including SBR) - C+N+DN+P,Waste water - Municipal,Effluent wastewater,,Dissolved fraction,37.941263,wastewater
21250,"Influent and effluent wastewater from Athens 2014-2020, Eleusina 2019-2020, Tel Aviv 2016",Real Sample,Effluent wastewater from Athens 14 March 2018,"Wed, 03/14/2018 - 22:00","Wed, 02/07/2018 - 22:00",10,Athens,Greece,37.941263,23.588674,5200000,731300.0,,,7.7,,,,19.9,,C.1. Chlorination,Primary sedimentation + activated sludge (including SBR) - C+N+DN+P,Waste water - Municipal,Effluent wastewater,,Dissolved fraction,37.941263,wastewater
21251,"Influent and effluent wastewater from Athens 2014-2020, Eleusina 2019-2020, Tel Aviv 2016",Real Sample,Influent wastewater from Athens 20 March 2018,"Tue, 03/20/2018 - 22:00","Tue, 02/13/2018 - 22:00",11,Athens,Greece,37.941263,23.588674,5200000,730700.0,,,,,,,19.8,,C.1. Chlorination,Primary sedimentation + activated sludge (including SBR) - C+N+DN+P,Waste water - Municipal,Influent wastewater,,Dissolved fraction,37.941263,wastewater
21252,"Influent and effluent wastewater from Athens 2014-2020, Eleusina 2019-2020, Tel Aviv 2016",Real Sample,Influent wastewater from Athens 20 March 2018,"Tue, 03/20/2018 - 22:00","Tue, 02/13/2018 - 22:00",10,Athens,Greece,37.941263,23.588674,5200000,730700.0,,,,,,,19.8,,C.1. Chlorination,Primary sedimentation + activated sludge (including SBR) - C+N+DN+P,Waste water - Municipal,Influent wastewater,,Dissolved fraction,37.941263,wastewater
21253,"Influent and effluent wastewater from Athens 2014-2020, Eleusina 2019-2020, Tel Aviv 2016",Real Sample,Influent wastewater from Athens 19 March 2018,"Mon, 03/19/2018 - 22:00","Mon, 02/12/2018 - 22:00",11,Athens,Greece,37.941263,23.588674,5200000,834300.0,,,7.6,,,,20.0,,C.1. Chlorination,Primary sedimentation + activated sludge (including SBR) - C+N+DN+P,Waste water - Municipal,Influent wastewater,,Dissolved fraction,37.941263,wastewater
21254,"Influent and effluent wastewater from Athens 2014-2020, Eleusina 2019-2020, Tel Aviv 2016",Real Sample,Influent wastewater from Athens 19 March 2018,"Mon, 03/19/2018 - 22:00","Mon, 02/12/2018 - 22:00",10,Athens,Greece,37.941263,23.588674,5200000,834300.0,,,7.6,,,,20.0,,C.1. Chlorination,Primary sedimentation + activated sludge (including SBR) - C+N+DN+P,Waste water - Municipal,Influent wastewater,,Dissolved fraction,37.941263,wastewater
21255,"Influent and effluent wastewater from Athens 2014-2020, Eleusina 2019-2020, Tel Aviv 2016",Real Sample,Influent wastewater from Athens 18 March 2018,"Sun, 03/18/2018 - 22:00","Sun, 02/11/2018 - 22:00",11,Athens,Greece,37.94126,23.588674,5200000,706200.0,,,,,,,19.9,,C.1. Chlorination,Primary sedimentation + activated sludge (including SBR) - C+N+DN+P,Waste water - Municipal,Influent wastewater,,Dissolved fraction,37.94126,wastewater
21256,"Influent and effluent wastewater from Athens 2014-2020, Eleusina 2019-2020, Tel Aviv 2016",Real Sample,Influent wastewater from Athens 18 March 2018,"Sun, 03/18/2018 - 22:00","Sun, 02/11/2018 - 22:00",10,Athens,Greece,37.94126,23.588674,5200000,706200.0,,,,,,,19.9,,C.1. Chlorination,Primary sedimentation + activated sludge (including SBR) - C+N+DN+P,Waste water - Municipal,Influent wastewater,,Dissolved fraction,37.94126,wastewater
21257,"Influent and effluent wastewater from Athens 2014-2020, Eleusina 2019-2020, Tel Aviv 2016",Real Sample,Influent wastewater from Athens 17 March 2018,"Sat, 03/17/2018 - 22:00","Sat, 02/10/2018 - 22:00",11,Athens,Greece,37.941263,23.588674,5200000,734199.0,,,,,,,20.0,,C.1. Chlorination,Primary sedimentation + activated sludge (including SBR) - C+N+DN+P,Waste water - Municipal,Influent wastewater,,Dissolved fraction,37.941263,wastewater
21258,"Influent and effluent wastewater from Athens 2014-2020, Eleusina 2019-2020, Tel Aviv 2016",Real Sample,Influent wastewater from Athens 17 March 2018,"Sat, 03/17/2018 - 22:00","Sat, 02/10/2018 - 22:00",10,Athens,Greece,37.941263,23.588674,5200000,734199.0,,,,,,,20.0,,C.1. Chlorination,Primary sedimentation + activated sludge (including SBR) - C+N+DN+P,Waste water - Municipal,Influent wastewater,,Dissolved fraction,37.941263,wastewater
21259,"Influent and effluent wastewater from Athens 2014-2020, Eleusina 2019-2020, Tel Aviv 2016",Real Sample,Influent wastewater from Athens 16 March 2018,"Fri, 03/16/2018 - 22:00","Fri, 02/09/2018 - 22:00",11,Athens,Greece,37.941263,23.588674,5200000,712200.0,,,,,,,20.0,,C.1. Chlorination,Primary sedimentation + activated sludge (including SBR) - C+N+DN+P,Waste water - Municipal,Influent wastewater,,Dissolved fraction,37.941263,wastewater
21260,"Influent and effluent wastewater from Athens 2014-2020, Eleusina 2019-2020, Tel Aviv 2016",Real Sample,Influent wastewater from Athens 16 March 2018,"Fri, 03/16/2018 - 22:00","Fri, 02/09/2018 - 22:00",10,Athens,Greece,37.941263,23.588674,5200000,712200.0,,,,,,,20.0,,C.1. Chlorination,Primary sedimentation + activated sludge (including SBR) - C+N+DN+P,Waste water - Municipal,Influent wastewater,,Dissolved fraction,37.941263,wastewater
21261,"Influent and effluent wastewater from Athens 2014-2020, Eleusina 2019-2020, Tel Aviv 2016",Real Sample,Influent wastewater from Athens 15 March 2018,"Thu, 03/15/2018 - 22:00","Thu, 02/08/2018 - 22:00",11,Athens,Greece,37.941263,23.588674,5200000,727487.0,,,,,,,19.9,,C.1. Chlorination,Primary sedimentation + activated sludge (including SBR) - C+N+DN+P,Waste water - Municipal,Influent wastewater,,Dissolved fraction,37.941263,wastewater
21262,"Influent and effluent wastewater from Athens 2014-2020, Eleusina 2019-2020, Tel Aviv 2016",Real Sample,Influent wastewater from Athens 15 March 2018,"Thu, 03/15/2018 - 22:00","Thu, 02/08/2018 - 22:00",10,Athens,Greece,37.941263,23.588674,5200000,727487.0,,,,,,,19.9,,C.1. Chlorination,Primary sedimentation + activated sludge (including SBR) - C+N+DN+P,Waste water - Municipal,Influent wastewater,,Dissolved fraction,37.941263,wastewater
21263,"Influent and effluent wastewater from Athens 2014-2020, Eleusina 2019-2020, Tel Aviv 2016",Real Sample,Influent wastewater from Athens 14 March 2018,"Wed, 03/14/2018 - 22:00","Wed, 02/07/2018 - 22:00",11,Athens,Greece,37.941263,23.588674,5200000,731298.0,,,7.6,,,,19.9,,C.1. Chlorination,Primary sedimentation + activated sludge (including SBR) - C+N+DN+P,Waste water - Municipal,Influent wastewater,,Dissolved fraction,37.941263,wastewater
21264,"Influent and effluent wastewater from Athens 2014-2020, Eleusina 2019-2020, Tel Aviv 2016",Real Sample,Influent wastewater from Athens 14 March 2018,"Wed, 03/14/2018 - 22:00","Wed, 02/07/2018 - 22:00",10,Athens,Greece,37.941263,23.588674,5200000,731298.0,,,7.6,,,,19.9,,C.1. Chlorination,Primary sedimentation + activated sludge (including SBR) - C+N+DN+P,Waste water - Municipal,Influent wastewater,,Dissolved fraction,37.941263,wastewater
21265,"Influent and effluent wastewater from Athens 2014-2020, Eleusina 2019-2020, Tel Aviv 2016",Real Sample,Effluent wastewater from Athens 14 March 2017,"Tue, 03/14/2017 - 22:00","Tue, 02/07/2017 - 22:00",11,Athens,Greece,37.941263,23.588674,5200000,735300.0,,,,,,,17.9,,C.1. Chlorination,Primary sedimentation + activated sludge (including SBR) - C+N+DN+P,Waste water - Municipal,Effluent wastewater,,Dissolved fraction,37.941263,wastewater
21266,"Influent and effluent wastewater from Athens 2014-2020, Eleusina 2019-2020, Tel Aviv 2016",Real Sample,Effluent wastewater from Athens 14 March 2017,"Tue, 03/14/2017 - 22:00","Tue, 02/07/2017 - 22:00",10,Athens,Greece,37.941263,23.588674,5200000,735300.0,,,,,,,17.9,,C.1. Chlorination,Primary sedimentation + activated sludge (including SBR) - C+N+DN+P,Waste water - Municipal,Effluent wastewater,,Dissolved fraction,37.941263,wastewater
21267,"Influent and effluent wastewater from Athens 2014-2020, Eleusina 2019-2020, Tel Aviv 2016",Real Sample,Effluent wastewater from Athens 13 March 2017,"Mon, 03/13/2017 - 22:00","Mon, 02/06/2017 - 22:00",11,Athens,Greece,37.941263,23.588674,5200000,759600.0,,,7.6,,,,17.6,,C.1. Chlorination,Primary sedimentation + activated sludge (including SBR) - C+N+DN+P,Waste water - Municipal,Effluent wastewater,,Dissolved fraction,37.941263,wastewater
21268,"Influent and effluent wastewater from Athens 2014-2020, Eleusina 2019-2020, Tel Aviv 2016",Real Sample,Effluent wastewater from Athens 13 March 2017,"Mon, 03/13/2017 - 22:00","Mon, 02/06/2017 - 22:00",10,Athens,Greece,37.941263,23.588674,5200000,759600.0,,,7.6,,,,17.6,,C.1. Chlorination,Primary sedimentation + activated sludge (including SBR) - C+N+DN+P,Waste water - Municipal,Effluent wastewater,,Dissolved fraction,37.941263,wastewater
21269,"Influent and effluent wastewater from Athens 2014-2020, Eleusina 2019-2020, Tel Aviv 2016",Real Sample,Effluent wastewater from Athens 12 March 2017,"Sun, 03/12/2017 - 22:00","Sun, 02/05/2017 - 22:00",11,Athens,Greece,37.941263,23.588674,5200000,782500.0,,,,,,,16.8,,C.1. Chlorination,Primary sedimentation + activated sludge (including SBR) - C+N+DN+P,Waste water - Municipal,Effluent wastewater,,Dissolved fraction,37.941263,wastewater
21270,"Influent and effluent wastewater from Athens 2014-2020, Eleusina 2019-2020, Tel Aviv 2016",Real Sample,Effluent wastewater from Athens 12 March 2017,"Sun, 03/12/2017 - 22:00","Sun, 02/05/2017 - 22:00",10,Athens,Greece,37.941263,23.588674,5200000,782500.0,,,,,,,16.8,,C.1. Chlorination,Primary sedimentation + activated sludge (including SBR) - C+N+DN+P,Waste water - Municipal,Effluent wastewater,,Dissolved fraction,37.941263,wastewater
21271,"Influent and effluent wastewater from Athens 2014-2020, Eleusina 2019-2020, Tel Aviv 2016",Real Sample,Effluent wastewater from Athens 11 March 2017,"Sat, 03/11/2017 - 22:00","Sat, 02/04/2017 - 22:00",11,Athens,Greece,37.941263,23.588674,5200000,1408800.0,,,,,,,16.8,,C.1. Chlorination,Primary sedimentation + activated sludge (including SBR) - C+N+DN+P,Waste water - Municipal,Effluent wastewater,,Dissolved fraction,37.941263,wastewater
21272,"Influent and effluent wastewater from Athens 2014-2020, Eleusina 2019-2020, Tel Aviv 2016",Real Sample,Effluent wastewater from Athens 11 March 2017,"Sat, 03/11/2017 - 22:00","Sat, 02/04/2017 - 22:00",10,Athens,Greece,37.941263,23.588674,5200000,1408800.0,,,,,,,16.8,,C.1. Chlorination,Primary sedimentation + activated sludge (including SBR) - C+N+DN+P,Waste water - Municipal,Effluent wastewater,,Dissolved fraction,37.941263,wastewater
21273,"Influent and effluent wastewater from Athens 2014-2020, Eleusina 2019-2020, Tel Aviv 2016",Real Sample,Effluent wastewater from Athens 10 March 2017,"Fri, 03/10/2017 - 22:00","Fri, 02/03/2017 - 22:00",11,Athens,Greece,37.941263,23.588674,5200000,738600.0,,,,,,,17.4,,C.1. Chlorination,Primary sedimentation + activated sludge (including SBR) - C+N+DN+P,Waste water - Municipal,Effluent wastewater,,Dissolved fraction,37.941263,wastewater
21274,"Influent and effluent wastewater from Athens 2014-2020, Eleusina 2019-2020, Tel Aviv 2016",Real Sample,Effluent wastewater from Athens 10 March 2017,"Fri, 03/10/2017 - 22:00","Fri, 02/03/2017 - 22:00",10,Athens,Greece,37.941263,23.588674,5200000,738600.0,,,,,,,17.4,,C.1. Chlorination,Primary sedimentation + activated sludge (including SBR) - C+N+DN+P,Waste water - Municipal,Effluent wastewater,,Dissolved fraction,37.941263,wastewater
21275,"Influent and effluent wastewater from Athens 2014-2020, Eleusina 2019-2020, Tel Aviv 2016",Real Sample,Effluent wastewater from Athens 9 March 2017,"Thu, 03/09/2017 - 22:00","Thu, 02/02/2017 - 22:00",11,Athens,Greece,37.941263,23.588674,5200000,1167500.0,,,,,,,18.2,,C.1. Chlorination,Primary sedimentation + activated sludge (including SBR) - C+N+DN+P,Waste water - Municipal,Effluent wastewater,,Dissolved fraction,37.941263,wastewater
21276,"Influent and effluent wastewater from Athens 2014-2020, Eleusina 2019-2020, Tel Aviv 2016",Real Sample,Effluent wastewater from Athens 9 March 2017,"Thu, 03/09/2017 - 22:00","Thu, 02/02/2017 - 22:00",10,Athens,Greece,37.941263,23.588674,5200000,1167500.0,,,,,,,18.2,,C.1. Chlorination,Primary sedimentation + activated sludge (including SBR) - C+N+DN+P,Waste water - Municipal,Effluent wastewater,,Dissolved fraction,37.941263,wastewater
21277,"Influent and effluent wastewater from Athens 2014-2020, Eleusina 2019-2020, Tel Aviv 2016",Real Sample,Effluent wastewater from Athens 8 March 2017,"Wed, 03/08/2017 - 22:00","Wed, 02/01/2017 - 22:00",11,Athens,Greece,37.941263,23.588674,5200000,845800.0,,,7.5,,,,18.8,,C.1. Chlorination,Primary sedimentation + activated sludge (including SBR) - C+N+DN+P,Waste water - Municipal,Effluent wastewater,,Dissolved fraction,37.941263,wastewater
21278,"Influent and effluent wastewater from Athens 2014-2020, Eleusina 2019-2020, Tel Aviv 2016",Real Sample,Effluent wastewater from Athens 8 March 2017,"Wed, 03/08/2017 - 22:00","Wed, 02/01/2017 - 22:00",10,Athens,Greece,37.941263,23.588674,5200000,845800.0,,,7.5,,,,18.8,,C.1. Chlorination,Primary sedimentation + activated sludge (including SBR) - C+N+DN+P,Waste water - Municipal,Effluent wastewater,,Dissolved fraction,37.941263,wastewater
21279,"Influent and effluent wastewater from Athens 2014-2020, Eleusina 2019-2020, Tel Aviv 2016",Real Sample,Influent wastewater from Athens 14 March 2017,"Tue, 03/14/2017 - 22:00","Tue, 02/07/2017 - 22:00",11,Athens,Greece,37.941263,23.588674,5200000,735300.0,,,,,,,17.9,,C.1. Chlorination,Primary sedimentation + activated sludge (including SBR) - C+N+DN+P,Waste water - Municipal,Influent wastewater,,Dissolved fraction,37.941263,wastewater
21280,"Influent and effluent wastewater from Athens 2014-2020, Eleusina 2019-2020, Tel Aviv 2016",Real Sample,Influent wastewater from Athens 14 March 2017,"Tue, 03/14/2017 - 22:00","Tue, 02/07/2017 - 22:00",10,Athens,Greece,37.941263,23.588674,5200000,735300.0,,,,,,,17.9,,C.1. Chlorination,Primary sedimentation + activated sludge (including SBR) - C+N+DN+P,Waste water - Municipal,Influent wastewater,,Dissolved fraction,37.941263,wastewater
21281,"Influent and effluent wastewater from Athens 2014-2020, Eleusina 2019-2020, Tel Aviv 2016",Real Sample,Influent wastewater from Athens 13 March 2017,"Mon, 03/13/2017 - 22:00","Mon, 02/06/2017 - 22:00",11,Athens,Greece,37.941263,23.588674,5200000,759599.0,,,7.8,,,,17.6,,C.1. Chlorination,Primary sedimentation + activated sludge (including SBR) - C+N+DN+P,Waste water - Municipal,Influent wastewater,,Dissolved fraction,37.941263,wastewater
21282,"Influent and effluent wastewater from Athens 2014-2020, Eleusina 2019-2020, Tel Aviv 2016",Real Sample,Influent wastewater from Athens 13 March 2017,"Mon, 03/13/2017 - 22:00","Mon, 02/06/2017 - 22:00",10,Athens,Greece,37.941263,23.588674,5200000,759599.0,,,7.8,,,,17.6,,C.1. Chlorination,Primary sedimentation + activated sludge (including SBR) - C+N+DN+P,Waste water - Municipal,Influent wastewater,,Dissolved fraction,37.941263,wastewater
21283,"Influent and effluent wastewater from Athens 2014-2020, Eleusina 2019-2020, Tel Aviv 2016",Real Sample,Influent wastewater from Athens 12 March 2017,"Sun, 03/12/2017 - 22:00","Sun, 02/05/2017 - 22:00",11,Athens,Greece,37.941263,23.588674,5200000,782500.0,,,,,,,16.8,,C.1. Chlorination,Primary sedimentation + activated sludge (including SBR) - C+N+DN+P,Waste water - Municipal,Influent wastewater,,Dissolved fraction,37.941263,wastewater
21284,"Influent and effluent wastewater from Athens 2014-2020, Eleusina 2019-2020, Tel Aviv 2016",Real Sample,Influent wastewater from Athens 12 March 2017,"Sun, 03/12/2017 - 22:00","Sun, 02/05/2017 - 22:00",10,Athens,Greece,37.941263,23.588674,5200000,782500.0,,,,,,,16.8,,C.1. Chlorination,Primary sedimentation + activated sludge (including SBR) - C+N+DN+P,Waste water - Municipal,Influent wastewater,,Dissolved fraction,37.941263,wastewater
21285,"Influent and effluent wastewater from Athens 2014-2020, Eleusina 2019-2020, Tel Aviv 2016",Real Sample,Influent wastewater from Athens 11 March 2017,"Sat, 03/11/2017 - 22:00","Sat, 02/04/2017 - 22:00",11,Athens,Greece,37.941263,23.588674,5200000,1408800.0,,,,,,,16.8,,C.1. Chlorination,Primary sedimentation + activated sludge (including SBR) - C+N+DN+P,Waste water - Municipal,Influent wastewater,,Dissolved fraction,37.941263,wastewater
21286,"Influent and effluent wastewater from Athens 2014-2020, Eleusina 2019-2020, Tel Aviv 2016",Real Sample,Influent wastewater from Athens 11 March 2017,"Sat, 03/11/2017 - 22:00","Sat, 02/04/2017 - 22:00",10,Athens,Greece,37.941263,23.588674,5200000,1408800.0,,,,,,,16.8,,C.1. Chlorination,Primary sedimentation + activated sludge (including SBR) - C+N+DN+P,Waste water - Municipal,Influent wastewater,,Dissolved fraction,37.941263,wastewater
21287,"Influent and effluent wastewater from Athens 2014-2020, Eleusina 2019-2020, Tel Aviv 2016",Real Sample,Influent wastewater from Athens 10 March 2017,"Fri, 03/10/2017 - 22:00","Fri, 02/03/2017 - 22:00",11,Athens,Greece,37.941263,23.588674,5200000,738600.0,,,,,,,17.4,,C.1. Chlorination,Primary sedimentation + activated sludge (including SBR) - C+N+DN+P,Waste water - Municipal,Influent wastewater,,Dissolved fraction,37.941263,wastewater
21288,"Influent and effluent wastewater from Athens 2014-2020, Eleusina 2019-2020, Tel Aviv 2016",Real Sample,Influent wastewater from Athens 10 March 2017,"Fri, 03/10/2017 - 22:00","Fri, 02/03/2017 - 22:00",10,Athens,Greece,37.941263,23.588674,5200000,738600.0,,,,,,,17.4,,C.1. Chlorination,Primary sedimentation + activated sludge (including SBR) - C+N+DN+P,Waste water - Municipal,Influent wastewater,,Dissolved fraction,37.941263,wastewater
21289,"Influent and effluent wastewater from Athens 2014-2020, Eleusina 2019-2020, Tel Aviv 2016",Real Sample,Influent wastewater from Athens 9 March 2017,"Thu, 03/09/2017 - 22:00","Thu, 02/02/2017 - 22:00",11,Athens,Greece,37.941263,23.588674,5200000,1167500.0,,,,,,,18.2,,C.1. Chlorination,Primary sedimentation + activated sludge (including SBR) - C+N+DN+P,Waste water - Municipal,Influent wastewater,,Dissolved fraction,37.941263,wastewater
21290,"Influent and effluent wastewater from Athens 2014-2020, Eleusina 2019-2020, Tel Aviv 2016",Real Sample,Influent wastewater from Athens 9 March 2017,"Thu, 03/09/2017 - 22:00","Thu, 02/02/2017 - 22:00",10,Athens,Greece,37.941263,23.588674,5200000,1167500.0,,,,,,,18.2,,C.1. Chlorination,Primary sedimentation + activated sludge (including SBR) - C+N+DN+P,Waste water - Municipal,Influent wastewater,,Dissolved fraction,37.941263,wastewater
21291,"Influent and effluent wastewater from Athens 2014-2020, Eleusina 2019-2020, Tel Aviv 2016",Real Sample,Influent wastewater from Athens 8 March 2017,"Wed, 03/08/2017 - 22:00","Wed, 02/01/2017 - 22:00",11,Athens,Greece,37.941263,23.588674,5200000,845799.0,,,7.5,,,,18.8,,C.1. Chlorination,Primary sedimentation + activated sludge (including SBR) - C+N+DN+P,Waste water - Municipal,Influent wastewater,,Dissolved fraction,37.941263,wastewater
21292,"Influent and effluent wastewater from Athens 2014-2020, Eleusina 2019-2020, Tel Aviv 2016",Real Sample,Influent wastewater from Athens 8 March 2017,"Wed, 03/08/2017 - 22:00","Wed, 02/01/2017 - 22:00",10,Athens,Greece,37.941263,23.588674,5200000,845799.0,,,7.5,,,,18.8,,C.1. Chlorination,Primary sedimentation + activated sludge (including SBR) - C+N+DN+P,Waste water - Municipal,Influent wastewater,,Dissolved fraction,37.941263,wastewater
21293,"Influent and effluent wastewater from Athens 2014-2020, Eleusina 2019-2020, Tel Aviv 2016",Real Sample,Influent wastewater from Israel 30 March 2016,"Wed, 03/30/2016 - 22:00","Wed, 02/24/2016 - 22:00",11,Tel Aviv-Yafo,Israel,32.07,34.77,5200000,500000.0,,,,,,,,,C.1. Chlorination,Primary sedimentation + activated sludge (including SBR) - C+N+DN+P,Waste water - Municipal,Influent wastewater,,Dissolved fraction,32.07,wastewater
21294,"Influent and effluent wastewater from Athens 2014-2020, Eleusina 2019-2020, Tel Aviv 2016",Real Sample,Influent wastewater from Israel 30 March 2016,"Wed, 03/30/2016 - 22:00","Wed, 02/24/2016 - 22:00",10,Tel Aviv-Yafo,Israel,32.07,34.77,5200000,500000.0,,,,,,,,,C.1. Chlorination,Primary sedimentation + activated sludge (including SBR) - C+N+DN+P,Waste water - Municipal,Influent wastewater,,Dissolved fraction,32.07,wastewater
21295,"Influent and effluent wastewater from Athens 2014-2020, Eleusina 2019-2020, Tel Aviv 2016",Real Sample,Influent wastewater from Israel 29 March 2016,"Tue, 03/29/2016 - 22:00","Tue, 02/23/2016 - 22:00",11,Tel Aviv-Yafo,Israel,32.07,34.77,5200000,500000.0,,,,,,,,,C.1. Chlorination,Primary sedimentation + activated sludge (including SBR) - C+N+DN+P,Waste water - Municipal,Influent wastewater,,Dissolved fraction,32.07,wastewater
21296,"Influent and effluent wastewater from Athens 2014-2020, Eleusina 2019-2020, Tel Aviv 2016",Real Sample,Influent wastewater from Israel 29 March 2016,"Tue, 03/29/2016 - 22:00","Tue, 02/23/2016 - 22:00",10,Tel Aviv-Yafo,Israel,32.07,34.77,5200000,500000.0,,,,,,,,,C.1. Chlorination,Primary sedimentation + activated sludge (including SBR) - C+N+DN+P,Waste water - Municipal,Influent wastewater,,Dissolved fraction,32.07,wastewater
21297,"Influent and effluent wastewater from Athens 2014-2020, Eleusina 2019-2020, Tel Aviv 2016",Real Sample,Influent wastewater from Israel 28 March 2016,"Mon, 03/28/2016 - 22:00","Mon, 02/22/2016 - 22:00",11,Tel Aviv-Yafo,Israel,32.07,34.77,5200000,500000.0,,,,,,,,,C.1. Chlorination,Primary sedimentation + activated sludge (including SBR) - C+N+DN+P,Waste water - Municipal,Influent wastewater,,Dissolved fraction,32.07,wastewater
21298,"Influent and effluent wastewater from Athens 2014-2020, Eleusina 2019-2020, Tel Aviv 2016",Real Sample,Influent wastewater from Israel 28 March 2016,"Mon, 03/28/2016 - 22:00","Mon, 02/22/2016 - 22:00",10,Tel Aviv-Yafo,Israel,32.07,34.77,5200000,500000.0,,,,,,,,,C.1. Chlorination,Primary sedimentation + activated sludge (including SBR) - C+N+DN+P,Waste water - Municipal,Influent wastewater,,Dissolved fraction,32.07,wastewater
21299,"Influent and effluent wastewater from Athens 2014-2020, Eleusina 2019-2020, Tel Aviv 2016",Real Sample,Influent wastewater from Israel 27 March 2016,"Sun, 03/27/2016 - 22:00","Sun, 02/21/2016 - 22:00",11,Tel Aviv-Yafo,Israel,32.07,34.77,5200000,500000.0,,,,,,,,,C.1. Chlorination,Primary sedimentation + activated sludge (including SBR) - C+N+DN+P,Waste water - Municipal,Influent wastewater,,Dissolved fraction,32.07,wastewater
21300,"Influent and effluent wastewater from Athens 2014-2020, Eleusina 2019-2020, Tel Aviv 2016",Real Sample,Influent wastewater from Israel 27 March 2016,"Sun, 03/27/2016 - 22:00","Sun, 02/21/2016 - 22:00",10,Tel Aviv-Yafo,Israel,32.07,34.77,5200000,500000.0,,,,,,,,,C.1. Chlorination,Primary sedimentation + activated sludge (including SBR) - C+N+DN+P,Waste water - Municipal,Influent wastewater,,Dissolved fraction,32.07,wastewater
21301,"Influent and effluent wastewater from Athens 2014-2020, Eleusina 2019-2020, Tel Aviv 2016",Real Sample,Influent wastewater from Israel 26 March 2016,"Sat, 03/26/2016 - 22:00","Sat, 02/20/2016 - 22:00",11,Tel Aviv-Yafo,Israel,32.07,34.77,5200000,500000.0,,,,,,,,,C.1. Chlorination,Primary sedimentation + activated sludge (including SBR) - C+N+DN+P,Waste water - Municipal,Influent wastewater,,Dissolved fraction,32.07,wastewater
21302,"Influent and effluent wastewater from Athens 2014-2020, Eleusina 2019-2020, Tel Aviv 2016",Real Sample,Influent wastewater from Israel 26 March 2016,"Sat, 03/26/2016 - 22:00","Sat, 02/20/2016 - 22:00",10,Tel Aviv-Yafo,Israel,32.07,34.77,5200000,500000.0,,,,,,,,,C.1. Chlorination,Primary sedimentation + activated sludge (including SBR) - C+N+DN+P,Waste water - Municipal,Influent wastewater,,Dissolved fraction,32.07,wastewater
21303,"Influent and effluent wastewater from Athens 2014-2020, Eleusina 2019-2020, Tel Aviv 2016",Real Sample,Influent wastewater from Israel 25 March 2016,"Fri, 03/25/2016 - 22:00","Fri, 02/19/2016 - 22:00",11,Tel Aviv-Yafo,Israel,32.07,34.77,5200000,500000.0,,,,,,,,,C.1. Chlorination,Primary sedimentation + activated sludge (including SBR) - C+N+DN+P,Waste water - Municipal,Influent wastewater,,Dissolved fraction,32.07,wastewater
21304,"Influent and effluent wastewater from Athens 2014-2020, Eleusina 2019-2020, Tel Aviv 2016",Real Sample,Influent wastewater from Israel 25 March 2016,"Fri, 03/25/2016 - 22:00","Fri, 02/19/2016 - 22:00",10,Tel Aviv-Yafo,Israel,32.07,34.77,5200000,500000.0,,,,,,,,,C.1. Chlorination,Primary sedimentation + activated sludge (including SBR) - C+N+DN+P,Waste water - Municipal,Influent wastewater,,Dissolved fraction,32.07,wastewater
21305,"Influent and effluent wastewater from Athens 2014-2020, Eleusina 2019-2020, Tel Aviv 2016",Real Sample,Influent wastewater from Israel 24 March 2016,"Thu, 03/24/2016 - 22:00","Thu, 02/18/2016 - 22:00",11,Tel Aviv-Yafo,Israel,32.07,34.77,5200000,500000.0,,,,,,,,,C.1. Chlorination,Primary sedimentation + activated sludge (including SBR) - C+N+DN+P,Waste water - Municipal,Influent wastewater,,Dissolved fraction,32.07,wastewater
21306,"Influent and effluent wastewater from Athens 2014-2020, Eleusina 2019-2020, Tel Aviv 2016",Real Sample,Influent wastewater from Israel 24 March 2016,"Thu, 03/24/2016 - 22:00","Thu, 02/18/2016 - 22:00",10,Tel Aviv-Yafo,Israel,32.07,34.77,5200000,500000.0,,,,,,,,,C.1. Chlorination,Primary sedimentation + activated sludge (including SBR) - C+N+DN+P,Waste water - Municipal,Influent wastewater,,Dissolved fraction,32.07,wastewater
21307,"Influent and effluent wastewater from Athens 2014-2020, Eleusina 2019-2020, Tel Aviv 2016",Real Sample,Efffluent wastewater from Athens 23 March 2016,"Wed, 03/23/2016 - 22:00","Wed, 02/17/2016 - 22:00",11,Athens,Greece,37.941263,23.588674,5200000,689700.0,,,,,,,,,C.1. Chlorination,Primary sedimentation + activated sludge (including SBR) - C+N+DN+P,Waste water - Municipal,Effluent wastewater,,Dissolved fraction,37.941263,wastewater
21308,"Influent and effluent wastewater from Athens 2014-2020, Eleusina 2019-2020, Tel Aviv 2016",Real Sample,Efffluent wastewater from Athens 23 March 2016,"Wed, 03/23/2016 - 22:00","Wed, 02/17/2016 - 22:00",10,Athens,Greece,37.941263,23.588674,5200000,689700.0,,,,,,,,,C.1. Chlorination,Primary sedimentation + activated sludge (including SBR) - C+N+DN+P,Waste water - Municipal,Effluent wastewater,,Dissolved fraction,37.941263,wastewater
21309,"Influent and effluent wastewater from Athens 2014-2020, Eleusina 2019-2020, Tel Aviv 2016",Real Sample,Effluent wastewater from Athens 22 March 2016,"Tue, 03/22/2016 - 22:00","Tue, 02/16/2016 - 22:00",11,Athens,Greece,37.94126,23.588674,5200000,695900.0,,,,,,,,,C.1. Chlorination,Primary sedimentation + activated sludge (including SBR) - C+N+DN+P,Waste water - Municipal,Effluent wastewater,,Dissolved fraction,37.94126,wastewater
21310,"Influent and effluent wastewater from Athens 2014-2020, Eleusina 2019-2020, Tel Aviv 2016",Real Sample,Effluent wastewater from Athens 22 March 2016,"Tue, 03/22/2016 - 22:00","Tue, 02/16/2016 - 22:00",10,Athens,Greece,37.94126,23.588674,5200000,695900.0,,,,,,,,,C.1. Chlorination,Primary sedimentation + activated sludge (including SBR) - C+N+DN+P,Waste water - Municipal,Effluent wastewater,,Dissolved fraction,37.94126,wastewater
21311,"Influent and effluent wastewater from Athens 2014-2020, Eleusina 2019-2020, Tel Aviv 2016",Real Sample,Effluent wastewater from Athens 21 March 2016,"Mon, 03/21/2016 - 22:00","Mon, 02/15/2016 - 22:00",11,Athens,Greece,37.941263,23.588674,5200000,694799.0,,,7.3,,,,,,C.1. Chlorination,Primary sedimentation + activated sludge (including SBR) - C+N+DN+P,Waste water - Municipal,Effluent wastewater,,Dissolved fraction,37.941263,wastewater
21312,"Influent and effluent wastewater from Athens 2014-2020, Eleusina 2019-2020, Tel Aviv 2016",Real Sample,Effluent wastewater from Athens 21 March 2016,"Mon, 03/21/2016 - 22:00","Mon, 02/15/2016 - 22:00",10,Athens,Greece,37.941263,23.588674,5200000,694799.0,,,7.3,,,,,,C.1. Chlorination,Primary sedimentation + activated sludge (including SBR) - C+N+DN+P,Waste water - Municipal,Effluent wastewater,,Dissolved fraction,37.941263,wastewater
21313,"Influent and effluent wastewater from Athens 2014-2020, Eleusina 2019-2020, Tel Aviv 2016",Real Sample,Effluent wastewater from Athens 20 March 2016,"Sun, 03/20/2016 - 22:00","Sun, 02/14/2016 - 22:00",11,Athens,Greece,37.941263,23.588674,5200000,689900.0,,,,,,,,,C.1. Chlorination,Primary sedimentation + activated sludge (including SBR) - C+N+DN+P,Waste water - Municipal,Effluent wastewater,,Dissolved fraction,37.941263,wastewater
21314,"Influent and effluent wastewater from Athens 2014-2020, Eleusina 2019-2020, Tel Aviv 2016",Real Sample,Effluent wastewater from Athens 20 March 2016,"Sun, 03/20/2016 - 22:00","Sun, 02/14/2016 - 22:00",10,Athens,Greece,37.941263,23.588674,5200000,689900.0,,,,,,,,,C.1. Chlorination,Primary sedimentation + activated sludge (including SBR) - C+N+DN+P,Waste water - Municipal,Effluent wastewater,,Dissolved fraction,37.941263,wastewater
21315,"Influent and effluent wastewater from Athens 2014-2020, Eleusina 2019-2020, Tel Aviv 2016",Real Sample,Effluent wastewater from Athens 19 March 2016,"Sat, 03/19/2016 - 22:00","Sat, 02/13/2016 - 22:00",11,Athens,Greece,37.941263,23.588674,5200000,724399.0,,,7.3,,,,,,C.1. Chlorination,Primary sedimentation + activated sludge (including SBR) - C+N+DN+P,Waste water - Municipal,Effluent wastewater,,Dissolved fraction,37.941263,wastewater
21316,"Influent and effluent wastewater from Athens 2014-2020, Eleusina 2019-2020, Tel Aviv 2016",Real Sample,Effluent wastewater from Athens 19 March 2016,"Sat, 03/19/2016 - 22:00","Sat, 02/13/2016 - 22:00",10,Athens,Greece,37.941263,23.588674,5200000,724399.0,,,7.3,,,,,,C.1. Chlorination,Primary sedimentation + activated sludge (including SBR) - C+N+DN+P,Waste water - Municipal,Effluent wastewater,,Dissolved fraction,37.941263,wastewater
21317,"Influent and effluent wastewater from Athens 2014-2020, Eleusina 2019-2020, Tel Aviv 2016",Real Sample,Effluent wastewater from Athens 18 March 2016,"Fri, 03/18/2016 - 22:00","Fri, 02/12/2016 - 22:00",11,Athens,Greece,37.941263,23.588674,5200000,726300.0,,,,,,,,,C.1. Chlorination,Primary sedimentation + activated sludge (including SBR) - C+N+DN+P,Waste water - Municipal,Effluent wastewater,,Dissolved fraction,37.941263,wastewater
21318,"Influent and effluent wastewater from Athens 2014-2020, Eleusina 2019-2020, Tel Aviv 2016",Real Sample,Effluent wastewater from Athens 18 March 2016,"Fri, 03/18/2016 - 22:00","Fri, 02/12/2016 - 22:00",10,Athens,Greece,37.941263,23.588674,5200000,726300.0,,,,,,,,,C.1. Chlorination,Primary sedimentation + activated sludge (including SBR) - C+N+DN+P,Waste water - Municipal,Effluent wastewater,,Dissolved fraction,37.941263,wastewater
21319,"Influent and effluent wastewater from Athens 2014-2020, Eleusina 2019-2020, Tel Aviv 2016",Real Sample,Effluent wastewater from Athens 17 March 2016,"Thu, 03/17/2016 - 22:00","Thu, 02/11/2016 - 22:00",11,Athens,Greece,37.94126,23.588674,5200000,694900.0,,,,,,,,,C.1. Chlorination,Primary sedimentation + activated sludge (including SBR) - C+N+DN+P,Waste water - Municipal,Effluent wastewater,,Dissolved fraction,37.94126,wastewater
21320,"Influent and effluent wastewater from Athens 2014-2020, Eleusina 2019-2020, Tel Aviv 2016",Real Sample,Effluent wastewater from Athens 17 March 2016,"Thu, 03/17/2016 - 22:00","Thu, 02/11/2016 - 22:00",10,Athens,Greece,37.94126,23.588674,5200000,694900.0,,,,,,,,,C.1. Chlorination,Primary sedimentation + activated sludge (including SBR) - C+N+DN+P,Waste water - Municipal,Effluent wastewater,,Dissolved fraction,37.94126,wastewater
21321,"Influent and effluent wastewater from Athens 2014-2020, Eleusina 2019-2020, Tel Aviv 2016",Real Sample,Effluent wastewater from Athens 16 March 2016,"Wed, 03/16/2016 - 22:00","Wed, 02/10/2016 - 22:00",11,Athens,Greece,37.941263,23.588674,5200000,698900.0,,,7.5,,,,,,C.1. Chlorination,Primary sedimentation + activated sludge (including SBR) - C+N+DN+P,Waste water - Municipal,Effluent wastewater,,Dissolved fraction,37.941263,wastewater
21322,"Influent and effluent wastewater from Athens 2014-2020, Eleusina 2019-2020, Tel Aviv 2016",Real Sample,Effluent wastewater from Athens 16 March 2016,"Wed, 03/16/2016 - 22:00","Wed, 02/10/2016 - 22:00",10,Athens,Greece,37.941263,23.588674,5200000,698900.0,,,7.5,,,,,,C.1. Chlorination,Primary sedimentation + activated sludge (including SBR) - C+N+DN+P,Waste water - Municipal,Effluent wastewater,,Dissolved fraction,37.941263,wastewater
21323,"Influent and effluent wastewater from Athens 2014-2020, Eleusina 2019-2020, Tel Aviv 2016",Real Sample,Influent wastewater from Athens 23 March 2016,"Wed, 03/23/2016 - 22:00","Wed, 02/17/2016 - 22:00",11,Athens,Greece,37.941263,23.588674,5200000,689700.0,,,,,,,20.0,,C.1. Chlorination,Primary sedimentation + activated sludge (including SBR) - C+N+DN+P,Waste water - Municipal,Influent wastewater,,Dissolved fraction,37.941263,wastewater
21324,"Influent and effluent wastewater from Athens 2014-2020, Eleusina 2019-2020, Tel Aviv 2016",Real Sample,Influent wastewater from Athens 23 March 2016,"Wed, 03/23/2016 - 22:00","Wed, 02/17/2016 - 22:00",10,Athens,Greece,37.941263,23.588674,5200000,689700.0,,,,,,,20.0,,C.1. Chlorination,Primary sedimentation + activated sludge (including SBR) - C+N+DN+P,Waste water - Municipal,Influent wastewater,,Dissolved fraction,37.941263,wastewater
21325,"Influent and effluent wastewater from Athens 2014-2020, Eleusina 2019-2020, Tel Aviv 2016",Real Sample,Influent wastewater from Athens 22 March 2016,"Tue, 03/22/2016 - 22:00","Tue, 02/16/2016 - 22:00",11,Athens,Greece,37.941263,23.588674,5200000,695900.0,,,,,,,20.0,,C.1. Chlorination,Primary sedimentation + activated sludge (including SBR) - C+N+DN+P,Waste water - Municipal,Influent wastewater,,Dissolved fraction,37.941263,wastewater
21326,"Influent and effluent wastewater from Athens 2014-2020, Eleusina 2019-2020, Tel Aviv 2016",Real Sample,Influent wastewater from Athens 22 March 2016,"Tue, 03/22/2016 - 22:00","Tue, 02/16/2016 - 22:00",10,Athens,Greece,37.941263,23.588674,5200000,695900.0,,,,,,,20.0,,C.1. Chlorination,Primary sedimentation + activated sludge (including SBR) - C+N+DN+P,Waste water - Municipal,Influent wastewater,,Dissolved fraction,37.941263,wastewater
21327,"Influent and effluent wastewater from Athens 2014-2020, Eleusina 2019-2020, Tel Aviv 2016",Real Sample,Influent wastewater from Athens 21 March 2016,"Mon, 03/21/2016 - 22:00","Mon, 02/15/2016 - 22:00",11,Athens,Greece,37.941263,23.588674,5200000,694800.0,,,7.42,,,,20.0,,C.1. Chlorination,Primary sedimentation + activated sludge (including SBR) - C+N+DN+P,Waste water - Municipal,Influent wastewater,,Dissolved fraction,37.941263,wastewater
21328,"Influent and effluent wastewater from Athens 2014-2020, Eleusina 2019-2020, Tel Aviv 2016",Real Sample,Influent wastewater from Athens 21 March 2016,"Mon, 03/21/2016 - 22:00","Mon, 02/15/2016 - 22:00",10,Athens,Greece,37.941263,23.588674,5200000,694800.0,,,7.42,,,,20.0,,C.1. Chlorination,Primary sedimentation + activated sludge (including SBR) - C+N+DN+P,Waste water - Municipal,Influent wastewater,,Dissolved fraction,37.941263,wastewater
21329,"Influent and effluent wastewater from Athens 2014-2020, Eleusina 2019-2020, Tel Aviv 2016",Real Sample,Influent wastewater from Athens 20 March 2016,"Sun, 03/20/2016 - 22:00","Sun, 02/14/2016 - 22:00",11,Athens,Greece,37.941263,23.588674,5200000,689899.0,,,,,,,19.8,,C.1. Chlorination,Primary sedimentation + activated sludge (including SBR) - C+N+DN+P,Waste water - Municipal,Influent wastewater,,Dissolved fraction,37.941263,wastewater
21330,"Influent and effluent wastewater from Athens 2014-2020, Eleusina 2019-2020, Tel Aviv 2016",Real Sample,Influent wastewater from Athens 20 March 2016,"Sun, 03/20/2016 - 22:00","Sun, 02/14/2016 - 22:00",10,Athens,Greece,37.941263,23.588674,5200000,689899.0,,,,,,,19.8,,C.1. Chlorination,Primary sedimentation + activated sludge (including SBR) - C+N+DN+P,Waste water - Municipal,Influent wastewater,,Dissolved fraction,37.941263,wastewater
21331,"Influent and effluent wastewater from Athens 2014-2020, Eleusina 2019-2020, Tel Aviv 2016",Real Sample,Influent wastewater from Athens 19 March 2016,"Sat, 03/19/2016 - 22:00","Sat, 02/13/2016 - 22:00",11,Athens,Greece,37.941263,23.588674,5200000,724400.0,,,7.38,,,,19.3,,C.1. Chlorination,Primary sedimentation + activated sludge (including SBR) - C+N+DN+P,Waste water - Municipal,Influent wastewater,,Dissolved fraction,37.941263,wastewater
21332,"Influent and effluent wastewater from Athens 2014-2020, Eleusina 2019-2020, Tel Aviv 2016",Real Sample,Influent wastewater from Athens 19 March 2016,"Sat, 03/19/2016 - 22:00","Sat, 02/13/2016 - 22:00",10,Athens,Greece,37.941263,23.588674,5200000,724400.0,,,7.38,,,,19.3,,C.1. Chlorination,Primary sedimentation + activated sludge (including SBR) - C+N+DN+P,Waste water - Municipal,Influent wastewater,,Dissolved fraction,37.941263,wastewater
21333,"Influent and effluent wastewater from Athens 2014-2020, Eleusina 2019-2020, Tel Aviv 2016",Real Sample,Influent wastewater from Athens 18 March 2016,"Fri, 03/18/2016 - 22:00","Fri, 02/12/2016 - 22:00",11,Athens,Greece,37.941263,23.588674,5200000,726300.0,,,,,,,19.1,,C.1. Chlorination,Primary sedimentation + activated sludge (including SBR) - C+N+DN+P,Waste water - Municipal,Influent wastewater,,Dissolved fraction,37.941263,wastewater
21334,"Influent and effluent wastewater from Athens 2014-2020, Eleusina 2019-2020, Tel Aviv 2016",Real Sample,Influent wastewater from Athens 18 March 2016,"Fri, 03/18/2016 - 22:00","Fri, 02/12/2016 - 22:00",10,Athens,Greece,37.941263,23.588674,5200000,726300.0,,,,,,,19.1,,C.1. Chlorination,Primary sedimentation + activated sludge (including SBR) - C+N+DN+P,Waste water - Municipal,Influent wastewater,,Dissolved fraction,37.941263,wastewater
21335,"Influent and effluent wastewater from Athens 2014-2020, Eleusina 2019-2020, Tel Aviv 2016",Real Sample,Influent wastewater from Athens 17 March 2016,"Thu, 03/17/2016 - 22:00","Thu, 02/11/2016 - 22:00",11,Athens,Greece,37.941263,23.588674,5199999,694899.0,,,,,,,18.9,,C.1. Chlorination,Primary sedimentation + activated sludge (including SBR) - C+N+DN+P,Waste water - Municipal,Influent wastewater,,Dissolved fraction,37.941263,wastewater
21336,"Influent and effluent wastewater from Athens 2014-2020, Eleusina 2019-2020, Tel Aviv 2016",Real Sample,Influent wastewater from Athens 17 March 2016,"Thu, 03/17/2016 - 22:00","Thu, 02/11/2016 - 22:00",10,Athens,Greece,37.941263,23.588674,5199999,694899.0,,,,,,,18.9,,C.1. Chlorination,Primary sedimentation + activated sludge (including SBR) - C+N+DN+P,Waste water - Municipal,Influent wastewater,,Dissolved fraction,37.941263,wastewater
21337,"Influent and effluent wastewater from Athens 2014-2020, Eleusina 2019-2020, Tel Aviv 2016",Real Sample,Influent wastewater from Athens 16 March 2016,"Wed, 03/16/2016 - 22:00","Wed, 02/10/2016 - 22:00",11,Athens,Greece,37.941263,23.588674,5200000,698900.0,,,7.45,,,,18.8,,C.1. Chlorination,Primary sedimentation + activated sludge (including SBR) - C+N+DN+P,Waste water - Municipal,Influent wastewater,,Dissolved fraction,37.941263,wastewater
21338,"Influent and effluent wastewater from Athens 2014-2020, Eleusina 2019-2020, Tel Aviv 2016",Real Sample,Influent wastewater from Athens 16 March 2016,"Wed, 03/16/2016 - 22:00","Wed, 02/10/2016 - 22:00",10,Athens,Greece,37.941263,23.588674,5200000,698900.0,,,7.45,,,,18.8,,C.1. Chlorination,Primary sedimentation + activated sludge (including SBR) - C+N+DN+P,Waste water - Municipal,Influent wastewater,,Dissolved fraction,37.941263,wastewater
21339,"Influent and effluent wastewater from Athens 2014-2020, Eleusina 2019-2020, Tel Aviv 2016",Real Sample,Primary wastewater from Athens 11 March 2015,"Wed, 03/11/2015 - 22:00","Wed, 02/04/2015 - 22:00",11,Athens,Greece,37.941263,23.588674,5200000,860043.0,,,7.45,,,,20.1,,C.1. Chlorination,Primary sedimentation + activated sludge (including SBR) - C+N+DN+P,Waste water - Municipal,Influent wastewater,,Dissolved fraction,37.941263,wastewater
21340,"Influent and effluent wastewater from Athens 2014-2020, Eleusina 2019-2020, Tel Aviv 2016",Real Sample,Primary wastewater from Athens 11 March 2015,"Wed, 03/11/2015 - 22:00","Wed, 02/04/2015 - 22:00",10,Athens,Greece,37.941263,23.588674,5200000,860043.0,,,7.45,,,,20.1,,C.1. Chlorination,Primary sedimentation + activated sludge (including SBR) - C+N+DN+P,Waste water - Municipal,Influent wastewater,,Dissolved fraction,37.941263,wastewater
21341,"Influent and effluent wastewater from Athens 2014-2020, Eleusina 2019-2020, Tel Aviv 2016",Real Sample,Primary wastewater from Athens 10 March 2015,"Tue, 03/10/2015 - 22:00","Tue, 02/03/2015 - 22:00",11,Athens,Greece,37.941263,23.588674,5200000,768180.0,,,7.5,,,,19.9,,C.1. Chlorination,Primary sedimentation + activated sludge (including SBR) - C+N+DN+P,Waste water - Municipal,Influent wastewater,,Dissolved fraction,37.941263,wastewater
21342,"Influent and effluent wastewater from Athens 2014-2020, Eleusina 2019-2020, Tel Aviv 2016",Real Sample,Primary wastewater from Athens 10 March 2015,"Tue, 03/10/2015 - 22:00","Tue, 02/03/2015 - 22:00",10,Athens,Greece,37.941263,23.588674,5200000,768180.0,,,7.5,,,,19.9,,C.1. Chlorination,Primary sedimentation + activated sludge (including SBR) - C+N+DN+P,Waste water - Municipal,Influent wastewater,,Dissolved fraction,37.941263,wastewater
21343,"Influent and effluent wastewater from Athens 2014-2020, Eleusina 2019-2020, Tel Aviv 2016",Real Sample,Primary wastewater from Athens 9 March 2015,"Mon, 03/09/2015 - 22:00","Mon, 02/02/2015 - 22:00",11,Athens,Greece,37.941263,23.588674,5200000,753132.0,,,0.0,,,,19.6,,C.1. Chlorination,Primary sedimentation + activated sludge (including SBR) - C+N+DN+P,Waste water - Municipal,Influent wastewater,,Dissolved fraction,37.941263,wastewater
21344,"Influent and effluent wastewater from Athens 2014-2020, Eleusina 2019-2020, Tel Aviv 2016",Real Sample,Primary wastewater from Athens 9 March 2015,"Mon, 03/09/2015 - 22:00","Mon, 02/02/2015 - 22:00",10,Athens,Greece,37.941263,23.588674,5200000,753132.0,,,0.0,,,,19.6,,C.1. Chlorination,Primary sedimentation + activated sludge (including SBR) - C+N+DN+P,Waste water - Municipal,Influent wastewater,,Dissolved fraction,37.941263,wastewater
21345,"Influent and effluent wastewater from Athens 2014-2020, Eleusina 2019-2020, Tel Aviv 2016",Real Sample,Primary wastewater from Athens 8 March 2015,"Sun, 03/08/2015 - 22:00","Sun, 02/01/2015 - 22:00",11,Athens,Greece,37.941263,23.588674,5200000,753117.0,,,,,,,19.0,,C.1. Chlorination,Primary sedimentation + activated sludge (including SBR) - C+N+DN+P,Waste water - Municipal,Influent wastewater,,Dissolved fraction,37.941263,wastewater
21346,"Influent and effluent wastewater from Athens 2014-2020, Eleusina 2019-2020, Tel Aviv 2016",Real Sample,Primary wastewater from Athens 8 March 2015,"Sun, 03/08/2015 - 22:00","Sun, 02/01/2015 - 22:00",10,Athens,Greece,37.941263,23.588674,5200000,753117.0,,,,,,,19.0,,C.1. Chlorination,Primary sedimentation + activated sludge (including SBR) - C+N+DN+P,Waste water - Municipal,Influent wastewater,,Dissolved fraction,37.941263,wastewater
21347,"Influent and effluent wastewater from Athens 2014-2020, Eleusina 2019-2020, Tel Aviv 2016",Real Sample,Primary wastewater from Athens 7 March 2015,"Sat, 03/07/2015 - 22:00","Sat, 01/31/2015 - 22:00",11,Athens,Greece,37.94125,23.588674,5200000,944931.0,,,,,,,18.7,,C.1. Chlorination,Primary sedimentation + activated sludge (including SBR) - C+N+DN+P,Waste water - Municipal,Influent wastewater,,Dissolved fraction,37.94125,wastewater
21348,"Influent and effluent wastewater from Athens 2014-2020, Eleusina 2019-2020, Tel Aviv 2016",Real Sample,Primary wastewater from Athens 7 March 2015,"Sat, 03/07/2015 - 22:00","Sat, 01/31/2015 - 22:00",10,Athens,Greece,37.94125,23.588674,5200000,944931.0,,,,,,,18.7,,C.1. Chlorination,Primary sedimentation + activated sludge (including SBR) - C+N+DN+P,Waste water - Municipal,Influent wastewater,,Dissolved fraction,37.94125,wastewater
21349,"Influent and effluent wastewater from Athens 2014-2020, Eleusina 2019-2020, Tel Aviv 2016",Real Sample,Primary wastewater from Athens 6 March 2015,"Fri, 03/06/2015 - 22:00","Fri, 01/30/2015 - 22:00",11,Athens,Greece,37.941263,23.588674,5200000,989310.0,,,,,,,19.0,,C.1. Chlorination,Primary sedimentation + activated sludge (including SBR) - C+N+DN+P,Waste water - Municipal,Influent wastewater,,Dissolved fraction,37.941263,wastewater
21350,"Influent and effluent wastewater from Athens 2014-2020, Eleusina 2019-2020, Tel Aviv 2016",Real Sample,Primary wastewater from Athens 6 March 2015,"Fri, 03/06/2015 - 22:00","Fri, 01/30/2015 - 22:00",10,Athens,Greece,37.941263,23.588674,5200000,989310.0,,,,,,,19.0,,C.1. Chlorination,Primary sedimentation + activated sludge (including SBR) - C+N+DN+P,Waste water - Municipal,Influent wastewater,,Dissolved fraction,37.941263,wastewater
21351,"Influent and effluent wastewater from Athens 2014-2020, Eleusina 2019-2020, Tel Aviv 2016",Real Sample,Primary wastewater from Athens 5 March 2015,"Thu, 03/05/2015 - 22:00","Thu, 01/29/2015 - 22:00",11,Athens,Greece,37.941263,23.588674,5200000,744669.0,,,,,,,19.0,,C.1. Chlorination,Primary sedimentation + activated sludge (including SBR) - C+N+DN+P,Waste water - Municipal,Influent wastewater,,Dissolved fraction,37.941263,wastewater
21352,"Influent and effluent wastewater from Athens 2014-2020, Eleusina 2019-2020, Tel Aviv 2016",Real Sample,Primary wastewater from Athens 5 March 2015,"Thu, 03/05/2015 - 22:00","Thu, 01/29/2015 - 22:00",10,Athens,Greece,37.941263,23.588674,5200000,744669.0,,,,,,,19.0,,C.1. Chlorination,Primary sedimentation + activated sludge (including SBR) - C+N+DN+P,Waste water - Municipal,Influent wastewater,,Dissolved fraction,37.941263,wastewater
21353,"Influent and effluent wastewater from Athens 2014-2020, Eleusina 2019-2020, Tel Aviv 2016",Real Sample,Primary wastewater from Athens 4 March 2015,"Wed, 03/04/2015 - 22:00","Wed, 01/28/2015 - 22:00",11,Athens,Greece,37.941263,23.588674,5200000,753579.0,,,7.53,,,,18.8,,C.1. Chlorination,Primary sedimentation + activated sludge (including SBR) - C+N+DN+P,Waste water - Municipal,Influent wastewater,,Dissolved fraction,37.941263,wastewater
21354,"Influent and effluent wastewater from Athens 2014-2020, Eleusina 2019-2020, Tel Aviv 2016",Real Sample,Primary wastewater from Athens 4 March 2015,"Wed, 03/04/2015 - 22:00","Wed, 01/28/2015 - 22:00",10,Athens,Greece,37.941263,23.588674,5200000,753579.0,,,7.53,,,,18.8,,C.1. Chlorination,Primary sedimentation + activated sludge (including SBR) - C+N+DN+P,Waste water - Municipal,Influent wastewater,,Dissolved fraction,37.941263,wastewater
21355,"Influent and effluent wastewater from Athens 2014-2020, Eleusina 2019-2020, Tel Aviv 2016",Real Sample,Effluent wastewater from Athens 11 March 2015,"Wed, 03/11/2015 - 22:00","Wed, 02/04/2015 - 22:00",11,Athens,Greece,37.941263,23.588674,5200000,786493.0,,,,,,,,,C.1. Chlorination,Primary sedimentation + activated sludge (including SBR) - C+N+DN+P,Waste water - Municipal,Effluent wastewater,,Dissolved fraction,37.941263,wastewater
21356,"Influent and effluent wastewater from Athens 2014-2020, Eleusina 2019-2020, Tel Aviv 2016",Real Sample,Effluent wastewater from Athens 11 March 2015,"Wed, 03/11/2015 - 22:00","Wed, 02/04/2015 - 22:00",10,Athens,Greece,37.941263,23.588674,5200000,786493.0,,,,,,,,,C.1. Chlorination,Primary sedimentation + activated sludge (including SBR) - C+N+DN+P,Waste water - Municipal,Effluent wastewater,,Dissolved fraction,37.941263,wastewater
21357,"Influent and effluent wastewater from Athens 2014-2020, Eleusina 2019-2020, Tel Aviv 2016",Real Sample,Effluent wastewater from Athens 10 March 2015,"Tue, 03/10/2015 - 22:00","Tue, 02/03/2015 - 22:00",11,Athens,Greece,37.941263,23.588674,5200000,768180.0,,,7.3,,,,,,C.1. Chlorination,Primary sedimentation + activated sludge (including SBR) - C+N+DN+P,Waste water - Municipal,Effluent wastewater,,Dissolved fraction,37.941263,wastewater
21358,"Influent and effluent wastewater from Athens 2014-2020, Eleusina 2019-2020, Tel Aviv 2016",Real Sample,Effluent wastewater from Athens 10 March 2015,"Tue, 03/10/2015 - 22:00","Tue, 02/03/2015 - 22:00",10,Athens,Greece,37.941263,23.588674,5200000,768180.0,,,7.3,,,,,,C.1. Chlorination,Primary sedimentation + activated sludge (including SBR) - C+N+DN+P,Waste water - Municipal,Effluent wastewater,,Dissolved fraction,37.941263,wastewater
21359,"Influent and effluent wastewater from Athens 2014-2020, Eleusina 2019-2020, Tel Aviv 2016",Real Sample,Effluent wastewater from Athens 9 March 2015,"Mon, 03/09/2015 - 22:00","Mon, 02/02/2015 - 22:00",11,Athens,Greece,37.941263,23.588674,5200000,753132.0,,,7.5,,,,,,C.1. Chlorination,Primary sedimentation + activated sludge (including SBR) - C+N+DN+P,Waste water - Municipal,Effluent wastewater,,Dissolved fraction,37.941263,wastewater
21360,"Influent and effluent wastewater from Athens 2014-2020, Eleusina 2019-2020, Tel Aviv 2016",Real Sample,Effluent wastewater from Athens 9 March 2015,"Mon, 03/09/2015 - 22:00","Mon, 02/02/2015 - 22:00",10,Athens,Greece,37.941263,23.588674,5200000,753132.0,,,7.5,,,,,,C.1. Chlorination,Primary sedimentation + activated sludge (including SBR) - C+N+DN+P,Waste water - Municipal,Effluent wastewater,,Dissolved fraction,37.941263,wastewater
21361,"Influent and effluent wastewater from Athens 2014-2020, Eleusina 2019-2020, Tel Aviv 2016",Real Sample,Effluent wastewater from Athens 8 March 2015,"Sun, 03/08/2015 - 22:00","Sun, 02/01/2015 - 22:00",11,Athens,Greece,37.941263,23.588674,5200000,753117.0,,,,,,,,,C.1. Chlorination,Primary sedimentation + activated sludge (including SBR) - C+N+DN+P,Waste water - Municipal,Effluent wastewater,,Dissolved fraction,37.941263,wastewater
21362,"Influent and effluent wastewater from Athens 2014-2020, Eleusina 2019-2020, Tel Aviv 2016",Real Sample,Effluent wastewater from Athens 8 March 2015,"Sun, 03/08/2015 - 22:00","Sun, 02/01/2015 - 22:00",10,Athens,Greece,37.941263,23.588674,5200000,753117.0,,,,,,,,,C.1. Chlorination,Primary sedimentation + activated sludge (including SBR) - C+N+DN+P,Waste water - Municipal,Effluent wastewater,,Dissolved fraction,37.941263,wastewater
21363,"Influent and effluent wastewater from Athens 2014-2020, Eleusina 2019-2020, Tel Aviv 2016",Real Sample,Effluent wastewater from Athens 7 March 2015,"Sat, 03/07/2015 - 22:00","Sat, 01/31/2015 - 22:00",11,Athens,Greece,37.941263,23.588674,5200000,817694.0,,,,,,,,,C.1. Chlorination,Primary sedimentation + activated sludge (including SBR) - C+N+DN+P,Waste water - Municipal,Effluent wastewater,,Dissolved fraction,37.941263,wastewater
21364,"Influent and effluent wastewater from Athens 2014-2020, Eleusina 2019-2020, Tel Aviv 2016",Real Sample,Effluent wastewater from Athens 7 March 2015,"Sat, 03/07/2015 - 22:00","Sat, 01/31/2015 - 22:00",10,Athens,Greece,37.941263,23.588674,5200000,817694.0,,,,,,,,,C.1. Chlorination,Primary sedimentation + activated sludge (including SBR) - C+N+DN+P,Waste water - Municipal,Effluent wastewater,,Dissolved fraction,37.941263,wastewater
21365,"Influent and effluent wastewater from Athens 2014-2020, Eleusina 2019-2020, Tel Aviv 2016",Real Sample,Effluent wastewater from Athens 6 March 2015,"Fri, 03/06/2015 - 22:00","Fri, 01/30/2015 - 22:00",11,Athens,Greece,37.941263,23.588674,5200000,831217.0,,,,,,,,,C.1. Chlorination,Primary sedimentation + activated sludge (including SBR) - C+N+DN+P,Waste water - Municipal,Effluent wastewater,,Dissolved fraction,37.941263,wastewater
21366,"Influent and effluent wastewater from Athens 2014-2020, Eleusina 2019-2020, Tel Aviv 2016",Real Sample,Effluent wastewater from Athens 6 March 2015,"Fri, 03/06/2015 - 22:00","Fri, 01/30/2015 - 22:00",10,Athens,Greece,37.941263,23.588674,5200000,831217.0,,,,,,,,,C.1. Chlorination,Primary sedimentation + activated sludge (including SBR) - C+N+DN+P,Waste water - Municipal,Effluent wastewater,,Dissolved fraction,37.941263,wastewater
21367,"Influent and effluent wastewater from Athens 2014-2020, Eleusina 2019-2020, Tel Aviv 2016",Real Sample,Effluent wastewater from Athens 5 March 2015,"Thu, 03/05/2015 - 22:00","Thu, 01/29/2015 - 22:00",11,Athens,Greece,37.941263,23.588674,5200000,744669.0,,,,,,,,,C.1. Chlorination,Primary sedimentation + activated sludge (including SBR) - C+N+DN+P,Waste water - Municipal,Effluent wastewater,,Dissolved fraction,37.941263,wastewater
21368,"Influent and effluent wastewater from Athens 2014-2020, Eleusina 2019-2020, Tel Aviv 2016",Real Sample,Effluent wastewater from Athens 5 March 2015,"Thu, 03/05/2015 - 22:00","Thu, 01/29/2015 - 22:00",10,Athens,Greece,37.941263,23.588674,5200000,744669.0,,,,,,,,,C.1. Chlorination,Primary sedimentation + activated sludge (including SBR) - C+N+DN+P,Waste water - Municipal,Effluent wastewater,,Dissolved fraction,37.941263,wastewater
21369,"Influent and effluent wastewater from Athens 2014-2020, Eleusina 2019-2020, Tel Aviv 2016",Real Sample,Effluent wastewater from Athens 4 March 2015,"Wed, 03/04/2015 - 22:00","Wed, 01/28/2015 - 22:00",11,Athens,Greece,37.941263,23.588674,5200000,753579.0,,,,,,,,,C.1. Chlorination,Primary sedimentation + activated sludge (including SBR) - C+N+DN+P,Waste water - Municipal,Effluent wastewater,,Dissolved fraction,37.941263,wastewater
21370,"Influent and effluent wastewater from Athens 2014-2020, Eleusina 2019-2020, Tel Aviv 2016",Real Sample,Effluent wastewater from Athens 4 March 2015,"Wed, 03/04/2015 - 22:00","Wed, 01/28/2015 - 22:00",10,Athens,Greece,37.941263,23.588674,5200000,753579.0,,,,,,,,,C.1. Chlorination,Primary sedimentation + activated sludge (including SBR) - C+N+DN+P,Waste water - Municipal,Effluent wastewater,,Dissolved fraction,37.941263,wastewater
21371,"Influent and effluent wastewater from Athens 2014-2020, Eleusina 2019-2020, Tel Aviv 2016",Real Sample,Influent wastewater from Athens 11 March 2015,"Wed, 03/11/2015 - 22:00","Wed, 02/04/2015 - 22:00",11,Athens,Greece,37.941263,23.588674,5200000,860042.0,,,7.45,,,,20.1,,C.1. Chlorination,Primary sedimentation + activated sludge (including SBR) - C+N+DN+P,Waste water - Municipal,Influent wastewater,,Dissolved fraction,37.941263,wastewater
21372,"Influent and effluent wastewater from Athens 2014-2020, Eleusina 2019-2020, Tel Aviv 2016",Real Sample,Influent wastewater from Athens 11 March 2015,"Wed, 03/11/2015 - 22:00","Wed, 02/04/2015 - 22:00",10,Athens,Greece,37.941263,23.588674,5200000,860042.0,,,7.45,,,,20.1,,C.1. Chlorination,Primary sedimentation + activated sludge (including SBR) - C+N+DN+P,Waste water - Municipal,Influent wastewater,,Dissolved fraction,37.941263,wastewater
21373,"Influent and effluent wastewater from Athens 2014-2020, Eleusina 2019-2020, Tel Aviv 2016",Real Sample,Influent wastewater from Athens 10 March 2015,"Tue, 03/10/2015 - 22:00","Tue, 02/03/2015 - 22:00",11,Athens,Greece,37.941263,23.588674,5200000,768180.0,,,7.5,,,,19.9,,C.1. Chlorination,Primary sedimentation + activated sludge (including SBR) - C+N+DN+P,Waste water - Municipal,Influent wastewater,,Dissolved fraction,37.941263,wastewater
21374,"Influent and effluent wastewater from Athens 2014-2020, Eleusina 2019-2020, Tel Aviv 2016",Real Sample,Influent wastewater from Athens 10 March 2015,"Tue, 03/10/2015 - 22:00","Tue, 02/03/2015 - 22:00",10,Athens,Greece,37.941263,23.588674,5200000,768180.0,,,7.5,,,,19.9,,C.1. Chlorination,Primary sedimentation + activated sludge (including SBR) - C+N+DN+P,Waste water - Municipal,Influent wastewater,,Dissolved fraction,37.941263,wastewater
21375,"Influent and effluent wastewater from Athens 2014-2020, Eleusina 2019-2020, Tel Aviv 2016",Real Sample,Influent wastewater from Athens 9 March 2015,"Mon, 03/09/2015 - 22:00","Mon, 02/02/2015 - 22:00",11,Athens,Greece,37.941263,23.588674,5200000,753132.0,,,,,,,19.6,,C.1. Chlorination,Primary sedimentation + activated sludge (including SBR) - C+N+DN+P,Waste water - Municipal,Influent wastewater,,Dissolved fraction,37.941263,wastewater
21376,"Influent and effluent wastewater from Athens 2014-2020, Eleusina 2019-2020, Tel Aviv 2016",Real Sample,Influent wastewater from Athens 9 March 2015,"Mon, 03/09/2015 - 22:00","Mon, 02/02/2015 - 22:00",10,Athens,Greece,37.941263,23.588674,5200000,753132.0,,,,,,,19.6,,C.1. Chlorination,Primary sedimentation + activated sludge (including SBR) - C+N+DN+P,Waste water - Municipal,Influent wastewater,,Dissolved fraction,37.941263,wastewater
21377,"Influent and effluent wastewater from Athens 2014-2020, Eleusina 2019-2020, Tel Aviv 2016",Real Sample,Influent wastewater from Athens 8 March 2015,"Sun, 03/08/2015 - 22:00","Sun, 02/01/2015 - 22:00",11,Athens,Greece,37.941263,23.588674,5200000,753117.0,,,,,,,19.0,,C.1. Chlorination,Primary sedimentation + activated sludge (including SBR) - C+N+DN+P,Waste water - Municipal,Influent wastewater,,Dissolved fraction,37.941263,wastewater
21378,"Influent and effluent wastewater from Athens 2014-2020, Eleusina 2019-2020, Tel Aviv 2016",Real Sample,Influent wastewater from Athens 8 March 2015,"Sun, 03/08/2015 - 22:00","Sun, 02/01/2015 - 22:00",10,Athens,Greece,37.941263,23.588674,5200000,753117.0,,,,,,,19.0,,C.1. Chlorination,Primary sedimentation + activated sludge (including SBR) - C+N+DN+P,Waste water - Municipal,Influent wastewater,,Dissolved fraction,37.941263,wastewater
21379,"Influent and effluent wastewater from Athens 2014-2020, Eleusina 2019-2020, Tel Aviv 2016",Real Sample,Influent wastewater from Athens 7 March 2015,"Sat, 03/07/2015 - 22:00","Sat, 01/31/2015 - 22:00",11,Athens,Greece,37.941263,23.588674,5200000,944930.0,,,,,,,18.7,,C.1. Chlorination,Primary sedimentation + activated sludge (including SBR) - C+N+DN+P,Waste water - Municipal,Influent wastewater,,Dissolved fraction,37.941263,wastewater
21380,"Influent and effluent wastewater from Athens 2014-2020, Eleusina 2019-2020, Tel Aviv 2016",Real Sample,Influent wastewater from Athens 7 March 2015,"Sat, 03/07/2015 - 22:00","Sat, 01/31/2015 - 22:00",10,Athens,Greece,37.941263,23.588674,5200000,944930.0,,,,,,,18.7,,C.1. Chlorination,Primary sedimentation + activated sludge (including SBR) - C+N+DN+P,Waste water - Municipal,Influent wastewater,,Dissolved fraction,37.941263,wastewater
21381,"Influent and effluent wastewater from Athens 2014-2020, Eleusina 2019-2020, Tel Aviv 2016",Real Sample,Influent wastewater from Athens 6 March 2015,"Fri, 03/06/2015 - 22:00","Fri, 01/30/2015 - 22:00",11,Athens,Greece,37.941263,23.588674,5200000,989310.0,,,,,,,19.0,,C.1. Chlorination,Primary sedimentation + activated sludge (including SBR) - C+N+DN+P,Waste water - Municipal,Influent wastewater,,Dissolved fraction,37.941263,wastewater
21382,"Influent and effluent wastewater from Athens 2014-2020, Eleusina 2019-2020, Tel Aviv 2016",Real Sample,Influent wastewater from Athens 6 March 2015,"Fri, 03/06/2015 - 22:00","Fri, 01/30/2015 - 22:00",10,Athens,Greece,37.941263,23.588674,5200000,989310.0,,,,,,,19.0,,C.1. Chlorination,Primary sedimentation + activated sludge (including SBR) - C+N+DN+P,Waste water - Municipal,Influent wastewater,,Dissolved fraction,37.941263,wastewater
21383,"Influent and effluent wastewater from Athens 2014-2020, Eleusina 2019-2020, Tel Aviv 2016",Real Sample,Influent wastewater from Athens 5 March 2015,"Thu, 03/05/2015 - 22:00","Thu, 01/29/2015 - 22:00",11,Athens,Greece,37.941263,23.588674,5200000,744669.0,,,,,,,19.0,,C.1. Chlorination,Primary sedimentation + activated sludge (including SBR) - C+N+DN+P,Waste water - Municipal,Influent wastewater,,Dissolved fraction,37.941263,wastewater
21384,"Influent and effluent wastewater from Athens 2014-2020, Eleusina 2019-2020, Tel Aviv 2016",Real Sample,Influent wastewater from Athens 5 March 2015,"Thu, 03/05/2015 - 22:00","Thu, 01/29/2015 - 22:00",10,Athens,Greece,37.941263,23.588674,5200000,744669.0,,,,,,,19.0,,C.1. Chlorination,Primary sedimentation + activated sludge (including SBR) - C+N+DN+P,Waste water - Municipal,Influent wastewater,,Dissolved fraction,37.941263,wastewater
21385,"Influent and effluent wastewater from Athens 2014-2020, Eleusina 2019-2020, Tel Aviv 2016",Real Sample,Influent wastewater from Athens 4 March 2015,"Wed, 03/04/2015 - 22:00","Wed, 01/28/2015 - 22:00",11,Athens,Greece,37.941263,23.588674,5200000,753578.0,,,7.53,,,,18.8,,C.1. Chlorination,Primary sedimentation + activated sludge (including SBR) - C+N+DN+P,Waste water - Municipal,Influent wastewater,,Dissolved fraction,37.941263,wastewater
21386,"Influent and effluent wastewater from Athens 2014-2020, Eleusina 2019-2020, Tel Aviv 2016",Real Sample,Influent wastewater from Athens 4 March 2015,"Wed, 03/04/2015 - 22:00","Wed, 01/28/2015 - 22:00",10,Athens,Greece,37.941263,23.588674,5200000,753578.0,,,7.53,,,,18.8,,C.1. Chlorination,Primary sedimentation + activated sludge (including SBR) - C+N+DN+P,Waste water - Municipal,Influent wastewater,,Dissolved fraction,37.941263,wastewater
21387,"Influent and effluent wastewater from Athens 2014-2020, Eleusina 2019-2020, Tel Aviv 2016",Real Sample,Effluent wastewater from Athens 18 March 2014,"Tue, 03/18/2014 - 22:00","Tue, 02/11/2014 - 22:00",11,Athens,Greece,37.941263,23.588674,5200000,774.532,,,7.5,,,,,,C.1. Chlorination,Primary sedimentation + activated sludge (including SBR) - C+N+DN+P,Waste water - Municipal,Effluent wastewater,,Dissolved fraction,37.941263,wastewater
21388,"Influent and effluent wastewater from Athens 2014-2020, Eleusina 2019-2020, Tel Aviv 2016",Real Sample,Effluent wastewater from Athens 18 March 2014,"Tue, 03/18/2014 - 22:00","Tue, 02/11/2014 - 22:00",10,Athens,Greece,37.941263,23.588674,5200000,774.532,,,7.5,,,,,,C.1. Chlorination,Primary sedimentation + activated sludge (including SBR) - C+N+DN+P,Waste water - Municipal,Effluent wastewater,,Dissolved fraction,37.941263,wastewater
21389,"Influent and effluent wastewater from Athens 2014-2020, Eleusina 2019-2020, Tel Aviv 2016",Real Sample,Effluent wastewater from Athens 17 March 2014,"Mon, 03/17/2014 - 22:00","Mon, 02/10/2014 - 22:00",11,Athens,Greece,37.941263,23.588674,5200000,756671.0,,,7.5,,,,,,C.1. Chlorination,Primary sedimentation + activated sludge (including SBR) - C+N+DN+P,Waste water - Municipal,Effluent wastewater,,Dissolved fraction,37.941263,wastewater
21390,"Influent and effluent wastewater from Athens 2014-2020, Eleusina 2019-2020, Tel Aviv 2016",Real Sample,Effluent wastewater from Athens 17 March 2014,"Mon, 03/17/2014 - 22:00","Mon, 02/10/2014 - 22:00",10,Athens,Greece,37.941263,23.588674,5200000,756671.0,,,7.5,,,,,,C.1. Chlorination,Primary sedimentation + activated sludge (including SBR) - C+N+DN+P,Waste water - Municipal,Effluent wastewater,,Dissolved fraction,37.941263,wastewater
21391,"Influent and effluent wastewater from Athens 2014-2020, Eleusina 2019-2020, Tel Aviv 2016",Real Sample,Effluent wastewater from Athens 16 March 2014,"Sun, 03/16/2014 - 22:00","Sun, 02/09/2014 - 22:00",11,Athens,Greece,37.941263,23.588674,5200000,748322.0,,,,,,,,,C.1. Chlorination,Primary sedimentation + activated sludge (including SBR) - C+N+DN+P,Waste water - Municipal,Effluent wastewater,,Dissolved fraction,37.941263,wastewater
21392,"Influent and effluent wastewater from Athens 2014-2020, Eleusina 2019-2020, Tel Aviv 2016",Real Sample,Effluent wastewater from Athens 16 March 2014,"Sun, 03/16/2014 - 22:00","Sun, 02/09/2014 - 22:00",10,Athens,Greece,37.941263,23.588674,5200000,748322.0,,,,,,,,,C.1. Chlorination,Primary sedimentation + activated sludge (including SBR) - C+N+DN+P,Waste water - Municipal,Effluent wastewater,,Dissolved fraction,37.941263,wastewater
21393,"Influent and effluent wastewater from Athens 2014-2020, Eleusina 2019-2020, Tel Aviv 2016",Real Sample,Effluent wastewater from Athens 15 March 2014,"Sat, 03/15/2014 - 22:00","Sat, 02/08/2014 - 22:00",11,Athens,Greece,37.941263,23.588674,5200000,791317.0,,,,,,,,,C.1. Chlorination,Primary sedimentation + activated sludge (including SBR) - C+N+DN+P,Waste water - Municipal,Effluent wastewater,,Dissolved fraction,37.941263,wastewater
21394,"Influent and effluent wastewater from Athens 2014-2020, Eleusina 2019-2020, Tel Aviv 2016",Real Sample,Effluent wastewater from Athens 15 March 2014,"Sat, 03/15/2014 - 22:00","Sat, 02/08/2014 - 22:00",10,Athens,Greece,37.941263,23.588674,5200000,791317.0,,,,,,,,,C.1. Chlorination,Primary sedimentation + activated sludge (including SBR) - C+N+DN+P,Waste water - Municipal,Effluent wastewater,,Dissolved fraction,37.941263,wastewater
21395,"Influent and effluent wastewater from Athens 2014-2020, Eleusina 2019-2020, Tel Aviv 2016",Real Sample,Effluent wastewater from Athens 14 March 2014,"Fri, 03/14/2014 - 22:00","Fri, 02/07/2014 - 22:00",11,Athens,Greece,37.941263,23.588674,5200000,764153.0,,,,,,,,,C.1. Chlorination,Primary sedimentation + activated sludge (including SBR) - C+N+DN+P,Waste water - Municipal,Effluent wastewater,,Dissolved fraction,37.941263,wastewater
21396,"Influent and effluent wastewater from Athens 2014-2020, Eleusina 2019-2020, Tel Aviv 2016",Real Sample,Effluent wastewater from Athens 14 March 2014,"Fri, 03/14/2014 - 22:00","Fri, 02/07/2014 - 22:00",10,Athens,Greece,37.941263,23.588674,5200000,764153.0,,,,,,,,,C.1. Chlorination,Primary sedimentation + activated sludge (including SBR) - C+N+DN+P,Waste water - Municipal,Effluent wastewater,,Dissolved fraction,37.941263,wastewater
21397,"Influent and effluent wastewater from Athens 2014-2020, Eleusina 2019-2020, Tel Aviv 2016",Real Sample,Effluent wastewater from Athens 13 March 2014,"Thu, 03/13/2014 - 22:00","Thu, 02/06/2014 - 22:00",11,Athens,Greece,37.941263,23.588674,5200000,764139.0,,,,,,,,,C.1. Chlorination,Primary sedimentation + activated sludge (including SBR) - C+N+DN+P,Waste water - Municipal,Effluent wastewater,,Dissolved fraction,37.941263,wastewater
21398,"Influent and effluent wastewater from Athens 2014-2020, Eleusina 2019-2020, Tel Aviv 2016",Real Sample,Effluent wastewater from Athens 13 March 2014,"Thu, 03/13/2014 - 22:00","Thu, 02/06/2014 - 22:00",10,Athens,Greece,37.941263,23.588674,5200000,764139.0,,,,,,,,,C.1. Chlorination,Primary sedimentation + activated sludge (including SBR) - C+N+DN+P,Waste water - Municipal,Effluent wastewater,,Dissolved fraction,37.941263,wastewater
21399,"Influent and effluent wastewater from Athens 2014-2020, Eleusina 2019-2020, Tel Aviv 2016",Real Sample,Effluent wastewater from Athens 12 March 2014,"Wed, 03/12/2014 - 22:00","Wed, 02/05/2014 - 22:00",11,Athens,Greece,37.941263,23.588674,5200000,769427.0,,,7.5,,,,,,C.1. Chlorination,Primary sedimentation + activated sludge (including SBR) - C+N+DN+P,Waste water - Municipal,Effluent wastewater,,Dissolved fraction,37.941263,wastewater
21400,"Influent and effluent wastewater from Athens 2014-2020, Eleusina 2019-2020, Tel Aviv 2016",Real Sample,Effluent wastewater from Athens 12 March 2014,"Wed, 03/12/2014 - 22:00","Wed, 02/05/2014 - 22:00",10,Athens,Greece,37.941263,23.588674,5200000,769427.0,,,7.5,,,,,,C.1. Chlorination,Primary sedimentation + activated sludge (including SBR) - C+N+DN+P,Waste water - Municipal,Effluent wastewater,,Dissolved fraction,37.941263,wastewater
21401,"Influent and effluent wastewater from Athens 2014-2020, Eleusina 2019-2020, Tel Aviv 2016",Real Sample,Effluent wastewater from Athens 11 March 2014,"Tue, 03/11/2014 - 22:00","Tue, 02/04/2014 - 22:00",11,Athens,Greece,37.941263,23.588674,5200000,756761.0,,,,,,,,,C.1. Chlorination,Primary sedimentation + activated sludge (including SBR) - C+N+DN+P,Waste water - Municipal,Effluent wastewater,,Dissolved fraction,37.941263,wastewater
21402,"Influent and effluent wastewater from Athens 2014-2020, Eleusina 2019-2020, Tel Aviv 2016",Real Sample,Effluent wastewater from Athens 11 March 2014,"Tue, 03/11/2014 - 22:00","Tue, 02/04/2014 - 22:00",10,Athens,Greece,37.941263,23.588674,5200000,756761.0,,,,,,,,,C.1. Chlorination,Primary sedimentation + activated sludge (including SBR) - C+N+DN+P,Waste water - Municipal,Effluent wastewater,,Dissolved fraction,37.941263,wastewater
21403,"Influent and effluent wastewater from Athens 2014-2020, Eleusina 2019-2020, Tel Aviv 2016",Real Sample,Influent wastewater from Athens 18 March 2014,"Tue, 03/18/2014 - 22:00","Tue, 02/11/2014 - 22:00",10,Athens,Greece,37.941263,23.588674,5200000,774532.0,,,7.6,,,,18.8,,C.1. Chlorination,Primary sedimentation + activated sludge (including SBR) - C+N+DN+P,Waste water - Municipal,Influent wastewater,,Dissolved fraction,37.941263,wastewater
21404,"Influent and effluent wastewater from Athens 2014-2020, Eleusina 2019-2020, Tel Aviv 2016",Real Sample,Influent wastewater from Athens 17 March 2014,"Mon, 03/17/2014 - 22:00","Mon, 02/10/2014 - 22:00",10,Athens,Greece,37.941263,23.588674,5200000,756671.0,,,8.0,,,,20.1,,C.1. Chlorination,Primary sedimentation + activated sludge (including SBR) - C+N+DN+P,Waste water - Municipal,Influent wastewater,,Dissolved fraction,37.941263,wastewater
21405,"Influent and effluent wastewater from Athens 2014-2020, Eleusina 2019-2020, Tel Aviv 2016",Real Sample,Influent wastewater from Athens 16 March 2014,"Sun, 03/16/2014 - 22:00","Sun, 02/09/2014 - 22:00",10,Athens,Greece,37.941263,23.588674,5200000,748323.0,,,,,,,20.0,,C.1. Chlorination,Primary sedimentation + activated sludge (including SBR) - C+N+DN+P,Waste water - Municipal,Influent wastewater,,Dissolved fraction,37.941263,wastewater
21406,"Influent and effluent wastewater from Athens 2014-2020, Eleusina 2019-2020, Tel Aviv 2016",Real Sample,Influent wastewater from Athens 15 March 2014,"Sat, 03/15/2014 - 22:00","Sat, 02/08/2014 - 22:00",10,Athens,Greece,37.941263,23.588674,5200000,791317.0,,,,,,,19.6,,C.1. Chlorination,Primary sedimentation + activated sludge (including SBR) - C+N+DN+P,Waste water - Municipal,Influent wastewater,,Dissolved fraction,37.941263,wastewater
21407,"Influent and effluent wastewater from Athens 2014-2020, Eleusina 2019-2020, Tel Aviv 2016",Real Sample,Influent wastewater from Athens 14 March 2014,"Fri, 03/14/2014 - 22:00","Fri, 02/07/2014 - 22:00",10,Athens,Greece,37.941263,23.588674,5200000,764154.0,,,,,,,19.4,,C.1. Chlorination,Primary sedimentation + activated sludge (including SBR) - C+N+DN+P,Waste water - Municipal,Influent wastewater,,Dissolved fraction,37.941263,wastewater
21408,"Influent and effluent wastewater from Athens 2014-2020, Eleusina 2019-2020, Tel Aviv 2016",Real Sample,Influent wastewater from Athens 13 March 2014,"Thu, 03/13/2014 - 22:00","Thu, 02/06/2014 - 22:00",10,Athens,Greece,37.941263,23.588674,5200000,764140.0,,,,,,,19.0,,C.1. Chlorination,Primary sedimentation + activated sludge (including SBR) - C+N+DN+P,Waste water - Municipal,Influent wastewater,,Dissolved fraction,37.941263,wastewater
21409,"Influent and effluent wastewater from Athens 2014-2020, Eleusina 2019-2020, Tel Aviv 2016",Real Sample,Influent wastewater from Athens 12 March 2014,"Wed, 03/12/2014 - 22:00","Wed, 02/05/2014 - 22:00",10,Athens,Greece,37.941263,23.588674,5200000,769427.0,,,7.7,,,,18.8,,C.1. Chlorination,Primary sedimentation + activated sludge (including SBR) - C+N+DN+P,Waste water - Municipal,Influent wastewater,,Dissolved fraction,37.941263,wastewater
21410,"Influent and effluent wastewater from Athens 2014-2020, Eleusina 2019-2020, Tel Aviv 2016",Real Sample,Influent wastewater from Athens 11 March 2014,"Tue, 03/11/2014 - 22:00","Tue, 02/04/2014 - 22:00",10,Athens,Greece,37.941263,23.588674,5200000,753579.0,,,8.0,,,,18.8,,C.1. Chlorination,Primary sedimentation + activated sludge (including SBR) - C+N+DN+P,Waste water - Municipal,Influent wastewater,,Dissolved fraction,37.941263,wastewater
