ID,Collection,Sample type,Short name for contribution,Sampling date,Analysis date,Instrument setup used,Monitored City,Monitored country,Latitude,Longitude,Alive or not,Basis of measurement,Biota species name (in Latin),Distance from the river source (km),Fat content (% of total wet matter),"Name of river, estuary, lake, reservoir, sea",Number of orgnanisms,Origin of biota,Proxy pressures,River basin name,Size (mm),Species group,Tissue,Water content(%),Weight (kg),field_country,matrix
37,LIFE APEX,Real Sample,LIFE APEX 01 Bream Muscle from Danube Jochenstein,"Thu, 01/01/2015 - 00:00","Wed, 01/01/2020 - 00:00",LC-Bruker maXis QTOF: Submission #10,Jochenstein,,51.83,12.22,Yes,Wet weight,Abramis brama,,,Danube river,,River,,Danube river basin,,,Muscle,,,Germany,biota
38,LIFE APEX,Real Sample,LIFE APEX 02 Bream Muscle from Elbe,"Thu, 01/01/2015 - 00:00","Wed, 01/01/2020 - 00:00",LC-Bruker maXis QTOF: Submission #10,Wittenberge,Germany,53.01,11.75,Yes,Wet weight,Abramis brama,,,Elbe river,,River,,Elbe river basin,,,Muscle,,,Germany,biota
39,LIFE APEX,Real Sample,LIFE APEX 03 Bream Muscle from Rhine Bimmen,"Thu, 01/01/2015 - 00:00","Wed, 01/01/2020 - 00:00",LC-Bruker maXis QTOF: Submission #10,Emmerich,Germany,51.85,6.24,Yes,Wet weight,Abramis brama,,,Rhine river,,River,,Rhine river basin,,,Muscle,,,Germany,biota
40,LIFE APEX,Real Sample,LIFE APEX 04 Bream Muscle from Belauer See,"Thu, 01/01/2015 - 00:00","Wed, 01/01/2020 - 00:00",LC-Bruker maXis QTOF: Submission #10,Neumunster,Germany,54.07,9.98,Yes,Wet weight,Abramis brama,,,Belauer See,,River,,,,,Muscle,,,Germany,biota
41,LIFE APEX,Real Sample,LIFE APEX 05 Bream Muscle from Saar Gudingen,"Thu, 01/01/2015 - 00:00","Thu, 01/01/2015 - 00:00",LC-Bruker maXis QTOF: Submission #10,Saarbrucken,Germany,49.25,6.97,Yes,Wet weight,Abramis brama,,,Rhine river,,River,,Rhine river basin,,,Muscle,,,Germany,biota
42,LIFE APEX,Real Sample,LIFE APEX 06 Herring gull eggs from North Sea Mellum,"Thu, 01/01/2015 - 00:00","Wed, 01/01/2020 - 00:00",LC-Bruker maXis QTOF: Submission #10,Wilhelmshaven,Germany,53.54,8.11,Yes,Wet weight,Herring gull eggs,,,North sea,,Herring gull eggs,,North sea,,,Egg,,,Germany,biota
43,LIFE APEX,Real Sample,LIFE APEX 07 Herring gull eggs from North Sea Trischen,"Thu, 01/01/2015 - 00:00","Wed, 01/01/2020 - 00:00",LC-Bruker maXis QTOF: Submission #10,Cuxhaven,Germany,53.87,8.69,Yes,Wet weight,,,,North sea,,River,,North sea,,,Egg,,,Germany,biota
44,LIFE APEX,Real Sample,LIFE APEX 08 Eelpout Muscle from North Sea Varel Mellum,"Thu, 01/01/2015 - 00:00","Thu, 01/01/2015 - 00:00",LC-Bruker maXis QTOF: Submission #10,Wilhelmshaven,Germany,53.54,8.11,Yes,Wet weight,Gymnelus hemifasciatus,,,North Sea,,River,,North Sea,,,Muscle,,,Germany,biota
45,LIFE APEX,Real Sample,LIFE APEX 09 Eelpout Muscle from Baltic Sea Darsser Ort,"Thu, 01/01/2015 - 00:00","Thu, 01/01/2015 - 00:00",LC-Bruker maXis QTOF: Submission #10,Ribnitz-Damgarten,Germany,54.24,12.43,Yes,Wet weight,Gymnelus hemifasciatus,,,Baltic Sea,,Marine environment,,Baltic Sea,,,Muscle,,,Germany,biota
46,LIFE APEX,Real Sample,LIFE APEX 10 Eelpout Muscle from North Sea Meldorfer Bucht,"Thu, 01/01/2015 - 00:00","Wed, 01/01/2020 - 00:00",LC-Bruker maXis QTOF: Submission #10,Cuxhaven,Germany,53.87,8.69,,Wet weight,Gymnelus hemifasciatus,,,North Sea,,Marine environment,,North Sea,,,Muscle,,,Germany,biota
47,LIFE APEX,Real Sample,LIFE APEX 11 Buzzard liver from the Wash,"Sun, 01/01/2017 - 00:00","Wed, 01/01/2020 - 00:00",LC-Bruker maXis QTOF: Submission #10,Peterborough,Germany,52.91546,0.248173,No,Wet weight,Steppe buzzard,,,Wash,,Terrestrial environment,,Wash,,,Liver,,,Canada,biota
48,LIFE APEX,Real Sample,LIFE APEX 12 Buzzard liver from South Lincolnshire,"Sun, 01/01/2017 - 00:00","Wed, 01/01/2020 - 00:00",LC-Bruker maXis QTOF: Submission #10,Lincoln,Canada,53.229319,-0.293403,Yes,Wet weight,Buteo buteo,,,Witham River,,Terrestrial environment,,Witham River Basin,,,Liver,,,UK,biota
49,LIFE APEX,Real Sample,LIFE APEX 14 Buzzard liver from Sussex-Hampshire,"Sun, 01/01/2017 - 00:00","Wed, 01/01/2020 - 00:00",LC-Bruker maXis QTOF: Submission #10,Farnborough,UK,50.943334,-0.924196,No,Wet weight,Buteo buteo,,,,,Terrestrial environment,,Hampshire Basin,,,Liver,,,UK,biota
50,LIFE APEX,Real Sample,LIFE APEX 14 Buzzard liver from Sussex-Hampshire_Farnborough,"Sun, 01/01/2017 - 00:00","Wed, 01/01/2020 - 00:00",LC-Bruker maXis QTOF: Submission #10,Farnborough,UK,50.943334,-0.924196,No,Wet weight,Buteo buteo,,,,,Terrestrial environment,,,,,Liver,,,UK,biota
51,LIFE APEX,Real Sample,LIFE APEX 15 Buzzard liver from South Wales-Somerset-Hertfordshire,,,LC-Bruker maXis QTOF: Submission #10,Oxford,UK,51.76,-1.26,No,Wet weight,Buteo buteo,,,,,Terrestrial environment,,,,,Liver,,,UK,biota
52,LIFE APEX,Real Sample,LIFE APEX 16 Roach Muscle from River Thames (Shepperton-Sunbury),"Fri, 01/01/2016 - 00:00","Wed, 01/01/2020 - 00:00",LC-Bruker maXis QTOF: Submission #10,London,UK,51.386399,-0.451476,Yes,Wet weight,Rutilus rutilus,,,Thames River,,,,Thames River Basin,,,Muscle,,,Canada,biota
53,LIFE APEX,Real Sample,LIFE APEX 17 Roach Muscle from River Lea (Wheathampstead),"Fri, 01/01/2016 - 00:00","Wed, 01/01/2020 - 00:00",LC-Bruker maXis QTOF: Submission #10,Luton,Canada,51.813566,-0.292979,Yes,Wet weight,Rutilus rutilus,,,Lea River,,River,,Lea River Basin,,,Muscle,,,UK,biota
54,LIFE APEX,Real Sample,LIFE APEX 18 Roach Muscle from River Anker (Stationfields),"Sun, 01/01/2017 - 00:00","Wed, 01/01/2020 - 00:00",LC-Bruker maXis QTOF: Submission #10,Tamworth,UK,52.63664,-1.682843,Yes,Wet weight,Rutilus rutilus,,,Anker River,,River,,Anker River Basin,,,Muscle,,,UK,biota
55,LIFE APEX,Real Sample,LIFE APEX 19 Roach Muscle from River Thames (Standford-Abington),"Sun, 01/01/2017 - 00:00","Wed, 01/01/2020 - 00:00",LC-Bruker maXis QTOF: Submission #10,Northampton,UK,52.233289,-0.858002,Yes,Wet weight,Rutilus rutilus,,,Thames River,,River,,Thames River Basin,,,Muscle,,,UK,biota
56,LIFE APEX,Real Sample,LIFE APEX 20 Roach Muscle from River Welland (Stamford Meadows),"Sun, 01/01/2017 - 00:00","Wed, 01/01/2020 - 00:00",LC-Bruker maXis QTOF: Submission #10,Northampton,UK,52.65425,-0.461188,Yes,Wet weight,Rutilus rutilus,,,Welland River,,River,,Welland River Basin,,Fish (22486),Muscle,,,UK,biota
19046,LIFE APEX,Real Sample,LIFE APEX 198 Buzzard liver pooled from Warmian-Masurian Voivodeship,"Sun, 02/02/2020 - 22:00","Sun, 12/29/2019 - 22:00",LC-Bruker maXis QTOF: Submission #11,Olsztyn,Poland,53.803289,20.464641,1,Wet weight,Buzzard,,,,2.0,Terrestrial environment,,,,Bird (22511),Liver,69.5,,Poland,biota
19047,LIFE APEX,Real Sample,LIFE APEX 198 Buzzard liver pooled from Warmian-Masurian Voivodeship,"Sun, 02/02/2020 - 22:00","Sun, 12/29/2019 - 22:00",LC-Bruker maXis QTOF: Submission #10,Olsztyn,Poland,53.803289,20.464641,1,Wet weight,Buzzard,,,,2.0,Terrestrial environment,,,,Bird (22511),Liver,69.5,,Poland,biota
19048,LIFE APEX,Real Sample,LIFE APEX 197 Buzzard liver pooled from Cluj-Napoca,"Tue, 01/01/2019 - 22:00","Tue, 11/27/2018 - 22:00",LC-Bruker maXis QTOF: Submission #11,Cluj-Napoca,Romania,46.733445,23.664026,1,Wet weight,Buzzard,,,,1.0,Terrestrial environment,,,,Bird (22511),Liver,72.0,,Romania,biota
19049,LIFE APEX,Real Sample,LIFE APEX 197 Buzzard liver pooled from Cluj-Napoca,"Tue, 01/01/2019 - 22:00","Tue, 11/27/2018 - 22:00",LC-Bruker maXis QTOF: Submission #10,Cluj-Napoca,Romania,46.733445,23.664026,1,Wet weight,Buzzard,,,,1.0,Terrestrial environment,,,,Bird (22511),Liver,72.0,,Romania,biota
19050,LIFE APEX,Real Sample,LIFE APEX 196 Buzzard liver pooled from Cluj-Napoca,"Tue, 01/01/2019 - 22:00","Tue, 11/27/2018 - 22:00",LC-Bruker maXis QTOF: Submission #11,Cluj-Napoca,Romania,46.735113,23.563525,1,Wet weight,Buzzard,,,,1.0,Terrestrial environment,,,,Bird (22511),Liver,77.5,,Romania,biota
19051,LIFE APEX,Real Sample,LIFE APEX 196 Buzzard liver pooled from Cluj-Napoca,"Tue, 01/01/2019 - 22:00","Tue, 11/27/2018 - 22:00",LC-Bruker maXis QTOF: Submission #10,Cluj-Napoca,Romania,46.735113,23.563525,1,Wet weight,Buzzard,,,,1.0,Terrestrial environment,,,,Bird (22511),Liver,77.5,,Romania,biota
19052,LIFE APEX,Real Sample,"LIFE APEX 195 Buzzard liver pooled from Coimbra, Viseu","Sun, 02/02/2020 - 22:00","Sun, 12/29/2019 - 22:00",LC-Bruker maXis QTOF: Submission #11,Coimbra,Portugal,40.224815,-8.319192,1,Wet weight,Buzzard,,,,2.0,Terrestrial environment,,,,Bird (22511),Liver,72.0,,Portugal,biota
19053,LIFE APEX,Real Sample,"LIFE APEX 195 Buzzard liver pooled from Coimbra, Viseu","Sun, 02/02/2020 - 22:00","Sun, 12/29/2019 - 22:00",LC-Bruker maXis QTOF: Submission #10,Coimbra,Portugal,40.224815,-8.319192,1,Wet weight,Buzzard,,,,2.0,Terrestrial environment,,,,Bird (22511),Liver,72.0,,Portugal,biota
19054,LIFE APEX,Real Sample,"LIFE APEX 194 Buzzard liver pooled from Presov, Kosice, Trebisov, Humenne","Mon, 01/01/2018 - 22:00","Mon, 11/27/2017 - 22:00",LC-Bruker maXis QTOF: Submission #11,Presov,Slovakia,48.975857,21.195856,1,Wet weight,Buzzard,,,,1.0,Terrestrial environment,,,,Bird (22511),Liver,72.07331331,,Slovakia,biota
19055,LIFE APEX,Real Sample,"LIFE APEX 194 Buzzard liver pooled from Presov, Kosice, Trebisov, Humenne","Mon, 01/01/2018 - 22:00","Mon, 11/27/2017 - 22:00",LC-Bruker maXis QTOF: Submission #10,Presov,Slovakia,48.975857,21.195856,1,Wet weight,Buzzard,,,,1.0,Terrestrial environment,,,,Bird (22511),Liver,72.07331331,,Slovakia,biota
19056,LIFE APEX,Real Sample,"LIFE APEX 193 Buzzard liver pooled from Santa Maria da Feira, Gondomar, Braga","Sun, 02/02/2020 - 22:00","Sun, 12/29/2019 - 22:00",LC-Bruker maXis QTOF: Submission #11,Porto,Portugal,41.077999,-8.436219,1,Wet weight,Buzzard,,,,1.0,Terrestrial environment,,,,Bird (22511),Liver,76.42775344,,Portugal,biota
19057,LIFE APEX,Real Sample,"LIFE APEX 193 Buzzard liver pooled from Santa Maria da Feira, Gondomar, Braga","Sun, 02/02/2020 - 22:00","Sun, 12/29/2019 - 22:00",LC-Bruker maXis QTOF: Submission #10,Porto,Portugal,41.077999,-8.436219,1,Wet weight,Buzzard,,,,1.0,Terrestrial environment,,,,Bird (22511),Liver,76.42775344,,Portugal,biota
19058,LIFE APEX,Real Sample,LIFE APEX 192 Buzzard liver pooled from Sint-Truiden,"Tue, 02/02/2021 - 22:00","Tue, 12/29/2020 - 22:00",LC-Bruker maXis QTOF: Submission #11,Sint-Truiden,Belgium,50.871641,5.215332,1,Wet weight,Buzzard,,,,2.0,Terrestrial environment,,,,Bird (22511),Liver,74.89249187,,Belgium,biota
19059,LIFE APEX,Real Sample,LIFE APEX 192 Buzzard liver pooled from Sint-Truiden,"Tue, 02/02/2021 - 22:00","Tue, 12/29/2020 - 22:00",LC-Bruker maXis QTOF: Submission #10,Sint-Truiden,Belgium,50.871641,5.215332,1,Wet weight,Buzzard,,,,2.0,Terrestrial environment,,,,Bird (22511),Liver,74.89249187,,Belgium,biota
19060,LIFE APEX,Real Sample,"LIFE APEX 191 Buzzard liver pooled from Tienen, Sint-Truiden","Tue, 02/02/2021 - 22:00","Tue, 12/29/2020 - 22:00",LC-Bruker maXis QTOF: Submission #11,Tienen,Belgium,50.810677,4.994232,1,Wet weight,Buzzard,,,,1.0,Terrestrial environment,,,,Bird (22511),Liver,74.62585662,,Belgium,biota
19061,LIFE APEX,Real Sample,"LIFE APEX 191 Buzzard liver pooled from Tienen, Sint-Truiden","Tue, 02/02/2021 - 22:00","Tue, 12/29/2020 - 22:00",LC-Bruker maXis QTOF: Submission #10,Tienen,Belgium,50.810677,4.994232,1,Wet weight,Buzzard,,,,1.0,Terrestrial environment,,,,Bird (22511),Liver,74.62585662,,Belgium,biota
19062,LIFE APEX,Real Sample,"LIFE APEX 190 Buzzard liver pooled from Reutlingen, Oberhausen, Lichtenstein","Mon, 01/01/2018 - 22:00","Mon, 11/27/2017 - 22:00",LC-Bruker maXis QTOF: Submission #11,Reutlingen,Germany,48.466091,9.165925,1,Wet weight,Buzzard,,,,3.0,Terrestrial environment,,,,Bird (22511),Liver,73.0,,Germany,biota
19063,LIFE APEX,Real Sample,"LIFE APEX 190 Buzzard liver pooled from Reutlingen, Oberhausen, Lichtenstein","Mon, 01/01/2018 - 22:00","Mon, 11/27/2017 - 22:00",LC-Bruker maXis QTOF: Submission #10,Reutlingen,Germany,48.466091,9.165925,1,Wet weight,Buzzard,,,,3.0,Terrestrial environment,,,,Bird (22511),Liver,73.0,,Germany,biota
19064,LIFE APEX,Real Sample,LIFE APEX 189 Buzzard liver pooled from Midle Saxony,"Thu, 01/01/2015 - 22:00","Thu, 11/27/2014 - 22:00",LC-Bruker maXis QTOF: Submission #11,Dresden,Germany,51.100723,13.825774,1,Wet weight,Buzzard,,,,2.0,Terrestrial environment,,,,Bird (22511),Liver,73.03709437,,Germany,biota
19065,LIFE APEX,Real Sample,LIFE APEX 189 Buzzard liver pooled from Midle Saxony,"Thu, 01/01/2015 - 22:00","Thu, 11/27/2014 - 22:00",LC-Bruker maXis QTOF: Submission #10,Dresden,Germany,51.100723,13.825774,1,Wet weight,Buzzard,,,,2.0,Terrestrial environment,,,,Bird (22511),Liver,73.03709437,,Germany,biota
19066,LIFE APEX,Real Sample,LIFE APEX 188 Buzzard liver pooled from Central Sardinia,"Sun, 02/02/2020 - 22:00","Sun, 12/29/2019 - 22:00",LC-Bruker maXis QTOF: Submission #11,Cagliari,Italy,39.413875,8.673894,1,Wet weight,Buzzard,,,,4.0,Terrestrial environment,,,,Bird (22511),Liver,73.18821329,,Italy,biota
19067,LIFE APEX,Real Sample,LIFE APEX 188 Buzzard liver pooled from Central Sardinia,"Sun, 02/02/2020 - 22:00","Sun, 12/29/2019 - 22:00",LC-Bruker maXis QTOF: Submission #10,Cagliari,Italy,39.413875,8.673894,1,Wet weight,Buzzard,,,,4.0,Terrestrial environment,,,,Bird (22511),Liver,73.18821329,,Italy,biota
19068,LIFE APEX,Real Sample,LIFE APEX 187 Buzzard liver pooled from Northern Sardinia,"Sun, 02/02/2020 - 22:00","Sun, 12/29/2019 - 22:00",LC-Bruker maXis QTOF: Submission #11,Cagliari,Italy,39.421881,9.329993,1,Wet weight,Buzzard,,,,3.0,Terrestrial environment,,,,Bird (22511),Liver,73.57061438,,Italy,biota
19069,LIFE APEX,Real Sample,LIFE APEX 187 Buzzard liver pooled from Northern Sardinia,"Sun, 02/02/2020 - 22:00","Sun, 12/29/2019 - 22:00",LC-Bruker maXis QTOF: Submission #10,Cagliari,Italy,39.421881,9.329993,1,Wet weight,Buzzard,,,,3.0,Terrestrial environment,,,,Bird (22511),Liver,73.57061438,,Italy,biota
19070,LIFE APEX,Real Sample,LIFE APEX 186 Buzzard liver pooled from Madrid,"Sun, 02/02/2020 - 22:00","Sun, 12/29/2019 - 22:00",LC-Bruker maXis QTOF: Submission #11,Madrid,Spain,40.707833,-3.853027,1,Wet weight,Buzzard,,,,3.0,Terrestrial environment,,,,Bird (22511),Liver,72.30854819,,Spain,biota
19071,LIFE APEX,Real Sample,LIFE APEX 186 Buzzard liver pooled from Madrid,"Sun, 02/02/2020 - 22:00","Sun, 12/29/2019 - 22:00",LC-Bruker maXis QTOF: Submission #10,Madrid,Spain,40.707833,-3.853027,1,Wet weight,Buzzard,,,,3.0,Terrestrial environment,,,,Bird (22511),Liver,72.30854819,,Spain,biota
19072,LIFE APEX,Real Sample,LIFE APEX 185 Buzzard liver pooled from Madrid,"Mon, 01/01/2018 - 22:00","Mon, 11/27/2017 - 22:00",LC-Bruker maXis QTOF: Submission #11,Madrid,Spain,40.635317,-3.904246,1,Wet weight,Buzzard,,,,3.0,Terrestrial environment,,,,Bird (22511),Liver,66.42649034,,Spain,biota
19073,LIFE APEX,Real Sample,LIFE APEX 185 Buzzard liver pooled from Madrid,"Mon, 01/01/2018 - 22:00","Mon, 11/27/2017 - 22:00",LC-Bruker maXis QTOF: Submission #10,Madrid,Spain,40.635317,-3.904246,1,Wet weight,Buzzard,,,,3.0,Terrestrial environment,,,,Bird (22511),Liver,66.42649034,,Spain,biota
19074,LIFE APEX,Real Sample,LIFE APEX 184 Buzzard liver pooled from Central and South Slovenia,"Sun, 01/01/2017 - 22:00","Sun, 11/27/2016 - 22:00",LC-Bruker maXis QTOF: Submission #11,Ljubljana,Slovenia,45.992352,14.383558,1,Wet weight,Buzzard,,,,2.0,Terrestrial environment,,,,Bird (22511),Liver,72.46723918,,Slovenia,biota
19075,LIFE APEX,Real Sample,LIFE APEX 184 Buzzard liver pooled from Central and South Slovenia,"Sun, 01/01/2017 - 22:00","Sun, 11/27/2016 - 22:00",LC-Bruker maXis QTOF: Submission #10,Ljubljana,Slovenia,45.992352,14.383558,1,Wet weight,Buzzard,,,,2.0,Terrestrial environment,,,,Bird (22511),Liver,72.46723918,,Slovenia,biota
19076,LIFE APEX,Real Sample,"LIFE APEX 183 Buzzard liver pooled from Central, South and West Slovenia","Thu, 01/01/2015 - 22:00","Thu, 11/27/2014 - 22:00",LC-Bruker maXis QTOF: Submission #11,Ljubljana,Slovenia,45.979648,14.492887,1,Wet weight,Buzzard,,,,1.0,Terrestrial environment,,,,Bird (22511),Liver,74.45485339,,Slovenia,biota
19077,LIFE APEX,Real Sample,"LIFE APEX 183 Buzzard liver pooled from Central, South and West Slovenia","Thu, 01/01/2015 - 22:00","Thu, 11/27/2014 - 22:00",LC-Bruker maXis QTOF: Submission #10,Ljubljana,Slovenia,45.979648,14.492887,1,Wet weight,Buzzard,,,,1.0,Terrestrial environment,,,,Bird (22511),Liver,74.45485339,,Slovenia,biota
19078,LIFE APEX,Real Sample,LIFE APEX 182 Buzzard liver pooled from Crete,"Tue, 01/01/2019 - 22:00","Tue, 11/27/2018 - 22:00",LC-Bruker maXis QTOF: Submission #11,Heraklion,Greece,35.192863,25.22803,1,Wet weight,Buzzard,,,,2.0,Terrestrial environment,,,,Bird (22511),Liver,75.08587954,,Greece,biota
19079,LIFE APEX,Real Sample,LIFE APEX 182 Buzzard liver pooled from Crete,"Tue, 01/01/2019 - 22:00","Tue, 11/27/2018 - 22:00",LC-Bruker maXis QTOF: Submission #10,Heraklion,Greece,35.192863,25.22803,1,Wet weight,Buzzard,,,,2.0,Terrestrial environment,,,,Bird (22511),Liver,75.08587954,,Greece,biota
19080,LIFE APEX,Real Sample,"LIFE APEX 181 Buzzard liver pooled from Andros, Crete","Fri, 01/01/2016 - 22:00","Fri, 11/27/2015 - 22:00",LC-Bruker maXis QTOF: Submission #11,Heraklion,Greece,35.225485,25.138778,1,Wet weight,Buzzard,,,,1.0,Terrestrial environment,,,,Bird (22511),Liver,75.63140866,,Greece,biota
19081,LIFE APEX,Real Sample,"LIFE APEX 181 Buzzard liver pooled from Andros, Crete","Fri, 01/01/2016 - 22:00","Fri, 11/27/2015 - 22:00",LC-Bruker maXis QTOF: Submission #10,Heraklion,Greece,35.225485,25.138778,1,Wet weight,Buzzard,,,,1.0,Terrestrial environment,,,,Bird (22511),Liver,75.63140866,,Greece,biota
19082,LIFE APEX,Real Sample,"LIFE APEX 180 Buzzard liver pooled from Presov, Kosice, Trebisov, Humenne","Mon, 01/01/2018 - 22:00","Mon, 11/27/2017 - 22:00",LC-Bruker maXis QTOF: Submission #11,Kosice,Slovakia,48.808014,21.190465,1,Wet weight,Buzzard,,,,1.0,Terrestrial environment,,,,Bird (22511),Liver,72.07331331,,Slovakia,biota
19083,LIFE APEX,Real Sample,"LIFE APEX 180 Buzzard liver pooled from Presov, Kosice, Trebisov, Humenne","Mon, 01/01/2018 - 22:00","Mon, 11/27/2017 - 22:00",LC-Bruker maXis QTOF: Submission #10,Kosice,Slovakia,48.808014,21.190465,1,Wet weight,Buzzard,,,,1.0,Terrestrial environment,,,,Bird (22511),Liver,72.07331331,,Slovakia,biota
19084,LIFE APEX,Blank Sample,Procedural Blank for LIFE APEX 180-198,"Tue, 02/02/2021 - 22:00","Tue, 12/29/2020 - 22:00",LC-Bruker maXis QTOF: Submission #11,Porto,Portugal,41.07,-8.43,1,Wet weight,Buzzard,,,,1.0,Terrestrial environment,,,,Bird (22511),Liver,76.42775344,,Portugal,biota
19085,LIFE APEX,Blank Sample,Procedural Blank for LIFE APEX 180-198,"Tue, 02/02/2021 - 22:00","Tue, 12/29/2020 - 22:00",LC-Bruker maXis QTOF: Submission #10,Porto,Portugal,41.07,-8.43,1,Wet weight,Buzzard,,,,1.0,Terrestrial environment,,,,Bird (22511),Liver,76.42775344,,Portugal,biota
19086,LIFE APEX,Real Sample,LIFE APEX 176 Eurasian Otter liver pooled from Jonkopings lan,"Fri, 01/01/2016 - 22:00","Fri, 11/27/2015 - 22:00",LC-Bruker maXis QTOF: Submission #11,Jonkoping,Sweden,57.78885,14.152215,1,Wet weight,Eurasian Otter,,,,4.0,Terrestrial environment,,,,Other (22510),Liver,69.91941118,,Sweden,biota
19087,LIFE APEX,Real Sample,LIFE APEX 176 Eurasian Otter liver pooled from Jonkopings lan,"Fri, 01/01/2016 - 22:00","Fri, 11/27/2015 - 22:00",LC-Bruker maXis QTOF: Submission #10,Jonkoping,Sweden,57.78885,14.152215,1,Wet weight,Eurasian Otter,,,,4.0,Terrestrial environment,,,,Other (22510),Liver,69.91941118,,Sweden,biota
19088,LIFE APEX,Real Sample,LIFE APEX 175 Eurasian Otter liver pooled from Kalmar-Ostergotlands lan,"Fri, 01/01/2016 - 22:00","Fri, 11/27/2015 - 22:00",LC-Bruker maXis QTOF: Submission #11,Kalmar,Sweden,56.654015,16.347488,1,Wet weight,Eurasian Otter,,,,3.0,Terrestrial environment,,,,Other (22510),Liver,69.71317886,,Sweden,biota
19089,LIFE APEX,Real Sample,LIFE APEX 175 Eurasian Otter liver pooled from Kalmar-Ostergotlands lan,"Fri, 01/01/2016 - 22:00","Fri, 11/27/2015 - 22:00",LC-Bruker maXis QTOF: Submission #10,Kalmar,Sweden,56.654015,16.347488,1,Wet weight,Eurasian Otter,,,,3.0,Terrestrial environment,,,,Other (22510),Liver,69.71317886,,Sweden,biota
19090,LIFE APEX,Real Sample,LIFE APEX 159 Eurasian Otter liver pooled from Western Hungary,"Fri, 01/01/2016 - 22:00","Fri, 11/27/2015 - 22:00",LC-Bruker maXis QTOF: Submission #11,Zalaegerszeg,Hungary,46.864745,16.862463,1,Wet weight,Eurasian Otter,,,,3.0,Terrestrial environment,,,,Other (22510),Liver,71.52992421,,Hungary,biota
19091,LIFE APEX,Real Sample,LIFE APEX 159 Eurasian Otter liver pooled from Western Hungary,"Fri, 01/01/2016 - 22:00","Fri, 11/27/2015 - 22:00",LC-Bruker maXis QTOF: Submission #10,Zalaegerszeg,Hungary,46.864745,16.862463,1,Wet weight,Eurasian Otter,,,,3.0,Terrestrial environment,,,,Other (22510),Liver,71.52992421,,Hungary,biota
19092,LIFE APEX,Real Sample,LIFE APEX 158 Eurasian Otter liver pooled from South Hungary,"Thu, 01/01/2015 - 22:00","Thu, 11/27/2014 - 22:00",LC-Bruker maXis QTOF: Submission #11,Szeged,Hungary,46.340018,20.093273,1,Wet weight,Eurasian Otter,,,,2.0,Terrestrial environment,,,,Other (22510),Liver,70.26754886,,Hungary,biota
19093,LIFE APEX,Real Sample,LIFE APEX 158 Eurasian Otter liver pooled from South Hungary,"Thu, 01/01/2015 - 22:00","Thu, 11/27/2014 - 22:00",LC-Bruker maXis QTOF: Submission #10,Szeged,Hungary,46.340018,20.093273,1,Wet weight,Eurasian Otter,,,,2.0,Terrestrial environment,,,,Other (22510),Liver,70.26754886,,Hungary,biota
19094,LIFE APEX,Real Sample,LIFE APEX 157 Eurasian Otter liver pooled from North-Eastern Hungary,"Sun, 01/01/2017 - 22:00","Sun, 11/27/2016 - 22:00",LC-Bruker maXis QTOF: Submission #11,Miskolc,Hungary,47.99092,20.876591,1,Wet weight,Eurasian Otter,,,,1.0,Terrestrial environment,,,,Other (22510),Liver,70.79743574,,Hungary,biota
19095,LIFE APEX,Real Sample,LIFE APEX 157 Eurasian Otter liver pooled from North-Eastern Hungary,"Sun, 01/01/2017 - 22:00","Sun, 11/27/2016 - 22:00",LC-Bruker maXis QTOF: Submission #10,Miskolc,Hungary,47.99092,20.876591,1,Wet weight,Eurasian Otter,,,,1.0,Terrestrial environment,,,,Other (22510),Liver,70.79743574,,Hungary,biota
19096,LIFE APEX,Real Sample,LIFE APEX 154 Eurasian Otter liver pooled from Southern Moravia,"Fri, 01/01/2016 - 22:00","Fri, 11/27/2015 - 22:00",LC-Bruker maXis QTOF: Submission #11,Brno,Czech Republic,49.104827,16.631006,1,Wet weight,Eurasian Otter,,,,3.0,Terrestrial environment,,,,Other (22510),Liver,68.67873375,,Czech Republic,biota
19097,LIFE APEX,Real Sample,LIFE APEX 154 Eurasian Otter liver pooled from Southern Moravia,"Fri, 01/01/2016 - 22:00","Fri, 11/27/2015 - 22:00",LC-Bruker maXis QTOF: Submission #10,Brno,Czech Republic,49.104827,16.631006,1,Wet weight,Eurasian Otter,,,,3.0,Terrestrial environment,,,,Other (22510),Liver,68.67873375,,Czech Republic,biota
19098,LIFE APEX,Real Sample,LIFE APEX 153 Eurasian Otter liver pooled from Southern Bohemia,"Fri, 01/01/2016 - 22:00","Fri, 11/27/2015 - 22:00",LC-Bruker maXis QTOF: Submission #11,Brno,Czech Republic,49.237417,16.514217,1,Wet weight,Eurasian Otter,,,,2.0,Terrestrial environment,,,,Other (22510),Liver,68.02188089,,Czech Republic,biota
19099,LIFE APEX,Real Sample,LIFE APEX 153 Eurasian Otter liver pooled from Southern Bohemia,"Fri, 01/01/2016 - 22:00","Fri, 11/27/2015 - 22:00",LC-Bruker maXis QTOF: Submission #10,Brno,Czech Republic,49.237417,16.514217,1,Wet weight,Eurasian Otter,,,,2.0,Terrestrial environment,,,,Other (22510),Liver,68.02188089,,Czech Republic,biota
19100,LIFE APEX,Real Sample,LIFE APEX 152 Eurasian Otter liver pooled from Northern Moravia,"Fri, 01/01/2016 - 22:00","Fri, 11/27/2015 - 22:00",LC-Bruker maXis QTOF: Submission #11,Olomouc,Czech Republic,49.548002,17.270283,1,Wet weight,Eurasian Otter,,,,1.0,Terrestrial environment,,,,Other (22510),Liver,68.58435661,,Czech Republic,biota
19101,LIFE APEX,Real Sample,LIFE APEX 152 Eurasian Otter liver pooled from Northern Moravia,"Fri, 01/01/2016 - 22:00","Fri, 11/27/2015 - 22:00",LC-Bruker maXis QTOF: Submission #10,Olomouc,Czech Republic,49.548002,17.270283,1,Wet weight,Eurasian Otter,,,,1.0,Terrestrial environment,,,,Other (22510),Liver,68.58435661,,Czech Republic,biota
19102,LIFE APEX,Real Sample,LIFE APEX 151 Eurasian Otter liver pooled from Jutland,"Thu, 01/01/2015 - 22:00","Thu, 11/27/2014 - 22:00",LC-Bruker maXis QTOF: Submission #11,Copenhagen,Denmark,55.730737,12.58783,1,Wet weight,Eurasian Otter,,,,2.0,Terrestrial environment,,,,Other (22510),Liver,68.94836476,,Denmark,biota
19103,LIFE APEX,Real Sample,LIFE APEX 151 Eurasian Otter liver pooled from Jutland,"Thu, 01/01/2015 - 22:00","Thu, 11/27/2014 - 22:00",LC-Bruker maXis QTOF: Submission #10,Copenhagen,Denmark,55.730737,12.58783,1,Wet weight,Eurasian Otter,,,,2.0,Terrestrial environment,,,,Other (22510),Liver,68.94836476,,Denmark,biota
19104,LIFE APEX,Real Sample,LIFE APEX 150 Eurasian Otter liver pooled from Jutland,"Thu, 01/01/2015 - 22:00","Thu, 11/27/2014 - 22:00",LC-Bruker maXis QTOF: Submission #11,Copenhagen,Denmark,55.606169,12.431239,1,Wet weight,Eurasian Otter,,,,2.0,Terrestrial environment,,,,Other (22510),Liver,71.52235932,,Denmark,biota
19105,LIFE APEX,Real Sample,LIFE APEX 150 Eurasian Otter liver pooled from Jutland,"Thu, 01/01/2015 - 22:00","Thu, 11/27/2014 - 22:00",LC-Bruker maXis QTOF: Submission #10,Copenhagen,Denmark,55.606169,12.431239,1,Wet weight,Eurasian Otter,,,,2.0,Terrestrial environment,,,,Other (22510),Liver,71.52235932,,Denmark,biota
19106,LIFE APEX,Real Sample,LIFE APEX 149 Eurasian Otter liver pooled from Jutland,"Fri, 01/01/2016 - 22:00","Fri, 11/27/2015 - 22:00",LC-Bruker maXis QTOF: Submission #11,Copenhagen,Denmark,55.60806,12.502279,1,Wet weight,Eurasian Otter,,,,2.0,Terrestrial environment,,,,Other (22510),Liver,70.89108329,,Denmark,biota
19107,LIFE APEX,Real Sample,LIFE APEX 149 Eurasian Otter liver pooled from Jutland,"Fri, 01/01/2016 - 22:00","Fri, 11/27/2015 - 22:00",LC-Bruker maXis QTOF: Submission #10,Copenhagen,Denmark,55.60806,12.502279,1,Wet weight,Eurasian Otter,,,,2.0,Terrestrial environment,,,,Other (22510),Liver,70.89108329,,Denmark,biota
19108,LIFE APEX,Real Sample,LIFE APEX 148 Eurasian Otter liver pooled from Southern Denmark,"Mon, 01/01/2018 - 22:00","Mon, 11/27/2017 - 22:00",LC-Bruker maXis QTOF: Submission #11,Vejle,Denmark,55.693697,9.590751,1,Wet weight,Eurasian Otter,,,,1.0,Terrestrial environment,,,,Other (22510),Liver,71.32909839,,Denmark,biota
19109,LIFE APEX,Real Sample,LIFE APEX 148 Eurasian Otter liver pooled from Southern Denmark,"Mon, 01/01/2018 - 22:00","Mon, 11/27/2017 - 22:00",LC-Bruker maXis QTOF: Submission #10,Vejle,Denmark,55.693697,9.590751,1,Wet weight,Eurasian Otter,,,,1.0,Terrestrial environment,,,,Other (22510),Liver,71.32909839,,Denmark,biota
19110,LIFE APEX,Real Sample,LIFE APEX 147 Eurasian Otter liver pooled from East Anglia,"Thu, 01/01/2015 - 22:00","Thu, 11/27/2014 - 22:00",LC-Bruker maXis QTOF: Submission #11,Norwich,UK,52.623224,1.329637,1,Wet weight,Eurasian Otter,,,,4.0,Terrestrial environment,,,,Other (22510),Liver,67.71874195,,UK,biota
19111,LIFE APEX,Real Sample,LIFE APEX 147 Eurasian Otter liver pooled from East Anglia,"Thu, 01/01/2015 - 22:00","Thu, 11/27/2014 - 22:00",LC-Bruker maXis QTOF: Submission #10,Norwich,UK,52.623224,1.329637,1,Wet weight,Eurasian Otter,,,,4.0,Terrestrial environment,,,,Other (22510),Liver,67.71874195,,UK,biota
19112,LIFE APEX,Real Sample,LIFE APEX 146 Eurasian Otter liver pooled from Midlands England,"Sun, 01/01/2017 - 22:00","Sun, 11/27/2016 - 22:00",LC-Bruker maXis QTOF: Submission #11,Birmingham,UK,52.479417,-1.933885,1,Wet weight,Eurasian Otter,,,,3.0,Terrestrial environment,,,,Other (22510),Liver,68.16586162,,UK,biota
19113,LIFE APEX,Real Sample,LIFE APEX 146 Eurasian Otter liver pooled from Midlands England,"Sun, 01/01/2017 - 22:00","Sun, 11/27/2016 - 22:00",LC-Bruker maXis QTOF: Submission #10,Birmingham,UK,52.479417,-1.933885,1,Wet weight,Eurasian Otter,,,,3.0,Terrestrial environment,,,,Other (22510),Liver,68.16586162,,UK,biota
19114,LIFE APEX,Real Sample,LIFE APEX 145 Eurasian Otter liver pooled from North England,"Fri, 01/01/2016 - 22:00","Fri, 11/27/2015 - 22:00",LC-Bruker maXis QTOF: Submission #11,Liverpool,UK,53.479349,-3.045326,1,Wet weight,Eurasian Otter,,,,2.0,Terrestrial environment,,,,Other (22510),Liver,67.01996861,,UK,biota
19115,LIFE APEX,Real Sample,LIFE APEX 145 Eurasian Otter liver pooled from North England,"Fri, 01/01/2016 - 22:00","Fri, 11/27/2015 - 22:00",LC-Bruker maXis QTOF: Submission #10,Liverpool,UK,53.479349,-3.045326,1,Wet weight,Eurasian Otter,,,,2.0,Terrestrial environment,,,,Other (22510),Liver,67.01996861,,UK,biota
19116,LIFE APEX,Real Sample,LIFE APEX 144 Eurasian Otter liver pooled from Wales,"Thu, 01/01/2015 - 22:00","Thu, 11/27/2014 - 22:00",LC-Bruker maXis QTOF: Submission #11,Cardiff,UK,51.464898,-3.13467,1,Wet weight,Eurasian Otter,,,,1.0,Terrestrial environment,,,,Other (22510),Liver,67.50842257,,UK,biota
19117,LIFE APEX,Real Sample,LIFE APEX 144 Eurasian Otter liver pooled from Wales,"Thu, 01/01/2015 - 22:00","Thu, 11/27/2014 - 22:00",LC-Bruker maXis QTOF: Submission #10,Cardiff,UK,51.464898,-3.13467,1,Wet weight,Eurasian Otter,,,,1.0,Terrestrial environment,,,,Other (22510),Liver,67.50842257,,UK,biota
19118,LIFE APEX,Real Sample,LIFE APEX 143 Eurasian Otter liver pooled from Eastern Austria,"Sun, 01/01/2017 - 22:00","Sun, 11/27/2016 - 22:00",LC-Bruker maXis QTOF: Submission #11,Innsbruck,Austria,47.265963,11.276432,1,Wet weight,Eurasian Otter,,,,1.0,Terrestrial environment,,,,Other (22510),Liver,68.78474838,,Austria,biota
19119,LIFE APEX,Real Sample,LIFE APEX 143 Eurasian Otter liver pooled from Eastern Austria,"Sun, 01/01/2017 - 22:00","Sun, 11/27/2016 - 22:00",LC-Bruker maXis QTOF: Submission #10,Innsbruck,Austria,47.265963,11.276432,1,Wet weight,Eurasian Otter,,,,1.0,Terrestrial environment,,,,Other (22510),Liver,68.78474838,,Austria,biota
19120,LIFE APEX,Real Sample,LIFE APEX 142 Eurasian Otter liver pooled from Eastern Austria,"Fri, 01/01/2016 - 22:00","Fri, 11/27/2015 - 22:00",LC-Bruker maXis QTOF: Submission #11,Innsbruck,Austria,47.264397,11.323576,1,Wet weight,Eurasian Otter,,,,1.0,Terrestrial environment,,,,Other (22510),Liver,68.45807939,,Austria,biota
19121,LIFE APEX,Real Sample,LIFE APEX 142 Eurasian Otter liver pooled from Eastern Austria,"Fri, 01/01/2016 - 22:00","Fri, 11/27/2015 - 22:00",LC-Bruker maXis QTOF: Submission #10,Innsbruck,Austria,47.264397,11.323576,1,Wet weight,Eurasian Otter,,,,1.0,Terrestrial environment,,,,Other (22510),Liver,68.45807939,,Austria,biota
19122,LIFE APEX,Real Sample,LIFE APEX 141 Eurasian Otter liver pooled from Marseille,"Wed, 01/01/2014 - 22:00","Wed, 11/27/2013 - 22:00",LC-Bruker maXis QTOF: Submission #11,Marseille,France,43.21771,5.321604,1,Wet weight,Eurasian Otter,,,,1.0,Terrestrial environment,,,,Other (22510),Liver,71.73679779,,France,biota
19123,LIFE APEX,Real Sample,LIFE APEX 141 Eurasian Otter liver pooled from Marseille,"Wed, 01/01/2014 - 22:00","Wed, 11/27/2013 - 22:00",LC-Bruker maXis QTOF: Submission #10,Marseille,France,43.21771,5.321604,1,Wet weight,Eurasian Otter,,,,1.0,Terrestrial environment,,,,Other (22510),Liver,71.73679779,,France,biota
19124,LIFE APEX,Real Sample,"LIFE APEX 139 Eurasian Otter liver pooled from Basilicata, Abruzzo region","Wed, 01/01/2014 - 22:00","Wed, 11/27/2013 - 22:00",LC-Bruker maXis QTOF: Submission #11,Pescara,Italy,42.436459,14.270927,1,Wet weight,Eurasian Otter,,,,1.0,Terrestrial environment,,,,Other (22510),Liver,70.56015773,,Italy,biota
19125,LIFE APEX,Real Sample,"LIFE APEX 139 Eurasian Otter liver pooled from Basilicata, Abruzzo region","Wed, 01/01/2014 - 22:00","Wed, 11/27/2013 - 22:00",LC-Bruker maXis QTOF: Submission #10,Pescara,Italy,42.436459,14.270927,1,Wet weight,Eurasian Otter,,,,1.0,Terrestrial environment,,,,Other (22510),Liver,70.56015773,,Italy,biota
19126,LIFE APEX,Blank Sample,"Procedural Blank for LIFE APEX 139, 141-154, 157-159, 175-176","Fri, 01/01/2021 - 22:00","Fri, 11/27/2020 - 22:00",LC-Bruker maXis QTOF: Submission #11,Copenhagen,Denmark,55.68994,12.603802,1,Wet weight,Eurasian Otter,,,,1.0,Terrestrial environment,,,,Other (22510),Liver,69.1,,Denmark,biota
19127,LIFE APEX,Blank Sample,"Procedural Blank for LIFE APEX 139, 141-154, 157-159, 175-176","Fri, 01/01/2021 - 22:00","Fri, 11/27/2020 - 22:00",LC-Bruker maXis QTOF: Submission #10,Copenhagen,Denmark,55.68994,12.603802,1,Wet weight,Eurasian Otter,,,,1.0,Terrestrial environment,,,,Other (22510),Liver,69.1,,Denmark,biota
19128,LIFE APEX,Real Sample,"LIFE APEX 179 Harbour Seal liver pooled from Belgium, France","Sun, 01/01/2017 - 22:00","Sun, 11/27/2016 - 22:00",LC-Bruker maXis QTOF: Submission #11,Antwerp,Belgium,51.481579,3.498073,1,Wet weight,Harbour Seal,,,,1.0,Marine environment,,,,Other (22510),Liver,70.34679809,,Belgium,biota
19129,LIFE APEX,Real Sample,"LIFE APEX 179 Harbour Seal liver pooled from Belgium, France","Sun, 01/01/2017 - 22:00","Sun, 11/27/2016 - 22:00",LC-Bruker maXis QTOF: Submission #10,Antwerp,Belgium,51.481579,3.498073,1,Wet weight,Harbour Seal,,,,1.0,Marine environment,,,,Other (22510),Liver,70.34679809,,Belgium,biota
19130,LIFE APEX,Real Sample,"LIFE APEX 178 Harbour Porpoise liver pooled from Belgium, France","Thu, 01/01/2015 - 22:00","Thu, 11/27/2014 - 22:00",LC-Bruker maXis QTOF: Submission #11,Antwerp,Belgium,51.414713,3.479625,1,Wet weight,Harbour Porpoise,,,,1.0,Marine environment,,,,Fish (22486),Liver,72.94562321,,Belgium,biota
19131,LIFE APEX,Real Sample,"LIFE APEX 178 Harbour Porpoise liver pooled from Belgium, France","Thu, 01/01/2015 - 22:00","Thu, 11/27/2014 - 22:00",LC-Bruker maXis QTOF: Submission #10,Antwerp,Belgium,51.414713,3.479625,1,Wet weight,Harbour Porpoise,,,,1.0,Marine environment,,,,Fish (22486),Liver,72.94562321,,Belgium,biota
19132,LIFE APEX,Real Sample,"LIFE APEX 177 Harbour Porpoise liver pooled from Belgium, France","Sun, 01/01/2017 - 22:00","Sun, 11/27/2016 - 22:00",LC-Bruker maXis QTOF: Submission #11,Antwerp,Belgium,51.411497,3.673056,1,Wet weight,Harbour Porpoise,,,,1.0,Marine environment,,,,Fish (22486),Liver,73.54919207,,Belgium,biota
19133,LIFE APEX,Real Sample,"LIFE APEX 177 Harbour Porpoise liver pooled from Belgium, France","Sun, 01/01/2017 - 22:00","Sun, 11/27/2016 - 22:00",LC-Bruker maXis QTOF: Submission #10,Antwerp,Belgium,51.411497,3.673056,1,Wet weight,Harbour Porpoise,,,,1.0,Marine environment,,,,Fish (22486),Liver,73.54919207,,Belgium,biota
19134,LIFE APEX,Real Sample,LIFE APEX 174 Bottlenose dolphin liver pooled from Galicia,"Thu, 01/01/2015 - 22:00","Thu, 11/27/2014 - 22:00",LC-Bruker maXis QTOF: Submission #11,Santiago de Compostela,Spain,42.677202,-9.036299,1,Wet weight,Bottlenose dolphin,,,,2.0,Marine environment,,,,Fish (22486),Liver,70.13206725,,Spain,biota
19135,LIFE APEX,Real Sample,LIFE APEX 174 Bottlenose dolphin liver pooled from Galicia,"Thu, 01/01/2015 - 22:00","Thu, 11/27/2014 - 22:00",LC-Bruker maXis QTOF: Submission #10,Santiago de Compostela,Spain,42.677202,-9.036299,1,Wet weight,Bottlenose dolphin,,,,2.0,Marine environment,,,,Fish (22486),Liver,70.13206725,,Spain,biota
19136,LIFE APEX,Real Sample,LIFE APEX 173 Bottlenose dolphin liver pooled from Galicia,"Thu, 01/01/2015 - 22:00","Thu, 11/27/2014 - 22:00",LC-Bruker maXis QTOF: Submission #11,Santiago de Compostela,Spain,42.737772,-9.076161,1,Wet weight,Bottlenose dolphin,,,,2.0,Marine environment,,,,Fish (22486),Liver,68.06259917,,Spain,biota
19137,LIFE APEX,Real Sample,LIFE APEX 173 Bottlenose dolphin liver pooled from Galicia,"Thu, 01/01/2015 - 22:00","Thu, 11/27/2014 - 22:00",LC-Bruker maXis QTOF: Submission #10,Santiago de Compostela,Spain,42.737772,-9.076161,1,Wet weight,Bottlenose dolphin,,,,2.0,Marine environment,,,,Fish (22486),Liver,68.06259917,,Spain,biota
19138,LIFE APEX,Real Sample,LIFE APEX 172 Short-beaked common dolphin liver pooled from Galicia,"Fri, 01/01/2016 - 22:00","Fri, 11/27/2015 - 22:00",LC-Bruker maXis QTOF: Submission #11,Santiago de Compostela,Spain,42.786558,-9.044288,1,Wet weight,Short-beaked common dolphin,,,,2.0,Marine environment,,,,Fish (22486),Liver,70.76452599,,Spain,biota
19139,LIFE APEX,Real Sample,LIFE APEX 172 Short-beaked common dolphin liver pooled from Galicia,"Fri, 01/01/2016 - 22:00","Fri, 11/27/2015 - 22:00",LC-Bruker maXis QTOF: Submission #10,Santiago de Compostela,Spain,42.786558,-9.044288,1,Wet weight,Short-beaked common dolphin,,,,2.0,Marine environment,,,,Fish (22486),Liver,70.76452599,,Spain,biota
19140,LIFE APEX,Real Sample,LIFE APEX 171 Short-beaked common dolphin liver pooled from Galicia,"Fri, 01/01/2016 - 22:00","Fri, 11/27/2015 - 22:00",LC-Bruker maXis QTOF: Submission #11,Santiago de Compostela,Spain,42.779569,-8.93292,1,Wet weight,Short-beaked common dolphin,,,,2.0,Marine environment,,,,Fish (22486),Liver,72.85091218,,Spain,biota
19141,LIFE APEX,Real Sample,LIFE APEX 171 Short-beaked common dolphin liver pooled from Galicia,"Fri, 01/01/2016 - 22:00","Fri, 11/27/2015 - 22:00",LC-Bruker maXis QTOF: Submission #10,Santiago de Compostela,Spain,42.779569,-8.93292,1,Wet weight,Short-beaked common dolphin,,,,2.0,Marine environment,,,,Fish (22486),Liver,72.85091218,,Spain,biota
19142,LIFE APEX,Real Sample,LIFE APEX 170 Grey Seal liver pooled from Baltic Sea,"Fri, 01/01/2016 - 22:00","Fri, 11/27/2015 - 22:00",LC-Bruker maXis QTOF: Submission #11,Gdynia,Poland,54.517322,18.562618,1,Wet weight,Grey Seal,,,,1.0,Marine environment,,,,Other (22510),Liver,67.47252697,,Poland,biota
19143,LIFE APEX,Real Sample,LIFE APEX 170 Grey Seal liver pooled from Baltic Sea,"Fri, 01/01/2016 - 22:00","Fri, 11/27/2015 - 22:00",LC-Bruker maXis QTOF: Submission #10,Gdynia,Poland,54.517322,18.562618,1,Wet weight,Grey Seal,,,,1.0,Marine environment,,,,Other (22510),Liver,67.47252697,,Poland,biota
19144,LIFE APEX,Real Sample,LIFE APEX 169 Bearded Seal liver pooled from Olav V Land,"Tue, 01/01/2019 - 22:00","Tue, 11/27/2018 - 22:00",LC-Bruker maXis QTOF: Submission #11,Longyearbyen,Norway,78.247999,15.694319,1,Wet weight,Bearded Seal,,,,2.0,Marine environment,,,,Fish (22486),Liver,69.4853781,,Norway,biota
19145,LIFE APEX,Real Sample,LIFE APEX 169 Bearded Seal liver pooled from Olav V Land,"Tue, 01/01/2019 - 22:00","Tue, 11/27/2018 - 22:00",LC-Bruker maXis QTOF: Submission #10,Longyearbyen,Norway,78.247999,15.694319,1,Wet weight,Bearded Seal,,,,2.0,Marine environment,,,,Fish (22486),Liver,69.4853781,,Norway,biota
19146,LIFE APEX,Real Sample,LIFE APEX 168 Ringed Seal liver pooled from Olav V Land,"Sun, 02/02/2020 - 22:00","Sun, 12/29/2019 - 22:00",LC-Bruker maXis QTOF: Submission #11,Longyearbyen,Norway,78.236198,15.563032,1,Wet weight,Ringed Seal,,,,2.0,Marine environment,,,,Fish (22486),Liver,69.2612674,,Norway,biota
19147,LIFE APEX,Real Sample,LIFE APEX 168 Ringed Seal liver pooled from Olav V Land,"Sun, 02/02/2020 - 22:00","Sun, 12/29/2019 - 22:00",LC-Bruker maXis QTOF: Submission #10,Longyearbyen,Norway,78.236198,15.563032,1,Wet weight,Ringed Seal,,,,2.0,Marine environment,,,,Fish (22486),Liver,69.2612674,,Norway,biota
19148,LIFE APEX,Real Sample,LIFE APEX 167 Harbour Porpoise liver pooled from Odessa,"Sun, 02/02/2020 - 22:00","Sun, 12/29/2019 - 22:00",LC-Bruker maXis QTOF: Submission #11,Odesa,Norway,46.469803,30.767571,1,Wet weight,Harbour Porpoise,,,,1.0,Marine environment,,,,Fish (22486),Liver,72.94176098,,Ukraine,biota
19149,LIFE APEX,Real Sample,LIFE APEX 167 Harbour Porpoise liver pooled from Odessa,"Sun, 02/02/2020 - 22:00","Sun, 12/29/2019 - 22:00",LC-Bruker maXis QTOF: Submission #10,Odessa,Ukraine,46.469803,30.767571,1,Wet weight,Harbour Porpoise,,,,1.0,Marine environment,,,,Fish (22486),Liver,72.94176098,,USA,biota
19150,LIFE APEX,Real Sample,LIFE APEX 166 Bottlenose dolphin liver pooled from Western Isles,"Sun, 02/02/2020 - 22:00","Sun, 12/29/2019 - 22:00",LC-Bruker maXis QTOF: Submission #11,Leverburgh,UK,57.763929,-7.020016,1,Wet weight,Bottlenose dolphin,,,,8.0,Marine environment,,,,Fish (22486),Liver,70.00701805,,UK,biota
19151,LIFE APEX,Real Sample,LIFE APEX 166 Bottlenose dolphin liver pooled from Western Isles,"Sun, 02/02/2020 - 22:00","Sun, 12/29/2019 - 22:00",LC-Bruker maXis QTOF: Submission #10,Leverburgh,UK,57.763929,-7.020016,1,Wet weight,Bottlenose dolphin,,,,8.0,Marine environment,,,,Fish (22486),Liver,70.00701805,,UK,biota
19152,LIFE APEX,Real Sample,LIFE APEX 165 Harbour Porpoise liver pooled from east and north and west Scotland,"Mon, 01/01/2018 - 22:00","Mon, 11/27/2017 - 22:00",LC-Bruker maXis QTOF: Submission #11,Glasgow,UK,55.927337,-4.486307,1,Wet weight,Harbour Porpoise,,,,7.0,Marine environment,,,,Fish (22486),Liver,69.26636388,,UK,biota
19153,LIFE APEX,Real Sample,LIFE APEX 165 Harbour Porpoise liver pooled from east and north and west Scotland,"Mon, 01/01/2018 - 22:00","Mon, 11/27/2017 - 22:00",LC-Bruker maXis QTOF: Submission #10,Glasgow,UK,55.927337,-4.486307,1,Wet weight,Harbour Porpoise,,,,7.0,Marine environment,,,,Fish (22486),Liver,69.26636388,,UK,biota
19154,LIFE APEX,Real Sample,LIFE APEX 164 White-beaked dolphin liver pooled from east and north and west Scotland,"Fri, 01/01/2016 - 22:00","Fri, 11/27/2015 - 22:00",LC-Bruker maXis QTOF: Submission #11,Glasgow,UK,55.94813,-4.74281,1,Wet weight,White-beaked dolphin,,,,7.0,Marine environment,,,,Fish (22486),Liver,69.25500797,,UK,biota
19155,LIFE APEX,Real Sample,LIFE APEX 164 White-beaked dolphin liver pooled from east and north and west Scotland,"Fri, 01/01/2016 - 22:00","Fri, 11/27/2015 - 22:00",LC-Bruker maXis QTOF: Submission #10,Glasgow,UK,55.94813,-4.74281,1,Wet weight,White-beaked dolphin,,,,7.0,Marine environment,,,,Fish (22486),Liver,69.25500797,,UK,biota
19156,LIFE APEX,Real Sample,LIFE APEX 163 Grey Seal liver pooled from east and north Scotland,"Thu, 01/01/2015 - 22:00","Thu, 11/27/2014 - 22:00",LC-Bruker maXis QTOF: Submission #11,Glasgow,UK,55.935933,-4.564525,1,Wet weight,Grey Seal,,,,6.0,Marine environment,,,,Other (22510),Liver,68.88072709,,UK,biota
19157,LIFE APEX,Real Sample,LIFE APEX 163 Grey Seal liver pooled from east and north Scotland,"Thu, 01/01/2015 - 22:00","Thu, 11/27/2014 - 22:00",LC-Bruker maXis QTOF: Submission #10,Glasgow,UK,55.935933,-4.564525,1,Wet weight,Grey Seal,,,,6.0,Marine environment,,,,Other (22510),Liver,68.88072709,,UK,biota
19158,LIFE APEX,Real Sample,LIFE APEX 162 Short-beaked common dolphin liver pooled from Scoltand and western isles,"Thu, 01/01/2015 - 22:00","Thu, 11/27/2014 - 22:00",LC-Bruker maXis QTOF: Submission #11,Glasgow,UK,55.927465,-4.571935,1,Wet weight,Short-beaked common dolphin,,,,5.0,Marine environment,,,,Fish (22486),Liver,66.01463357,,UK,biota
19159,LIFE APEX,Real Sample,LIFE APEX 162 Short-beaked common dolphin liver pooled from Scoltand and western isles,"Thu, 01/01/2015 - 22:00","Thu, 11/27/2014 - 22:00",LC-Bruker maXis QTOF: Submission #10,Glasgow,UK,55.927465,-4.571935,1,Wet weight,Short-beaked common dolphin,,,,5.0,Marine environment,,,,Fish (22486),Liver,66.01463357,,UK,biota
19160,LIFE APEX,Real Sample,LIFE APEX 161 Striped dolphin liver pooled from Bay of Biscay,"Sun, 01/01/2017 - 22:00","Sun, 11/27/2016 - 22:00",LC-Bruker maXis QTOF: Submission #11,Bilbao,Spain,43.379766,-3.020877,1,Wet weight,Striped dolphin,,,,1.0,Marine environment,,,,Fish (22486),Liver,74.44633562,,Spain,biota
19161,LIFE APEX,Real Sample,LIFE APEX 161 Striped dolphin liver pooled from Bay of Biscay,"Sun, 01/01/2017 - 22:00","Sun, 11/27/2016 - 22:00",LC-Bruker maXis QTOF: Submission #10,Bilbao,Spain,43.379766,-3.020877,1,Wet weight,Striped dolphin,,,,1.0,Marine environment,,,,Fish (22486),Liver,74.44633562,,Spain,biota
19162,LIFE APEX,Real Sample,LIFE APEX 160 Striped dolphin Muscle pooled from Bay of Biscay,"Sun, 01/01/2017 - 22:00","Sun, 11/27/2016 - 22:00",LC-Bruker maXis QTOF: Submission #11,Bilbao,Spain,43.353601,-3.133122,1,Wet weight,Striped dolphin,,,,1.0,Marine environment,,,,Fish (22486),Muscle,71.7277261,,Spain,biota
19163,LIFE APEX,Real Sample,LIFE APEX 160 Striped dolphin Muscle pooled from Bay of Biscay,"Sun, 01/01/2017 - 22:00","Sun, 11/27/2016 - 22:00",LC-Bruker maXis QTOF: Submission #10,Bilbao,Spain,43.353601,-3.133122,1,Wet weight,Striped dolphin,,,,1.0,Marine environment,,,,Fish (22486),Muscle,71.7277261,,Spain,biota
19164,LIFE APEX,Real Sample,LIFE APEX 156 Harbour Porpoise liver pooled from Varangerfjorden,"Sun, 01/01/2017 - 22:00","Sun, 11/27/2016 - 22:00",LC-Bruker maXis QTOF: Submission #11,Varangerfjorden,Norway,70.142798,28.886762,1,Wet weight,Harbour Porpoise,,,,1.0,Marine environment,,,,Fish (22486),Liver,72.717324,,Norway,biota
19165,LIFE APEX,Real Sample,LIFE APEX 156 Harbour Porpoise liver pooled from Varangerfjorden,"Sun, 01/01/2017 - 22:00","Sun, 11/27/2016 - 22:00",LC-Bruker maXis QTOF: Submission #10,Varangerfjorden,Norway,70.142798,28.886762,1,Wet weight,Harbour Porpoise,,,,1.0,Marine environment,,,,Fish (22486),Liver,72.717324,,Norway,biota
19166,LIFE APEX,Real Sample,LIFE APEX 155 Harbour Porpoise liver pooled from Varangerfjorden,"Sun, 01/01/2017 - 22:00","Sun, 11/27/2016 - 22:00",LC-Bruker maXis QTOF: Submission #11,Varangerfjorden,Norway,70.08034,28.898893,1,Wet weight,Harbour Porpoise,,,,1.0,Marine environment,,,,Fish (22486),Liver,70.53119999,,Norway,biota
19167,LIFE APEX,Real Sample,LIFE APEX 155 Harbour Porpoise liver pooled from Varangerfjorden,"Sun, 01/01/2017 - 22:00","Sun, 11/27/2016 - 22:00",LC-Bruker maXis QTOF: Submission #10,Varangerfjorden,Norway,70.08034,28.898893,1,Wet weight,Harbour Porpoise,,,,1.0,Marine environment,,,,Fish (22486),Liver,70.53119999,,Norway,biota
19168,LIFE APEX,Real Sample,"LIFE APEX 140 Bottlenose dolphin liver pooled from Pellestrina, Sestri Levante, Genova","Mon, 01/01/2018 - 22:00","Mon, 11/27/2017 - 22:00",LC-Bruker maXis QTOF: Submission #11,Genova,Italy,44.388246,8.990696,1,Wet weight,Bottlenose dolphin,,,,2.0,Marine environment,,,,Fish (22486),Liver,72.82337025,,Italy,biota
19169,LIFE APEX,Real Sample,"LIFE APEX 140 Bottlenose dolphin liver pooled from Pellestrina, Sestri Levante, Genova","Mon, 01/01/2018 - 22:00","Mon, 11/27/2017 - 22:00",LC-Bruker maXis QTOF: Submission #10,Genova,Italy,44.388246,8.990696,1,Wet weight,Bottlenose dolphin,,,,2.0,Marine environment,,,,Fish (22486),Liver,72.82337025,,Italy,biota
19170,LIFE APEX,Real Sample,LIFE APEX 138 Grey Seal liver pooled from Baltic Sea,"Thu, 01/01/2015 - 22:00","Thu, 11/27/2014 - 22:00",LC-Bruker maXis QTOF: Submission #11,Husum,Germany,54.474786,9.007344,1,Wet weight,Grey Seal,,,,1.0,Marine environment,,,,Other (22510),Liver,74.57685002,,Germany,biota
19171,LIFE APEX,Real Sample,LIFE APEX 138 Grey Seal liver pooled from Baltic Sea,"Thu, 01/01/2015 - 22:00","Thu, 11/27/2014 - 22:00",LC-Bruker maXis QTOF: Submission #10,Husum,Germany,54.474786,9.007344,1,Wet weight,Grey Seal,,,,1.0,Marine environment,,,,Other (22510),Liver,74.57685002,,Germany,biota
19172,LIFE APEX,Real Sample,"LIFE APEX 137 White-tailed Sea Eagle Muscle pooled from Sodermanland, Uppland","Sun, 01/01/2017 - 22:00","Sun, 11/27/2016 - 22:00",LC-Bruker maXis QTOF: Submission #11,Uppsala,Sweden,59.837659,17.547826,1,Wet weight,White-tailed Sea Eagle,,,,2.0,Terrestrial environment,,,,Bird (22511),Muscle,67.0,,Sweden,biota
19173,LIFE APEX,Real Sample,"LIFE APEX 137 White-tailed Sea Eagle Muscle pooled from Sodermanland, Uppland","Sun, 01/01/2017 - 22:00","Sun, 11/27/2016 - 22:00",LC-Bruker maXis QTOF: Submission #10,Uppsala,Sweden,59.837659,17.547826,1,Wet weight,White-tailed Sea Eagle,,,,2.0,Terrestrial environment,,,,Bird (22511),Muscle,67.0,,Sweden,biota
19174,LIFE APEX,Real Sample,"LIFE APEX 136 Eurasian lynx Muscle pooled from Dalarna, Jamtland","Sun, 01/01/2017 - 22:00","Sun, 11/27/2016 - 22:00",LC-Bruker maXis QTOF: Submission #11,Ostersund,Sweden,63.126679,14.443638,1,Wet weight,Eurasian lynx,,,,1.0,Terrestrial environment,,,,Other (22510),Muscle,71.0,,Sweden,biota
19175,LIFE APEX,Real Sample,"LIFE APEX 136 Eurasian lynx Muscle pooled from Dalarna, Jamtland","Sun, 01/01/2017 - 22:00","Sun, 11/27/2016 - 22:00",LC-Bruker maXis QTOF: Submission #10,Ostersund,Sweden,63.126679,14.443638,1,Wet weight,Eurasian lynx,,,,1.0,Terrestrial environment,,,,Other (22510),Muscle,71.0,,Sweden,biota
19176,LIFE APEX,Blank Sample,"Procedural Blank for LIFE APEX 136-138, 140, 155-156, 160-174, 177-179","Fri, 01/01/2021 - 22:00","Fri, 11/27/2020 - 22:00",LC-Bruker maXis QTOF: Submission #11,Bilbao,Spain,43.379,-3.02,1,Wet weight,Striped dolphin,,,,1.0,Marine environment,,,,Fish (22486),Liver,74.44633562,,Spain,biota
19177,LIFE APEX,Blank Sample,"Procedural Blank for LIFE APEX 136-138, 140, 155-156, 160-174, 177-179","Fri, 01/01/2021 - 22:00","Fri, 11/27/2020 - 22:00",LC-Bruker maXis QTOF: Submission #10,Bilbao,Spain,43.379,-3.02,1,Wet weight,Striped dolphin,,,,1.0,Marine environment,,,,Fish (22486),Liver,74.44633562,,Spain,biota
19867,LIFE APEX,Real Sample,LIFE APEX 135 Otter liver from England and Wales (2015),"Thu, 01/01/2015 - 22:00","Thu, 11/27/2014 - 22:00",LC-Bruker maXis QTOF: Submission #11,London,UK,51.57467,-1.067028,0,Wet weight,"Eurasian Otter, Lutra lutra",,,UK,,River,,,,Other (22510),Liver,67.41630136,,Canada,biota
19868,LIFE APEX,Real Sample,LIFE APEX 135 Otter liver from England and Wales (2015),"Thu, 01/01/2015 - 22:00","Thu, 11/27/2014 - 22:00",LC-Bruker maXis QTOF: Submission #10,London,UK,51.57467,-1.067028,0,Wet weight,"Eurasian Otter, Lutra lutra",,,UK,,River,,,,Other (22510),Liver,67.41630136,,Canada,biota
19869,LIFE APEX,Real Sample,LIFE APEX 134 Otter liver from England and Wales (2015),"Thu, 01/01/2015 - 22:00","Thu, 11/27/2014 - 22:00",LC-Bruker maXis QTOF: Submission #11,London,UK,51.57467,-1.067028,0,Wet weight,"Eurasian Otter, Lutra lutra",,,UK,,River,,,,Other (22510),Liver,67.32055329,,Canada,biota
19870,LIFE APEX,Real Sample,LIFE APEX 134 Otter liver from England and Wales (2015),"Thu, 01/01/2015 - 22:00","Thu, 11/27/2014 - 22:00",LC-Bruker maXis QTOF: Submission #10,London,UK,51.57467,-1.067028,0,Wet weight,"Eurasian Otter, Lutra lutra",,,UK,,River,,,,Other (22510),Liver,67.32055329,,Canada,biota
19871,LIFE APEX,Real Sample,LIFE APEX 133 Otter liver from England and Wales (2008),"Tue, 01/01/2008 - 22:00","Tue, 11/27/2007 - 22:00",LC-Bruker maXis QTOF: Submission #11,London,UK,51.57467,-1.067028,0,Wet weight,"Eurasian Otter, Lutra lutra",,,UK,,River,,,,Other (22510),Liver,66.50200272,,Canada,biota
19872,LIFE APEX,Real Sample,LIFE APEX 133 Otter liver from England and Wales (2008),"Tue, 01/01/2008 - 22:00","Tue, 11/27/2007 - 22:00",LC-Bruker maXis QTOF: Submission #10,London,UK,51.57467,-1.067028,0,Wet weight,"Eurasian Otter, Lutra lutra",,,UK,,River,,,,Other (22510),Liver,66.50200272,,Canada,biota
19873,LIFE APEX,Real Sample,LIFE APEX 132 Otter liver from England and Wales (2008),"Tue, 01/01/2008 - 22:00","Tue, 11/27/2007 - 22:00",LC-Bruker maXis QTOF: Submission #11,London,UK,51.57467,-1.067028,0,Wet weight,"Eurasian Otter, Lutra lutra",,,UK,,River,,,,Other (22510),Liver,67.2673737,,Canada,biota
19874,LIFE APEX,Real Sample,LIFE APEX 132 Otter liver from England and Wales (2008),"Tue, 01/01/2008 - 22:00","Tue, 11/27/2007 - 22:00",LC-Bruker maXis QTOF: Submission #10,London,UK,51.57467,-1.067028,0,Wet weight,"Eurasian Otter, Lutra lutra",,,UK,,River,,,,Other (22510),Liver,67.2673737,,Canada,biota
19875,LIFE APEX,Real Sample,LIFE APEX 131 Otter liver from England and Wales (2018),"Mon, 01/01/2018 - 22:00","Mon, 11/27/2017 - 22:00",LC-Bruker maXis QTOF: Submission #11,London,UK,51.57467,-1.067028,0,Wet weight,"Eurasian Otter, Lutra lutra",,,UK,,River,,,,Other (22510),Liver,67.46431726,,Canada,biota
19876,LIFE APEX,Real Sample,LIFE APEX 131 Otter liver from England and Wales (2018),"Mon, 01/01/2018 - 22:00","Mon, 11/27/2017 - 22:00",LC-Bruker maXis QTOF: Submission #10,London,UK,51.57467,-1.067028,0,Wet weight,"Eurasian Otter, Lutra lutra",,,UK,,River,,,,Other (22510),Liver,67.46431726,,Canada,biota
19877,LIFE APEX,Real Sample,LIFE APEX 130 Otter liver from England and Wales (2017),"Sun, 01/01/2017 - 22:00","Sun, 11/27/2016 - 22:00",LC-Bruker maXis QTOF: Submission #11,London,UK,51.57467,-1.067028,0,Wet weight,"Eurasian Otter, Lutra lutra",,,UK,,River,,,,Other (22510),Liver,68.67848587,,Canada,biota
19878,LIFE APEX,Real Sample,LIFE APEX 130 Otter liver from England and Wales (2017),"Sun, 01/01/2017 - 22:00","Sun, 11/27/2016 - 22:00",LC-Bruker maXis QTOF: Submission #10,London,UK,51.57467,-1.067028,0,Wet weight,"Eurasian Otter, Lutra lutra",,,UK,,River,,,,Other (22510),Liver,68.67848587,,Canada,biota
19879,LIFE APEX,Real Sample,LIFE APEX 129 Otter liver from England and Wales (2016),"Fri, 01/01/2016 - 22:00","Fri, 11/27/2015 - 22:00",LC-Bruker maXis QTOF: Submission #11,London,UK,51.57467,-1.067028,0,Wet weight,"Eurasian Otter, Lutra lutra",,,UK,,River,,,,Other (22510),Liver,68.82761586,,Canada,biota
19880,LIFE APEX,Real Sample,LIFE APEX 129 Otter liver from England and Wales (2016),"Fri, 01/01/2016 - 22:00","Fri, 11/27/2015 - 22:00",LC-Bruker maXis QTOF: Submission #10,London,UK,51.57467,-1.067028,0,Wet weight,"Eurasian Otter, Lutra lutra",,,UK,,River,,,,Other (22510),Liver,68.82761586,,Canada,biota
19881,LIFE APEX,Real Sample,LIFE APEX 128 Otter liver from England and Wales (2015),"Thu, 01/01/2015 - 22:00","Thu, 11/27/2014 - 22:00",LC-Bruker maXis QTOF: Submission #11,London,UK,51.57467,-1.067028,0,Wet weight,"Eurasian Otter, Lutra lutra",,,UK,,River,,,,Other (22510),Liver,68.98686742,,Canada,biota
19882,LIFE APEX,Real Sample,LIFE APEX 128 Otter liver from England and Wales (2015),"Thu, 01/01/2015 - 22:00","Thu, 11/27/2014 - 22:00",LC-Bruker maXis QTOF: Submission #10,London,UK,51.57467,-1.067028,0,Wet weight,"Eurasian Otter, Lutra lutra",,,UK,,River,,,,Other (22510),Liver,68.98686742,,Canada,biota
19883,LIFE APEX,Real Sample,LIFE APEX 127 Otter liver from England and Wales (2014),"Wed, 01/01/2014 - 22:00","Wed, 11/27/2013 - 22:00",LC-Bruker maXis QTOF: Submission #11,London,UK,51.57467,-1.067028,0,Wet weight,"Eurasian Otter, Lutra lutra",,,UK,,River,,,,Other (22510),Liver,67.0,,Canada,biota
19884,LIFE APEX,Real Sample,LIFE APEX 127 Otter liver from England and Wales (2014),"Wed, 01/01/2014 - 22:00","Wed, 11/27/2013 - 22:00",LC-Bruker maXis QTOF: Submission #10,London,UK,51.57467,-1.067028,0,Wet weight,"Eurasian Otter, Lutra lutra",,,UK,,River,,,,Other (22510),Liver,67.0,,Canada,biota
19885,LIFE APEX,Real Sample,LIFE APEX 126 Otter liver from England and Wales (2013),"Tue, 01/01/2013 - 22:00","Tue, 11/27/2012 - 22:00",LC-Bruker maXis QTOF: Submission #11,London,UK,51.57467,-1.067028,0,Wet weight,"Eurasian Otter, Lutra lutra",,,UK,,River,,,,Other (22510),Liver,68.0,,Canada,biota
19886,LIFE APEX,Real Sample,LIFE APEX 126 Otter liver from England and Wales (2013),"Tue, 01/01/2013 - 22:00","Tue, 11/27/2012 - 22:00",LC-Bruker maXis QTOF: Submission #10,London,UK,51.57467,-1.067028,0,Wet weight,"Eurasian Otter, Lutra lutra",,,UK,,River,,,,Other (22510),Liver,68.0,,Canada,biota
19887,LIFE APEX,Real Sample,LIFE APEX 125 Otter liver from England and Wales (2012),"Sun, 01/01/2012 - 22:00","Sun, 11/27/2011 - 22:00",LC-Bruker maXis QTOF: Submission #11,London,UK,51.57467,-1.067028,0,Wet weight,"Eurasian Otter, Lutra lutra",,,UK,,River,,,,Other (22510),Liver,67.0,,Canada,biota
19888,LIFE APEX,Real Sample,LIFE APEX 125 Otter liver from England and Wales (2012),"Sun, 01/01/2012 - 22:00","Sun, 11/27/2011 - 22:00",LC-Bruker maXis QTOF: Submission #10,London,UK,51.57467,-1.067028,0,Wet weight,"Eurasian Otter, Lutra lutra",,,UK,,River,,,,Other (22510),Liver,67.0,,Canada,biota
19889,LIFE APEX,Real Sample,LIFE APEX 124 Otter liver from England and Wales (2011),"Sat, 01/01/2011 - 22:00","Sat, 11/27/2010 - 22:00",LC-Bruker maXis QTOF: Submission #11,London,UK,51.57467,-1.067028,0,Wet weight,"Eurasian Otter, Lutra lutra",,,UK,,River,,,,Other (22510),Liver,68.0,,Canada,biota
19890,LIFE APEX,Real Sample,LIFE APEX 124 Otter liver from England and Wales (2011),"Sat, 01/01/2011 - 22:00","Sat, 11/27/2010 - 22:00",LC-Bruker maXis QTOF: Submission #10,London,UK,51.57467,-1.067028,0,Wet weight,"Eurasian Otter, Lutra lutra",,,UK,,River,,,,Other (22510),Liver,68.0,,Canada,biota
19891,LIFE APEX,Real Sample,LIFE APEX 123 Otter liver from England and Wales (2010),"Fri, 01/01/2010 - 22:00","Fri, 11/27/2009 - 22:00",LC-Bruker maXis QTOF: Submission #11,London,UK,51.57467,-1.067028,0,Wet weight,"Eurasian Otter, Lutra lutra",,,UK,,River,,,,Other (22510),Liver,66.0,,Canada,biota
19892,LIFE APEX,Real Sample,LIFE APEX 123 Otter liver from England and Wales (2010),"Fri, 01/01/2010 - 22:00","Fri, 11/27/2009 - 22:00",LC-Bruker maXis QTOF: Submission #10,London,UK,51.57467,-1.067028,0,Wet weight,"Eurasian Otter, Lutra lutra",,,UK,,River,,,,Other (22510),Liver,66.0,,Canada,biota
19893,LIFE APEX,Real Sample,LIFE APEX 122 Otter liver from England and Wales (2009),"Thu, 01/01/2009 - 22:00","Thu, 11/27/2008 - 22:00",LC-Bruker maXis QTOF: Submission #11,London,UK,51.57467,-1.067028,0,Wet weight,"Eurasian Otter, Lutra lutra",,,UK,,River,,,,Other (22510),Liver,67.0,,Canada,biota
19894,LIFE APEX,Real Sample,LIFE APEX 122 Otter liver from England and Wales (2009),"Thu, 01/01/2009 - 22:00","Thu, 11/27/2008 - 22:00",LC-Bruker maXis QTOF: Submission #10,London,UK,51.57467,-1.067028,0,Wet weight,"Eurasian Otter, Lutra lutra",,,UK,,River,,,,Other (22510),Liver,67.0,,Canada,biota
19895,LIFE APEX,Real Sample,LIFE APEX 121 Otter liver from England and Wales (2008),"Tue, 01/01/2008 - 22:00","Tue, 11/27/2007 - 22:00",LC-Bruker maXis QTOF: Submission #11,London,UK,51.57467,-1.067028,0,Wet weight,"Eurasian Otter, Lutra lutra",,,UK,,River,,,,Other (22510),Liver,65.0,,Canada,biota
19896,LIFE APEX,Real Sample,LIFE APEX 121 Otter liver from England and Wales (2008),"Tue, 01/01/2008 - 22:00","Tue, 11/27/2007 - 22:00",LC-Bruker maXis QTOF: Submission #10,London,UK,51.57467,-1.067028,0,Wet weight,"Eurasian Otter, Lutra lutra",,,UK,,River,,,,Other (22510),Liver,65.0,,Canada,biota
19897,LIFE APEX,Real Sample,LIFE APEX 120 Otter liver from England and Wales (2007),"Mon, 01/01/2007 - 22:00","Mon, 11/27/2006 - 22:00",LC-Bruker maXis QTOF: Submission #11,London,UK,51.57467,-1.067028,0,Wet weight,"Eurasian Otter, Lutra lutra",,,UK,,River,,,,Other (22510),Liver,68.0,,Canada,biota
19898,LIFE APEX,Real Sample,LIFE APEX 120 Otter liver from England and Wales (2007),"Mon, 01/01/2007 - 22:00","Mon, 11/27/2006 - 22:00",LC-Bruker maXis QTOF: Submission #10,London,UK,51.57467,-1.067028,0,Wet weight,"Eurasian Otter, Lutra lutra",,,UK,,River,,,,Other (22510),Liver,68.0,,Canada,biota
19899,LIFE APEX,Real Sample,"LIFE APEX 119 Otter liver from England and Wales (2005, 2006)","Sat, 01/01/2005 - 22:00","Sat, 11/27/2004 - 22:00",LC-Bruker maXis QTOF: Submission #11,London,UK,51.57467,-1.067028,0,Wet weight,"Eurasian Otter, Lutra lutra",,,UK,,River,,,,Other (22510),Liver,62.0,,Canada,biota
19900,LIFE APEX,Real Sample,"LIFE APEX 119 Otter liver from England and Wales (2005, 2006)","Sat, 01/01/2005 - 22:00","Sat, 11/27/2004 - 22:00",LC-Bruker maXis QTOF: Submission #10,London,UK,51.57467,-1.067028,0,Wet weight,"Eurasian Otter, Lutra lutra",,,UK,,River,,,,Other (22510),Liver,62.0,,Canada,biota
19901,LIFE APEX,Real Sample,"LIFE APEX 118 Otter liver from England and Wales (2003, 2004)","Thu, 01/01/2004 - 22:00","Thu, 11/27/2003 - 22:00",LC-Bruker maXis QTOF: Submission #11,London,UK,51.57467,-1.067028,0,Wet weight,"Eurasian Otter, Lutra lutra",,,UK,,River,,,,Other (22510),Liver,65.0,,Canada,biota
19902,LIFE APEX,Real Sample,"LIFE APEX 118 Otter liver from England and Wales (2003, 2004)","Thu, 01/01/2004 - 22:00","Thu, 11/27/2003 - 22:00",LC-Bruker maXis QTOF: Submission #10,London,UK,51.57467,-1.067028,0,Wet weight,"Eurasian Otter, Lutra lutra",,,UK,,River,,,,Other (22510),Liver,65.0,,Canada,biota
19903,LIFE APEX,Blank Sample,Procedural Blank for LIFE APEX 118-135,"Wed, 01/01/2020 - 22:00","Wed, 11/27/2019 - 22:00",LC-Bruker maXis QTOF: Submission #11,London,UK,51.57467,-1.067028,0,Wet weight,"Eurasian Otter, Lutra lutra",,,UK,,River,,,,Other (22510),Liver,66.97,,Canada,biota
19904,LIFE APEX,Blank Sample,Procedural Blank for LIFE APEX 118-135,"Wed, 01/01/2020 - 22:00","Wed, 11/27/2019 - 22:00",LC-Bruker maXis QTOF: Submission #10,London,UK,51.57467,-1.067028,0,Wet weight,"Eurasian Otter, Lutra lutra",,,UK,,River,,,,Other (22510),Liver,66.97,,Canada,biota
19905,LIFE APEX,Real Sample,LIFE APEX 117 Buzzard liver from England (2018),"Mon, 01/01/2018 - 22:00","Mon, 11/27/2017 - 22:00",LC-Bruker maXis QTOF: Submission #11,London,UK,51.329021,0.379717,0,Wet weight,"Buzzard, Buteo buteo",,,UK,,Terrestrial environment,,,,Other (22510),Liver,74.28256256,,Canada,biota
19906,LIFE APEX,Real Sample,LIFE APEX 117 Buzzard liver from England (2018),"Mon, 01/01/2018 - 22:00","Mon, 11/27/2017 - 22:00",LC-Bruker maXis QTOF: Submission #10,London,UK,51.329021,0.379717,0,Wet weight,"Buzzard, Buteo buteo",,,UK,,Terrestrial environment,,,,Other (22510),Liver,74.28256256,,Canada,biota
19907,LIFE APEX,Real Sample,LIFE APEX 116 Buzzard liver from England (2017),"Sun, 01/01/2017 - 22:00","Sun, 11/27/2016 - 22:00",LC-Bruker maXis QTOF: Submission #11,London,UK,51.329021,0.379717,0,Wet weight,"Buzzard, Buteo buteo",,,UK,,Terrestrial environment,,,,Other (22510),Liver,74.68418549,,Canada,biota
19908,LIFE APEX,Real Sample,LIFE APEX 116 Buzzard liver from England (2017),"Sun, 01/01/2017 - 22:00","Sun, 11/27/2016 - 22:00",LC-Bruker maXis QTOF: Submission #10,London,UK,51.329021,0.379717,0,Wet weight,"Buzzard, Buteo buteo",,,UK,,Terrestrial environment,,,,Other (22510),Liver,74.68418549,,Canada,biota
19909,LIFE APEX,Real Sample,LIFE APEX 115 Buzzard liver from England (2016),"Fri, 01/01/2016 - 22:00","Fri, 11/27/2015 - 22:00",LC-Bruker maXis QTOF: Submission #11,London,UK,51.329021,0.379717,0,Wet weight,"Buzzard, Buteo buteo",,,UK,,Terrestrial environment,,,,Other (22510),Liver,74.42920709,,Canada,biota
19910,LIFE APEX,Real Sample,LIFE APEX 115 Buzzard liver from England (2016),"Fri, 01/01/2016 - 22:00","Fri, 11/27/2015 - 22:00",LC-Bruker maXis QTOF: Submission #10,London,UK,51.329021,0.379717,0,Wet weight,"Buzzard, Buteo buteo",,,UK,,Terrestrial environment,,,,Other (22510),Liver,74.42920709,,Canada,biota
19911,LIFE APEX,Real Sample,LIFE APEX 114 Buzzard liver from England (2013),"Tue, 01/01/2013 - 22:00","Tue, 11/27/2012 - 22:00",LC-Bruker maXis QTOF: Submission #11,London,UK,51.329021,0.379717,0,Wet weight,"Buzzard, Buteo buteo",,,UK,,Terrestrial environment,,,,Other (22510),Liver,73.64956985,,Canada,biota
19912,LIFE APEX,Real Sample,LIFE APEX 114 Buzzard liver from England (2013),"Tue, 01/01/2013 - 22:00","Tue, 11/27/2012 - 22:00",LC-Bruker maXis QTOF: Submission #10,London,UK,51.329021,0.379717,0,Wet weight,"Buzzard, Buteo buteo",,,UK,,Terrestrial environment,,,,Other (22510),Liver,73.64956985,,Canada,biota
19913,LIFE APEX,Real Sample,LIFE APEX 113 Buzzard liver from England (2011),"Sat, 01/01/2011 - 22:00","Sat, 11/27/2010 - 22:00",LC-Bruker maXis QTOF: Submission #11,London,UK,51.329021,0.379717,0,Wet weight,"Buzzard, Buteo buteo",,,UK,,Terrestrial environment,,,,Other (22510),Liver,72.18055771,,Canada,biota
19914,LIFE APEX,Real Sample,LIFE APEX 113 Buzzard liver from England (2011),"Sat, 01/01/2011 - 22:00","Sat, 11/27/2010 - 22:00",LC-Bruker maXis QTOF: Submission #10,London,UK,51.329021,0.379717,0,Wet weight,"Buzzard, Buteo buteo",,,UK,,Terrestrial environment,,,,Other (22510),Liver,72.18055771,,Canada,biota
19915,LIFE APEX,Real Sample,LIFE APEX 112 Buzzard liver from England (2018),"Mon, 01/01/2018 - 22:00","Mon, 11/27/2017 - 22:00",LC-Bruker maXis QTOF: Submission #11,London,UK,51.329021,0.379717,0,Wet weight,"Buzzard, Buteo buteo",,,UK,,Terrestrial environment,,,,Other (22510),Liver,72.98142928,,Canada,biota
19916,LIFE APEX,Real Sample,LIFE APEX 112 Buzzard liver from England (2018),"Mon, 01/01/2018 - 22:00","Mon, 11/27/2017 - 22:00",LC-Bruker maXis QTOF: Submission #10,London,UK,51.329021,0.379717,0,Wet weight,"Buzzard, Buteo buteo",,,UK,,Terrestrial environment,,,,Other (22510),Liver,72.98142928,,Canada,biota
19917,LIFE APEX,Real Sample,LIFE APEX 111 Buzzard liver from England (2017),"Sun, 01/01/2017 - 22:00","Sun, 11/27/2016 - 22:00",LC-Bruker maXis QTOF: Submission #11,London,UK,51.329021,0.379717,0,Wet weight,"Buzzard, Buteo buteo",,,UK,,Terrestrial environment,,,,Other (22510),Liver,72.49956908,,Canada,biota
19918,LIFE APEX,Real Sample,LIFE APEX 111 Buzzard liver from England (2017),"Sun, 01/01/2017 - 22:00","Sun, 11/27/2016 - 22:00",LC-Bruker maXis QTOF: Submission #10,London,UK,51.329021,0.379717,0,Wet weight,"Buzzard, Buteo buteo",,,UK,,Terrestrial environment,,,,Other (22510),Liver,72.49956908,,Canada,biota
19919,LIFE APEX,Real Sample,LIFE APEX 110 Buzzard liver from England (2016),"Fri, 01/01/2016 - 22:00","Fri, 11/27/2015 - 22:00",LC-Bruker maXis QTOF: Submission #11,London,UK,51.329021,0.379717,0,Wet weight,"Buzzard, Buteo buteo",,,UK,,Terrestrial environment,,,,Other (22510),Liver,73.06873892,,Canada,biota
19920,LIFE APEX,Real Sample,LIFE APEX 110 Buzzard liver from England (2016),"Fri, 01/01/2016 - 22:00","Fri, 11/27/2015 - 22:00",LC-Bruker maXis QTOF: Submission #10,London,UK,51.329021,0.379717,0,Wet weight,"Buzzard, Buteo buteo",,,UK,,Terrestrial environment,,,,Other (22510),Liver,73.06873892,,Canada,biota
19921,LIFE APEX,Real Sample,LIFE APEX 109 Buzzard liver from England (2015),"Thu, 01/01/2015 - 22:00","Thu, 11/27/2014 - 22:00",LC-Bruker maXis QTOF: Submission #11,London,UK,51.329021,0.379717,0,Wet weight,"Buzzard, Buteo buteo",,,UK,,Terrestrial environment,,,,Other (22510),Liver,70.85348733,,Canada,biota
19922,LIFE APEX,Real Sample,LIFE APEX 109 Buzzard liver from England (2015),"Thu, 01/01/2015 - 22:00","Thu, 11/27/2014 - 22:00",LC-Bruker maXis QTOF: Submission #10,London,UK,51.329021,0.379717,0,Wet weight,"Buzzard, Buteo buteo",,,UK,,Terrestrial environment,,,,Other (22510),Liver,70.85348733,,Canada,biota
19923,LIFE APEX,Real Sample,LIFE APEX 108 Buzzard liver from England (2014),"Wed, 01/01/2014 - 22:00","Wed, 11/27/2013 - 22:00",LC-Bruker maXis QTOF: Submission #11,London,UK,51.329021,0.379717,0,Wet weight,"Buzzard, Buteo buteo",,,UK,,Terrestrial environment,,,,Other (22510),Liver,71.57467406,,Canada,biota
19924,LIFE APEX,Real Sample,LIFE APEX 108 Buzzard liver from England (2014),"Wed, 01/01/2014 - 22:00","Wed, 11/27/2013 - 22:00",LC-Bruker maXis QTOF: Submission #10,London,UK,51.329021,0.379717,0,Wet weight,"Buzzard, Buteo buteo",,,UK,,Terrestrial environment,,,,Other (22510),Liver,71.57467406,,Canada,biota
19925,LIFE APEX,Real Sample,LIFE APEX 107 Buzzard liver from England (2013),"Tue, 01/01/2013 - 22:00","Tue, 11/27/2012 - 22:00",LC-Bruker maXis QTOF: Submission #11,London,UK,51.329021,0.379717,0,Wet weight,"Buzzard, Buteo buteo",,,UK,,Terrestrial environment,,,,Other (22510),Liver,71.55548958,,Canada,biota
19926,LIFE APEX,Real Sample,LIFE APEX 107 Buzzard liver from England (2013),"Tue, 01/01/2013 - 22:00","Tue, 11/27/2012 - 22:00",LC-Bruker maXis QTOF: Submission #10,London,UK,51.329021,0.379717,0,Wet weight,"Buzzard, Buteo buteo",,,UK,,Terrestrial environment,,,,Other (22510),Liver,71.55548958,,Canada,biota
19927,LIFE APEX,Real Sample,LIFE APEX 106 Buzzard liver from England (2012),"Sun, 01/01/2012 - 22:00","Sun, 11/27/2011 - 22:00",LC-Bruker maXis QTOF: Submission #11,London,UK,51.329021,0.379717,0,Wet weight,"Buzzard, Buteo buteo",,,UK,,Terrestrial environment,,,,Other (22510),Liver,71.83446945,,Canada,biota
19928,LIFE APEX,Real Sample,LIFE APEX 106 Buzzard liver from England (2012),"Sun, 01/01/2012 - 22:00","Sun, 11/27/2011 - 22:00",LC-Bruker maXis QTOF: Submission #10,London,UK,51.329021,0.379717,0,Wet weight,"Buzzard, Buteo buteo",,,UK,,Terrestrial environment,,,,Other (22510),Liver,71.83446945,,Canada,biota
19929,LIFE APEX,Real Sample,LIFE APEX 105 Buzzard liver from England (2011),"Sat, 01/01/2011 - 22:00","Sat, 11/27/2010 - 22:00",LC-Bruker maXis QTOF: Submission #11,London,UK,51.329021,0.379717,0,Wet weight,"Buzzard, Buteo buteo",,,UK,,Terrestrial environment,,,,Other (22510),Liver,71.10651161,,Canada,biota
19930,LIFE APEX,Real Sample,LIFE APEX 105 Buzzard liver from England (2011),"Sat, 01/01/2011 - 22:00","Sat, 11/27/2010 - 22:00",LC-Bruker maXis QTOF: Submission #10,London,UK,51.329021,0.379717,0,Wet weight,"Buzzard, Buteo buteo",,,UK,,Terrestrial environment,,,,Other (22510),Liver,71.10651161,,Canada,biota
19931,LIFE APEX,Real Sample,LIFE APEX 104 Buzzard liver from England (2010),"Fri, 01/01/2010 - 22:00","Fri, 11/27/2009 - 22:00",LC-Bruker maXis QTOF: Submission #11,London,UK,51.329021,0.379717,0,Wet weight,"Buzzard, Buteo buteo",,,UK,,Terrestrial environment,,,,Other (22510),Liver,70.0953795,,Canada,biota
19932,LIFE APEX,Real Sample,LIFE APEX 104 Buzzard liver from England (2010),"Fri, 01/01/2010 - 22:00","Fri, 11/27/2009 - 22:00",LC-Bruker maXis QTOF: Submission #10,London,UK,51.329021,0.379717,0,Wet weight,"Buzzard, Buteo buteo",,,UK,,Terrestrial environment,,,,Other (22510),Liver,70.0953795,,Canada,biota
19933,LIFE APEX,Real Sample,LIFE APEX 103 Buzzard liver from England (2009),"Thu, 01/01/2009 - 22:00","Thu, 11/27/2008 - 22:00",LC-Bruker maXis QTOF: Submission #11,London,UK,51.329021,0.379717,0,Wet weight,"Buzzard, Buteo buteo",,,UK,,Terrestrial environment,,,,Other (22510),Liver,71.72999687,,Canada,biota
19934,LIFE APEX,Real Sample,LIFE APEX 103 Buzzard liver from England (2009),"Thu, 01/01/2009 - 22:00","Thu, 11/27/2008 - 22:00",LC-Bruker maXis QTOF: Submission #10,London,UK,51.329021,0.379717,0,Wet weight,"Buzzard, Buteo buteo",,,UK,,Terrestrial environment,,,,Other (22510),Liver,71.72999687,,Canada,biota
19935,LIFE APEX,Real Sample,LIFE APEX 102 Buzzard liver from England (2008),"Tue, 01/01/2008 - 22:00","Tue, 11/27/2007 - 22:00",LC-Bruker maXis QTOF: Submission #11,London,UK,51.329021,0.379717,0,Wet weight,"Buzzard, Buteo buteo",,,UK,,Terrestrial environment,,,,Other (22510),Liver,70.31883539,,Canada,biota
19936,LIFE APEX,Real Sample,LIFE APEX 102 Buzzard liver from England (2008),"Tue, 01/01/2008 - 22:00","Tue, 11/27/2007 - 22:00",LC-Bruker maXis QTOF: Submission #10,London,UK,51.329021,0.379717,0,Wet weight,"Buzzard, Buteo buteo",,,UK,,Terrestrial environment,,,,Other (22510),Liver,70.31883539,,Canada,biota
19937,LIFE APEX,Real Sample,"LIFE APEX 101 Buzzard liver from England (2005, 2006)","Sun, 01/01/2006 - 22:00","Sun, 11/27/2005 - 22:00",LC-Bruker maXis QTOF: Submission #11,London,UK,51.329021,0.379717,0,Wet weight,"Buzzard, Buteo buteo",,,UK,,Terrestrial environment,,,,Other (22510),Liver,70.65305017,,Canada,biota
19938,LIFE APEX,Real Sample,"LIFE APEX 101 Buzzard liver from England (2005, 2006)","Sun, 01/01/2006 - 22:00","Sun, 11/27/2005 - 22:00",LC-Bruker maXis QTOF: Submission #10,London,UK,51.329021,0.379717,0,Wet weight,"Buzzard, Buteo buteo",,,UK,,Terrestrial environment,,,,Other (22510),Liver,70.65305017,,Canada,biota
19939,LIFE APEX,Real Sample,LIFE APEX 100 Buzzard liver from England (2003),"Wed, 01/01/2003 - 22:00","Wed, 11/27/2002 - 22:00",LC-Bruker maXis QTOF: Submission #11,London,UK,51.329021,0.379717,0,Wet weight,"Buzzard, Buteo buteo",,,UK,,Terrestrial environment,,,,Other (22510),Liver,69.87417919,,Canada,biota
19940,LIFE APEX,Real Sample,LIFE APEX 100 Buzzard liver from England (2003),"Wed, 01/01/2003 - 22:00","Wed, 11/27/2002 - 22:00",LC-Bruker maXis QTOF: Submission #10,London,UK,51.329021,0.379717,0,Wet weight,"Buzzard, Buteo buteo",,,UK,,Terrestrial environment,,,,Other (22510),Liver,69.87417919,,Canada,biota
19941,LIFE APEX,Real Sample,"LIFE APEX 99 Buzzard liver from England (2001, 2002)","Tue, 01/01/2002 - 22:00","Tue, 11/27/2001 - 22:00",LC-Bruker maXis QTOF: Submission #11,London,UK,51.329021,0.379717,0,Wet weight,"Buzzard, Buteo buteo",,,UK,,Terrestrial environment,,,,Other (22510),Liver,69.6424185,,Canada,biota
19942,LIFE APEX,Real Sample,"LIFE APEX 99 Buzzard liver from England (2001, 2002)","Tue, 01/01/2002 - 22:00","Tue, 11/27/2001 - 22:00",LC-Bruker maXis QTOF: Submission #10,London,UK,51.329021,0.379717,0,Wet weight,"Buzzard, Buteo buteo",,,UK,,Terrestrial environment,,,,Other (22510),Liver,69.6424185,,Canada,biota
19943,LIFE APEX,Blank Sample,Procedural Blank for LIFE APEX 99-117,"Wed, 01/01/2020 - 22:00","Wed, 11/27/2019 - 22:00",LC-Bruker maXis QTOF: Submission #11,London,UK,51.329021,0.379717,0,Wet weight,"Buzzard, Buteo buteo",,,UK,,Terrestrial environment,,,,Other (22510),Liver,71.9,,Canada,biota
19944,LIFE APEX,Blank Sample,Procedural Blank for LIFE APEX 99-117,"Wed, 01/01/2020 - 22:00","Wed, 11/27/2019 - 22:00",LC-Bruker maXis QTOF: Submission #10,London,UK,51.329021,0.379717,0,Wet weight,"Buzzard, Buteo buteo",,,UK,,Terrestrial environment,,,,Other (22510),Liver,71.9,,Canada,biota
19945,LIFE APEX,Real Sample,LIFE APEX 98 Harbour Seal liver from North Sea (2018),"Mon, 01/01/2018 - 22:00","Mon, 11/27/2017 - 22:00",LC-Bruker maXis QTOF: Submission #11,Cuxhaven,Germany,54.082933,8.48307,1,Wet weight,"Harbour Seal, Phoca vitulina",,,North Sea,,Coastal region,,North Sea Basin,,Other (22510),Liver,68.0,,Germany,biota
19946,LIFE APEX,Real Sample,LIFE APEX 98 Harbour Seal liver from North Sea (2018),"Mon, 01/01/2018 - 22:00","Mon, 11/27/2017 - 22:00",LC-Bruker maXis QTOF: Submission #10,Cuxhaven,Germany,54.082933,8.48307,1,Wet weight,"Harbour Seal, Phoca vitulina",,,North Sea,,Coastal region,,North Sea Basin,,Other (22510),Liver,68.0,,Germany,biota
19947,LIFE APEX,Real Sample,LIFE APEX 97 Harbour Seal liver from North Sea (2017),"Sun, 01/01/2017 - 22:00","Sun, 11/27/2016 - 22:00",LC-Bruker maXis QTOF: Submission #11,Cuxhaven,Germany,54.082933,8.48307,1,Wet weight,"Harbour Seal, Phoca vitulina",,,North Sea,,Coastal region,,North Sea Basin,,Other (22510),Liver,70.0,,Germany,biota
19948,LIFE APEX,Real Sample,LIFE APEX 97 Harbour Seal liver from North Sea (2017),"Sun, 01/01/2017 - 22:00","Sun, 11/27/2016 - 22:00",LC-Bruker maXis QTOF: Submission #10,Cuxhaven,Germany,54.082933,8.48307,1,Wet weight,"Harbour Seal, Phoca vitulina",,,North Sea,,Coastal region,,North Sea Basin,,Other (22510),Liver,70.0,,Germany,biota
19949,LIFE APEX,Real Sample,LIFE APEX 96 Harbour Seal liver from North Sea (2016),"Fri, 01/01/2016 - 22:00","Fri, 11/27/2015 - 22:00",LC-Bruker maXis QTOF: Submission #11,Cuxhaven,Germany,54.082933,8.48307,1,Wet weight,"Harbour Seal, Phoca vitulina",,,North Sea,,Coastal region,,North Sea Basin,,Other (22510),Liver,74.0,,Germany,biota
19950,LIFE APEX,Real Sample,LIFE APEX 96 Harbour Seal liver from North Sea (2016),"Fri, 01/01/2016 - 22:00","Fri, 11/27/2015 - 22:00",LC-Bruker maXis QTOF: Submission #10,Cuxhaven,Germany,54.082933,8.48307,1,Wet weight,"Harbour Seal, Phoca vitulina",,,North Sea,,Coastal region,,North Sea Basin,,Other (22510),Liver,74.0,,Germany,biota
19951,LIFE APEX,Real Sample,LIFE APEX 95 Harbour Seal liver from North Sea (2015),"Thu, 01/01/2015 - 22:00","Thu, 11/27/2014 - 22:00",LC-Bruker maXis QTOF: Submission #11,Cuxhaven,Germany,54.082933,8.48307,1,Wet weight,"Harbour Seal, Phoca vitulina",,,North Sea,,Coastal region,,North Sea Basin,,Other (22510),Liver,71.0,,Germany,biota
19952,LIFE APEX,Real Sample,LIFE APEX 95 Harbour Seal liver from North Sea (2015),"Thu, 01/01/2015 - 22:00","Thu, 11/27/2014 - 22:00",LC-Bruker maXis QTOF: Submission #10,Cuxhaven,Germany,54.082933,8.48307,1,Wet weight,"Harbour Seal, Phoca vitulina",,,North Sea,,Coastal region,,North Sea Basin,,Other (22510),Liver,71.0,,Germany,biota
19953,LIFE APEX,Real Sample,LIFE APEX 94 Harbour Seal liver from North Sea (2014),"Wed, 01/01/2014 - 22:00","Wed, 11/27/2013 - 22:00",LC-Bruker maXis QTOF: Submission #11,Cuxhaven,Germany,54.082933,8.48307,1,Wet weight,"Harbour Seal, Phoca vitulina",,,North Sea,,Coastal region,,North Sea Basin,,Other (22510),Liver,65.0,,Germany,biota
19954,LIFE APEX,Real Sample,LIFE APEX 94 Harbour Seal liver from North Sea (2014),"Wed, 01/01/2014 - 22:00","Wed, 11/27/2013 - 22:00",LC-Bruker maXis QTOF: Submission #10,Cuxhaven,Germany,54.082933,8.48307,1,Wet weight,"Harbour Seal, Phoca vitulina",,,North Sea,,Coastal region,,North Sea Basin,,Other (22510),Liver,65.0,,Germany,biota
19955,LIFE APEX,Real Sample,LIFE APEX 93 Harbour Seal liver from North Sea (2013),"Tue, 01/01/2013 - 22:00","Tue, 11/27/2012 - 22:00",LC-Bruker maXis QTOF: Submission #11,Cuxhaven,Germany,54.082933,8.48307,1,Wet weight,"Harbour Seal, Phoca vitulina",,,North Sea,,Coastal region,,North Sea Basin,,Other (22510),Liver,73.0,,Germany,biota
19956,LIFE APEX,Real Sample,LIFE APEX 93 Harbour Seal liver from North Sea (2013),"Tue, 01/01/2013 - 22:00","Tue, 11/27/2012 - 22:00",LC-Bruker maXis QTOF: Submission #10,Cuxhaven,Germany,54.082933,8.48307,1,Wet weight,"Harbour Seal, Phoca vitulina",,,North Sea,,Coastal region,,North Sea Basin,,Other (22510),Liver,73.0,,Germany,biota
19957,LIFE APEX,Real Sample,LIFE APEX 92 Harbour Seal liver from North Sea (2012),"Sun, 01/01/2012 - 22:00","Sun, 11/27/2011 - 22:00",LC-Bruker maXis QTOF: Submission #11,Cuxhaven,Germany,54.082933,8.48307,1,Wet weight,"Harbour Seal, Phoca vitulina",,,North Sea,,Coastal region,,North Sea Basin,,Other (22510),Liver,73.0,,Germany,biota
19958,LIFE APEX,Real Sample,LIFE APEX 92 Harbour Seal liver from North Sea (2012),"Sun, 01/01/2012 - 22:00","Sun, 11/27/2011 - 22:00",LC-Bruker maXis QTOF: Submission #10,Cuxhaven,Germany,54.082933,8.48307,1,Wet weight,"Harbour Seal, Phoca vitulina",,,North Sea,,Coastal region,,North Sea Basin,,Other (22510),Liver,73.0,,Germany,biota
19959,LIFE APEX,Real Sample,LIFE APEX 91 Harbour Seal liver from North Sea (2011),"Sat, 01/01/2011 - 22:00","Sat, 11/27/2010 - 22:00",LC-Bruker maXis QTOF: Submission #11,Cuxhaven,Germany,54.082933,8.48307,1,Wet weight,"Harbour Seal, Phoca vitulina",,,North Sea,,Coastal region,,North Sea Basin,,Other (22510),Liver,74.0,,Germany,biota
19960,LIFE APEX,Real Sample,LIFE APEX 91 Harbour Seal liver from North Sea (2011),"Sat, 01/01/2011 - 22:00","Sat, 11/27/2010 - 22:00",LC-Bruker maXis QTOF: Submission #10,Cuxhaven,Germany,54.082933,8.48307,1,Wet weight,"Harbour Seal, Phoca vitulina",,,North Sea,,Coastal region,,North Sea Basin,,Other (22510),Liver,74.0,,Germany,biota
19961,LIFE APEX,Real Sample,LIFE APEX 90 Harbour Seal liver from North Sea (2010),"Fri, 01/01/2010 - 22:00","Fri, 11/27/2009 - 22:00",LC-Bruker maXis QTOF: Submission #11,Cuxhaven,Germany,54.082933,8.48307,1,Wet weight,"Harbour Seal, Phoca vitulina",,,North Sea,,Coastal region,,North Sea Basin,,Other (22510),Liver,73.0,,Germany,biota
19962,LIFE APEX,Real Sample,LIFE APEX 90 Harbour Seal liver from North Sea (2010),"Fri, 01/01/2010 - 22:00","Fri, 11/27/2009 - 22:00",LC-Bruker maXis QTOF: Submission #10,Cuxhaven,Germany,54.082933,8.48307,1,Wet weight,"Harbour Seal, Phoca vitulina",,,North Sea,,Coastal region,,North Sea Basin,,Other (22510),Liver,73.0,,Germany,biota
19963,LIFE APEX,Real Sample,LIFE APEX 89 Harbour Seal liver from North Sea (2009),"Thu, 01/01/2009 - 22:00","Thu, 11/27/2008 - 22:00",LC-Bruker maXis QTOF: Submission #11,Cuxhaven,Germany,54.082933,8.48307,1,Wet weight,"Harbour Seal, Phoca vitulina",,,North Sea,,Coastal region,,North Sea Basin,,Other (22510),Liver,74.0,,Germany,biota
19964,LIFE APEX,Real Sample,LIFE APEX 89 Harbour Seal liver from North Sea (2009),"Thu, 01/01/2009 - 22:00","Thu, 11/27/2008 - 22:00",LC-Bruker maXis QTOF: Submission #10,Cuxhaven,Germany,54.082933,8.48307,1,Wet weight,"Harbour Seal, Phoca vitulina",,,North Sea,,Coastal region,,North Sea Basin,,Other (22510),Liver,74.0,,Germany,biota
19965,LIFE APEX,Real Sample,LIFE APEX 88 Harbour Seal liver from North Sea (2008),"Tue, 01/01/2008 - 22:00","Tue, 11/27/2007 - 22:00",LC-Bruker maXis QTOF: Submission #11,Cuxhaven,Germany,54.082933,8.48307,1,Wet weight,"Harbour Seal, Phoca vitulina",,,North Sea,,Coastal region,,North Sea Basin,,Other (22510),Liver,69.0,,Germany,biota
19966,LIFE APEX,Real Sample,LIFE APEX 88 Harbour Seal liver from North Sea (2008),"Tue, 01/01/2008 - 22:00","Tue, 11/27/2007 - 22:00",LC-Bruker maXis QTOF: Submission #10,Cuxhaven,Germany,54.082933,8.48307,1,Wet weight,"Harbour Seal, Phoca vitulina",,,North Sea,,Coastal region,,North Sea Basin,,Other (22510),Liver,69.0,,Germany,biota
19967,LIFE APEX,Real Sample,LIFE APEX 87 Harbour Seal liver from North Sea (2007),"Mon, 01/01/2007 - 22:00","Mon, 11/27/2006 - 22:00",LC-Bruker maXis QTOF: Submission #11,Cuxhaven,Germany,54.082933,8.48307,1,Wet weight,"Harbour Seal, Phoca vitulina",,,North Sea,,Coastal region,,North Sea Basin,,Other (22510),Liver,70.0,,Germany,biota
19968,LIFE APEX,Real Sample,LIFE APEX 87 Harbour Seal liver from North Sea (2007),"Mon, 01/01/2007 - 22:00","Mon, 11/27/2006 - 22:00",LC-Bruker maXis QTOF: Submission #10,Cuxhaven,Germany,54.082933,8.48307,1,Wet weight,"Harbour Seal, Phoca vitulina",,,North Sea,,Coastal region,,North Sea Basin,,Other (22510),Liver,70.0,,Germany,biota
19969,LIFE APEX,Real Sample,LIFE APEX 86 Harbour Seal liver from North Sea (2006),"Sun, 01/01/2006 - 22:00","Sun, 11/27/2005 - 22:00",LC-Bruker maXis QTOF: Submission #11,Cuxhaven,Germany,54.082933,8.48307,1,Wet weight,"Harbour Seal, Phoca vitulina",,,North Sea,,Coastal region,,North Sea Basin,,Other (22510),Liver,73.0,,Germany,biota
19970,LIFE APEX,Real Sample,LIFE APEX 86 Harbour Seal liver from North Sea (2006),"Sun, 01/01/2006 - 22:00","Sun, 11/27/2005 - 22:00",LC-Bruker maXis QTOF: Submission #10,Cuxhaven,Germany,54.082933,8.48307,1,Wet weight,"Harbour Seal, Phoca vitulina",,,North Sea,,Coastal region,,North Sea Basin,,Other (22510),Liver,73.0,,Germany,biota
19971,LIFE APEX,Real Sample,LIFE APEX 85 Harbour Seal liver from North Sea (2005),"Sat, 01/01/2005 - 22:00","Sat, 11/27/2004 - 22:00",LC-Bruker maXis QTOF: Submission #11,Cuxhaven,Germany,54.082933,8.48307,1,Wet weight,"Harbour Seal, Phoca vitulina",,,North Sea,,Coastal region,,North Sea Basin,,Other (22510),Liver,69.0,,Germany,biota
19972,LIFE APEX,Real Sample,LIFE APEX 85 Harbour Seal liver from North Sea (2005),"Sat, 01/01/2005 - 22:00","Sat, 11/27/2004 - 22:00",LC-Bruker maXis QTOF: Submission #10,Cuxhaven,Germany,54.082933,8.48307,1,Wet weight,"Harbour Seal, Phoca vitulina",,,North Sea,,Coastal region,,North Sea Basin,,Other (22510),Liver,69.0,,Germany,biota
19973,LIFE APEX,Real Sample,LIFE APEX 84 Harbour Seal liver from North Sea (2004),"Thu, 01/01/2004 - 22:00","Thu, 11/27/2003 - 22:00",LC-Bruker maXis QTOF: Submission #11,Cuxhaven,Germany,54.082933,8.48307,1,Wet weight,"Harbour Seal, Phoca vitulina",,,North Sea,,Coastal region,,North Sea Basin,,Other (22510),Liver,72.0,,Germany,biota
19974,LIFE APEX,Real Sample,LIFE APEX 84 Harbour Seal liver from North Sea (2004),"Thu, 01/01/2004 - 22:00","Thu, 11/27/2003 - 22:00",LC-Bruker maXis QTOF: Submission #10,Cuxhaven,Germany,54.082933,8.48307,1,Wet weight,"Harbour Seal, Phoca vitulina",,,North Sea,,Coastal region,,North Sea Basin,,Other (22510),Liver,72.0,,Germany,biota
19975,LIFE APEX,Real Sample,LIFE APEX 83 Harbour Seal liver from North Sea (2003),"Wed, 01/01/2003 - 22:00","Wed, 11/27/2002 - 22:00",LC-Bruker maXis QTOF: Submission #11,Cuxhaven,Germany,54.082933,8.48307,1,Wet weight,"Harbour Seal, Phoca vitulina",,,North Sea,,Coastal region,,North Sea Basin,,Other (22510),Liver,72.0,,Germany,biota
19976,LIFE APEX,Real Sample,LIFE APEX 83 Harbour Seal liver from North Sea (2003),"Wed, 01/01/2003 - 22:00","Wed, 11/27/2002 - 22:00",LC-Bruker maXis QTOF: Submission #10,Cuxhaven,Germany,54.082933,8.48307,1,Wet weight,"Harbour Seal, Phoca vitulina",,,North Sea,,Coastal region,,North Sea Basin,,Other (22510),Liver,72.0,,Germany,biota
19977,LIFE APEX,Real Sample,LIFE APEX 82 Harbour Seal liver from North Sea (2002),"Tue, 01/01/2002 - 22:00","Tue, 11/27/2001 - 22:00",LC-Bruker maXis QTOF: Submission #11,Cuxhaven,Germany,54.082933,8.48307,1,Wet weight,"Harbour Seal, Phoca vitulina",,,North Sea,,Coastal region,,North Sea Basin,,Other (22510),Liver,67.0,,Germany,biota
19978,LIFE APEX,Real Sample,LIFE APEX 82 Harbour Seal liver from North Sea (2002),"Tue, 01/01/2002 - 22:00","Tue, 11/27/2001 - 22:00",LC-Bruker maXis QTOF: Submission #10,Cuxhaven,Germany,54.082933,8.48307,1,Wet weight,"Harbour Seal, Phoca vitulina",,,North Sea,,Coastal region,,North Sea Basin,,Other (22510),Liver,67.0,,Germany,biota
19979,LIFE APEX,Real Sample,LIFE APEX 81 Harbour Seal liver from North Sea (2001),"Mon, 01/01/2001 - 22:00","Mon, 11/27/2000 - 22:00",LC-Bruker maXis QTOF: Submission #11,Cuxhaven,Germany,54.082933,8.48307,1,Wet weight,"Harbour Seal, Phoca vitulina",,,North Sea,,Coastal region,,North Sea Basin,,Other (22510),Liver,71.0,,Germany,biota
19980,LIFE APEX,Real Sample,LIFE APEX 81 Harbour Seal liver from North Sea (2001),"Mon, 01/01/2001 - 22:00","Mon, 11/27/2000 - 22:00",LC-Bruker maXis QTOF: Submission #10,Cuxhaven,Germany,54.082933,8.48307,1,Wet weight,"Harbour Seal, Phoca vitulina",,,North Sea,,Coastal region,,North Sea Basin,,Other (22510),Liver,71.0,,Germany,biota
19981,LIFE APEX,Real Sample,LIFE APEX 80 Harbour Seal liver from North Sea (2000),"Sat, 01/01/2000 - 22:00","Sat, 11/27/1999 - 22:00",LC-Bruker maXis QTOF: Submission #11,Cuxhaven,Germany,54.082933,8.48307,1,Wet weight,"Harbour Seal, Phoca vitulina",,,North Sea,,Coastal region,,North Sea Basin,,Other (22510),Liver,70.0,,Germany,biota
19982,LIFE APEX,Real Sample,LIFE APEX 80 Harbour Seal liver from North Sea (2000),"Sat, 01/01/2000 - 22:00","Sat, 11/27/1999 - 22:00",LC-Bruker maXis QTOF: Submission #10,Cuxhaven,Germany,54.082933,8.48307,1,Wet weight,"Harbour Seal, Phoca vitulina",,,North Sea,,Coastal region,,North Sea Basin,,Other (22510),Liver,70.0,,Germany,biota
19983,LIFE APEX,Blank Sample,Procedural Blank for LIFE APEX 80-98,"Wed, 01/01/2020 - 22:00","Wed, 11/27/2019 - 22:00",LC-Bruker maXis QTOF: Submission #11,Cuxhaven,Germany,54.082933,8.48307,1,Wet weight,"Harbour Seal, Phoca vitulina",,,North Sea,,Coastal region,,North Sea Basin,,Other (22510),Liver,70.9,,Germany,biota
19984,LIFE APEX,Blank Sample,Procedural Blank for LIFE APEX 80-98,"Wed, 01/01/2020 - 22:00","Wed, 11/27/2019 - 22:00",LC-Bruker maXis QTOF: Submission #10,Cuxhaven,Germany,54.082933,8.48307,1,Wet weight,"Harbour Seal, Phoca vitulina",,,North Sea,,Coastal region,,North Sea Basin,,Other (22510),Liver,70.9,,Germany,biota
19985,LIFE APEX,Real Sample,LIFE APEX 79 Bream Muscle from Rhine Bimmen (2018),"Mon, 01/01/2018 - 22:00","Mon, 11/27/2017 - 22:00",LC-Bruker maXis QTOF: Submission #11,Bimmen,Germany,51.86051,6.071775,1,Wet weight,"Bream, Abramis brama",,,Rhine River,,River,,Rhine River Basin,,Fish (22486),Muscle,78.0,,Germany,biota
19986,LIFE APEX,Real Sample,LIFE APEX 79 Bream Muscle from Rhine Bimmen (2018),"Mon, 01/01/2018 - 22:00","Mon, 11/27/2017 - 22:00",LC-Bruker maXis QTOF: Submission #10,Bimmen,Germany,51.86051,6.071775,1,Wet weight,"Bream, Abramis brama",,,Rhine River,,River,,Rhine River Basin,,Fish (22486),Muscle,78.0,,Germany,biota
19987,LIFE APEX,Real Sample,LIFE APEX 78 Bream Muscle from Rhine Bimmen (2016),"Fri, 01/01/2016 - 22:00","Fri, 11/27/2015 - 22:00",LC-Bruker maXis QTOF: Submission #11,Bimmen,Germany,51.86051,6.071775,1,Wet weight,"Bream, Abramis brama",,,Rhine River,,River,,Rhine River Basin,,Fish (22486),Muscle,80.0,,Germany,biota
19988,LIFE APEX,Real Sample,LIFE APEX 78 Bream Muscle from Rhine Bimmen (2016),"Fri, 01/01/2016 - 22:00","Fri, 11/27/2015 - 22:00",LC-Bruker maXis QTOF: Submission #10,Bimmen,Germany,51.86051,6.071775,1,Wet weight,"Bream, Abramis brama",,,Rhine River,,River,,Rhine River Basin,,Fish (22486),Muscle,80.0,,Germany,biota
19989,LIFE APEX,Real Sample,LIFE APEX 77 Bream Muscle from Rhine Bimmen (2014),"Wed, 01/01/2014 - 22:00","Wed, 11/27/2013 - 22:00",LC-Bruker maXis QTOF: Submission #11,Bimmen,Germany,51.86051,6.071775,1,Wet weight,"Bream, Abramis brama",,,Rhine River,,River,,Rhine River Basin,,Fish (22486),Muscle,80.0,,Germany,biota
19990,LIFE APEX,Real Sample,LIFE APEX 77 Bream Muscle from Rhine Bimmen (2014),"Wed, 01/01/2014 - 22:00","Wed, 11/27/2013 - 22:00",LC-Bruker maXis QTOF: Submission #10,Bimmen,Germany,51.86051,6.071775,1,Wet weight,"Bream, Abramis brama",,,Rhine River,,River,,Rhine River Basin,,Fish (22486),Muscle,80.0,,Germany,biota
19991,LIFE APEX,Real Sample,LIFE APEX 76 Bream Muscle from Rhine Bimmen (2012),"Sun, 01/01/2012 - 22:00","Sun, 11/27/2011 - 22:00",LC-Bruker maXis QTOF: Submission #11,Bimmen,Germany,51.86051,6.071775,1,Wet weight,"Bream, Abramis brama",,,Rhine River,,River,,Rhine River Basin,,Fish (22486),Muscle,77.0,,Germany,biota
19992,LIFE APEX,Real Sample,LIFE APEX 76 Bream Muscle from Rhine Bimmen (2012),"Sun, 01/01/2012 - 22:00","Sun, 11/27/2011 - 22:00",LC-Bruker maXis QTOF: Submission #10,Bimmen,Germany,51.86051,6.071775,1,Wet weight,"Bream, Abramis brama",,,Rhine River,,River,,Rhine River Basin,,Fish (22486),Muscle,77.0,,Germany,biota
19993,LIFE APEX,Real Sample,LIFE APEX 75 Bream Muscle from Rhine Bimmen (2010),"Fri, 01/01/2010 - 22:00","Fri, 11/27/2009 - 22:00",LC-Bruker maXis QTOF: Submission #11,Bimmen,Germany,51.86051,6.071775,1,Wet weight,"Bream, Abramis brama",,,Rhine River,,River,,Rhine River Basin,,Fish (22486),Muscle,78.0,,Germany,biota
19994,LIFE APEX,Real Sample,LIFE APEX 75 Bream Muscle from Rhine Bimmen (2010),"Fri, 01/01/2010 - 22:00","Fri, 11/27/2009 - 22:00",LC-Bruker maXis QTOF: Submission #10,Bimmen,Germany,51.86051,6.071775,1,Wet weight,"Bream, Abramis brama",,,Rhine River,,River,,Rhine River Basin,,Fish (22486),Muscle,78.0,,Germany,biota
19995,LIFE APEX,Real Sample,LIFE APEX 74 Bream Muscle from Rhine Bimmen (2008),"Tue, 01/01/2008 - 22:00","Tue, 11/27/2007 - 22:00",LC-Bruker maXis QTOF: Submission #11,Bimmen,Germany,51.86051,6.071775,1,Wet weight,"Bream, Abramis brama",,,Rhine River,,River,,Rhine River Basin,,Fish (22486),Muscle,78.0,,Germany,biota
19996,LIFE APEX,Real Sample,LIFE APEX 74 Bream Muscle from Rhine Bimmen (2008),"Tue, 01/01/2008 - 22:00","Tue, 11/27/2007 - 22:00",LC-Bruker maXis QTOF: Submission #10,Bimmen,Germany,51.86051,6.071775,1,Wet weight,"Bream, Abramis brama",,,Rhine River,,River,,Rhine River Basin,,Fish (22486),Muscle,78.0,,Germany,biota
19997,LIFE APEX,Real Sample,LIFE APEX 73 Bream Muscle from Rhine Bimmen (2006),"Sun, 01/01/2006 - 22:00","Sun, 11/27/2005 - 22:00",LC-Bruker maXis QTOF: Submission #11,Bimmen,Germany,51.86051,6.071775,1,Wet weight,"Bream, Abramis brama",,,Rhine River,,River,,Rhine River Basin,,Fish (22486),Muscle,79.0,,Germany,biota
19998,LIFE APEX,Real Sample,LIFE APEX 73 Bream Muscle from Rhine Bimmen (2006),"Sun, 01/01/2006 - 22:00","Sun, 11/27/2005 - 22:00",LC-Bruker maXis QTOF: Submission #10,Bimmen,Germany,51.86051,6.071775,1,Wet weight,"Bream, Abramis brama",,,Rhine River,,River,,Rhine River Basin,,Fish (22486),Muscle,79.0,,Germany,biota
19999,LIFE APEX,Real Sample,LIFE APEX 72 Bream Muscle from Rhine Bimmen (2004),"Thu, 01/01/2004 - 22:00","Thu, 11/27/2003 - 22:00",LC-Bruker maXis QTOF: Submission #11,Bimmen,Germany,51.86051,6.071775,1,Wet weight,"Bream, Abramis brama",,,Rhine River,,River,,Rhine River Basin,,Fish (22486),Muscle,79.0,,Germany,biota
20000,LIFE APEX,Real Sample,LIFE APEX 72 Bream Muscle from Rhine Bimmen (2004),"Thu, 01/01/2004 - 22:00","Thu, 11/27/2003 - 22:00",LC-Bruker maXis QTOF: Submission #10,Bimmen,Germany,51.86051,6.071775,1,Wet weight,"Bream, Abramis brama",,,Rhine River,,River,,Rhine River Basin,,Fish (22486),Muscle,79.0,,Germany,biota
20001,LIFE APEX,Real Sample,LIFE APEX 71 Bream Muscle from Rhine Bimmen (2002),"Tue, 01/01/2002 - 22:00","Tue, 11/27/2001 - 22:00",LC-Bruker maXis QTOF: Submission #11,Bimmen,Germany,51.86051,6.071775,1,Wet weight,"Bream, Abramis brama",,,Rhine River,,River,,Rhine River Basin,,Fish (22486),Muscle,82.0,,Germany,biota
20002,LIFE APEX,Real Sample,LIFE APEX 71 Bream Muscle from Rhine Bimmen (2002),"Tue, 01/01/2002 - 22:00","Tue, 11/27/2001 - 22:00",LC-Bruker maXis QTOF: Submission #10,Bimmen,Germany,51.86051,6.071775,1,Wet weight,"Bream, Abramis brama",,,Rhine River,,River,,Rhine River Basin,,Fish (22486),Muscle,82.0,,Germany,biota
20003,LIFE APEX,Real Sample,LIFE APEX 70 Bream Muscle from Rhine Bimmen (2000),"Sat, 01/01/2000 - 22:00","Sat, 11/27/1999 - 22:00",LC-Bruker maXis QTOF: Submission #11,Bimmen,Germany,51.86051,6.071775,1,Wet weight,"Bream, Abramis brama",,,Rhine River,,River,,Rhine River Basin,,Fish (22486),Muscle,80.0,,Germany,biota
20004,LIFE APEX,Real Sample,LIFE APEX 70 Bream Muscle from Rhine Bimmen (2000),"Sat, 01/01/2000 - 22:00","Sat, 11/27/1999 - 22:00",LC-Bruker maXis QTOF: Submission #10,Bimmen,Germany,51.86051,6.071775,1,Wet weight,"Bream, Abramis brama",,,Rhine River,,River,,Rhine River Basin,,Fish (22486),Muscle,80.0,,Germany,biota
20005,LIFE APEX,Real Sample,LIFE APEX 69 Bream Muscle from Rhine Bimmen (1998),"Thu, 01/01/1998 - 22:00","Thu, 11/27/1997 - 22:00",LC-Bruker maXis QTOF: Submission #11,Bimmen,Germany,51.86051,6.071775,1,Wet weight,"Bream, Abramis brama",,,Rhine River,,River,,Rhine River Basin,,Fish (22486),Muscle,80.0,,Germany,biota
20006,LIFE APEX,Real Sample,LIFE APEX 69 Bream Muscle from Rhine Bimmen (1998),"Thu, 01/01/1998 - 22:00","Thu, 11/27/1997 - 22:00",LC-Bruker maXis QTOF: Submission #10,Bimmen,Germany,51.86051,6.071775,1,Wet weight,"Bream, Abramis brama",,,Rhine River,,River,,Rhine River Basin,,Fish (22486),Muscle,80.0,,Germany,biota
20007,LIFE APEX,Real Sample,LIFE APEX 68 Bream Muscle from Rhine Bimmen (1996),"Mon, 01/01/1996 - 22:00","Mon, 11/27/1995 - 22:00",LC-Bruker maXis QTOF: Submission #11,Bimmen,Germany,51.86051,6.071775,1,Wet weight,"Bream, Abramis brama",,,Rhine River,,River,,Rhine River Basin,,Fish (22486),Muscle,82.0,,Germany,biota
20008,LIFE APEX,Real Sample,LIFE APEX 68 Bream Muscle from Rhine Bimmen (1996),"Mon, 01/01/1996 - 22:00","Mon, 11/27/1995 - 22:00",LC-Bruker maXis QTOF: Submission #10,Bimmen,Germany,51.86051,6.071775,1,Wet weight,"Bream, Abramis brama",,,Rhine River,,River,,Rhine River Basin,,Fish (22486),Muscle,82.0,,Germany,biota
20009,LIFE APEX,Blank Sample,Procedural Blank for LIFE APEX 68-79,"Wed, 01/01/2020 - 22:00","Wed, 11/27/2019 - 22:00",LC-Bruker maXis QTOF: Submission #11,Bimmen,Germany,51.86051,6.071775,1,Wet weight,"Bream, Abramis brama",,,Rhine River,,River,,Rhine River Basin,,Fish (22486),Muscle,79.4,,Germany,biota
20010,LIFE APEX,Blank Sample,Procedural Blank for LIFE APEX 68-79,"Wed, 01/01/2020 - 22:00","Wed, 11/27/2019 - 22:00",LC-Bruker maXis QTOF: Submission #10,Bimmen,Germany,51.86051,6.071775,1,Wet weight,"Bream, Abramis brama",,,Rhine River,,River,,Rhine River Basin,,Fish (22486),Muscle,79.4,,Germany,biota
21457,LIFE APEX,Real Sample,LIFE APEX 67 Otter liver from Hohn,"Fri, 01/01/2016 - 22:00","Fri, 11/27/2015 - 22:00",LC-Bruker maXis QTOF: Submission #11,Rendsburg,Germany,54.30341,9.478417,1,Dry weight,Otter,,,Hohner Lake,,River,,Hohner Lake,,Other (22510),Liver,,,Germany,biota
21458,LIFE APEX,Real Sample,LIFE APEX 67 Otter liver from Hohn,"Fri, 01/01/2016 - 22:00","Fri, 11/27/2015 - 22:00",LC-Bruker maXis QTOF: Submission #10,Rendsburg,Germany,54.30341,9.478417,1,Dry weight,Otter,,,Hohner Lake,,River,,Hohner Lake,,Other (22510),Liver,,,Germany,biota
21459,LIFE APEX,Real Sample,LIFE APEX 66 Otter liver from Bosdorf,"Mon, 01/01/2018 - 22:00","Mon, 11/27/2017 - 22:00",LC-Bruker maXis QTOF: Submission #11,Eutin,Germany,54.13129,10.452888,1,Dry weight,Otter,,,Ploner Lake,,River,,Ploner Lake,,Other (22510),Liver,,,Germany,biota
21460,LIFE APEX,Real Sample,LIFE APEX 66 Otter liver from Bosdorf,"Mon, 01/01/2018 - 22:00","Mon, 11/27/2017 - 22:00",LC-Bruker maXis QTOF: Submission #10,Eutin,Germany,54.13129,10.452888,1,Dry weight,Otter,,,Ploner Lake,,River,,Ploner Lake,,Other (22510),Liver,,,Germany,biota
21461,LIFE APEX,Real Sample,LIFE APEX 65 Otter liver from Germany 02,"Mon, 01/01/2018 - 22:00","Mon, 11/27/2017 - 22:00",LC-Bruker maXis QTOF: Submission #11,Greifswald,Germany,54.129048,13.463002,1,Dry weight,Otter,,,,,Coastal region,,,,Other (22510),Liver,,,Germany,biota
21462,LIFE APEX,Real Sample,LIFE APEX 65 Otter liver from Germany 02,"Mon, 01/01/2018 - 22:00","Mon, 11/27/2017 - 22:00",LC-Bruker maXis QTOF: Submission #10,Greifswald,Germany,54.129048,13.463002,1,Dry weight,Otter,,,,,Coastal region,,,,Other (22510),Liver,,,Germany,biota
21463,LIFE APEX,Real Sample,LIFE APEX 64 Otter liver from Plon,"Sun, 01/01/2017 - 22:00","Sun, 11/27/2016 - 22:00",LC-Bruker maXis QTOF: Submission #11,Ascheberg,Germany,54.153311,10.42232,1,Dry weight,Otter,,,Ploner Lake,,River,,Ploner Lake,,Other (22510),Liver,,,Germany,biota
21464,LIFE APEX,Real Sample,LIFE APEX 64 Otter liver from Plon,"Sun, 01/01/2017 - 22:00","Sun, 11/27/2016 - 22:00",LC-Bruker maXis QTOF: Submission #10,Ascheberg,Germany,54.153311,10.42232,1,Dry weight,Otter,,,Ploner Lake,,River,,Ploner Lake,,Other (22510),Liver,,,Germany,biota
21465,LIFE APEX,Real Sample,LIFE APEX 63 Otter liver from Germany 01,"Mon, 01/01/2018 - 22:00","Mon, 11/27/2017 - 22:00",LC-Bruker maXis QTOF: Submission #11,Cuxhaven,Germany,53.985303,7.913999,1,Dry weight,Otter,,,North Sea,,Coastal region,,North Sea,,Other (22510),Liver,,,Germany,biota
21466,LIFE APEX,Real Sample,LIFE APEX 63 Otter liver from Germany 01,"Mon, 01/01/2018 - 22:00","Mon, 11/27/2017 - 22:00",LC-Bruker maXis QTOF: Submission #10,Cuxhaven,Germany,53.985303,7.913999,1,Dry weight,Otter,,,North Sea,,Coastal region,,North Sea,,Other (22510),Liver,,,Germany,biota
21467,LIFE APEX,Real Sample,LIFE APEX 62 Harbour Seal liver from Grothusenkoog,"Thu, 01/01/2015 - 22:00","Thu, 11/27/2014 - 22:00",LC-Bruker maXis QTOF: Submission #11,Heide,Germany,54.292287,8.752707,1,Dry weight,Harbour Seal,,,North Sea,,Coastal region,,North Sea,,Other (22510),Liver,,,Germany,biota
21468,LIFE APEX,Real Sample,LIFE APEX 62 Harbour Seal liver from Grothusenkoog,"Thu, 01/01/2015 - 22:00","Thu, 11/27/2014 - 22:00",LC-Bruker maXis QTOF: Submission #10,Heide,Germany,54.292287,8.752707,1,Dry weight,Harbour Seal,,,North Sea,,Coastal region,,North Sea,,Other (22510),Liver,,,Germany,biota
21469,LIFE APEX,Real Sample,LIFE APEX 61 Harbour Seal liver from Busum 02,"Thu, 01/01/2015 - 22:00","Thu, 11/27/2014 - 22:00",LC-Bruker maXis QTOF: Submission #11,Heide,Germany,54.145131,8.822839,1,Dry weight,Harbour Seal,,,North Sea,,Coastal region,,North Sea,,Other (22510),Liver,,,Germany,biota
21470,LIFE APEX,Real Sample,LIFE APEX 61 Harbour Seal liver from Busum 02,"Thu, 01/01/2015 - 22:00","Thu, 11/27/2014 - 22:00",LC-Bruker maXis QTOF: Submission #10,Heide,Germany,54.145131,8.822839,1,Dry weight,Harbour Seal,,,North Sea,,Coastal region,,North Sea,,Other (22510),Liver,,,Germany,biota
21471,LIFE APEX,Real Sample,LIFE APEX 60 Harbour Seal liver from Busum 01,"Thu, 01/01/2015 - 22:00","Thu, 11/27/2014 - 22:00",LC-Bruker maXis QTOF: Submission #11,Heide,Germany,54.119344,8.872848,1,Dry weight,Harbour Seal,,,North Sea,,Coastal region,,North Sea,,Other (22510),Liver,,,Germany,biota
21472,LIFE APEX,Real Sample,LIFE APEX 60 Harbour Seal liver from Busum 01,"Thu, 01/01/2015 - 22:00","Thu, 11/27/2014 - 22:00",LC-Bruker maXis QTOF: Submission #10,Heide,Germany,54.119344,8.872848,1,Dry weight,Harbour Seal,,,North Sea,,Coastal region,,North Sea,,Other (22510),Liver,,,Germany,biota
21473,LIFE APEX,Real Sample,LIFE APEX 59 Harbour Seal liver from Amrum,"Thu, 01/01/2015 - 22:00","Thu, 11/27/2014 - 22:00",LC-Bruker maXis QTOF: Submission #11,Husum,Germany,54.663544,8.356468,1,Dry weight,Harbour Seal,,,North Sea,,Coastal region,,North Sea,,Other (22510),Liver,,,Germany,biota
21474,LIFE APEX,Real Sample,LIFE APEX 59 Harbour Seal liver from Amrum,"Thu, 01/01/2015 - 22:00","Thu, 11/27/2014 - 22:00",LC-Bruker maXis QTOF: Submission #10,Husum,Germany,54.663544,8.356468,1,Dry weight,Harbour Seal,,,North Sea,,Coastal region,,North Sea,,Other (22510),Liver,,,Germany,biota
21475,LIFE APEX,Blank Sample,Procedural Blank for LIFE APEX Tier 1 Batch 4,"Sun, 01/01/2017 - 22:00","Sun, 11/27/2016 - 22:00",LC-Bruker maXis QTOF: Submission #11,Stockholm,Sweden,59.33,18.07,1,Dry weight,,,,,,Coastal region,,,,Other (22510),Other,,,Sweden,biota
21476,LIFE APEX,Blank Sample,Procedural Blank for LIFE APEX Tier 1 Batch 4,"Sun, 01/01/2017 - 22:00","Sun, 11/27/2016 - 22:00",LC-Bruker maXis QTOF: Submission #10,Stockholm,Sweden,59.33,18.07,1,Dry weight,,,,,,Coastal region,,,,Other (22510),Other,,,Sweden,biota
21477,LIFE APEX,Blank Sample,Procedural Blank for LIFE APEX Tier 1 Batch 3,"Sun, 01/01/2017 - 22:00","Sun, 11/27/2016 - 22:00",LC-Bruker maXis QTOF: Submission #11,Amsterdam,Netherlands,52.37,4.89,1,Dry weight,,,,,,Coastal region,,,,Other (22510),Other,,,Netherlands,biota
21478,LIFE APEX,Blank Sample,Procedural Blank for LIFE APEX Tier 1 Batch 3,"Sun, 01/01/2017 - 22:00","Sun, 11/27/2016 - 22:00",LC-Bruker maXis QTOF: Submission #10,Amsterdam,Netherlands,52.37,4.89,1,Dry weight,,,,,,Coastal region,,,,Other (22510),Other,,,Netherlands,biota
21479,LIFE APEX,Real Sample,LIFE APEX 58 Grey Seal liver from Baltic Proper,"Sun, 01/01/2017 - 22:00","Sun, 11/27/2016 - 22:00",LC-Bruker maXis QTOF: Submission #11,Kalmar,Sweden,55.961274,16.058707,1,Dry weight,Grey Seal,,,Baltic Sea,,Coastal region,,Baltic Sea,,Other (22510),Liver,,,Sweden,biota
21480,LIFE APEX,Real Sample,LIFE APEX 58 Grey Seal liver from Baltic Proper,"Sun, 01/01/2017 - 22:00","Sun, 11/27/2016 - 22:00",LC-Bruker maXis QTOF: Submission #10,Kalmar,Sweden,55.961274,16.058707,1,Dry weight,Grey Seal,,,Baltic Sea,,Coastal region,,Baltic Sea,,Other (22510),Liver,,,Sweden,biota
21481,LIFE APEX,Real Sample,LIFE APEX 57 Harbour Seal liver from Baltic Proper,"Fri, 01/01/2016 - 22:00","Fri, 11/27/2015 - 22:00",LC-Bruker maXis QTOF: Submission #11,Kalmar,Sweden,56.538313,17.286339,1,Dry weight,Otter Seal,,,Baltic Sea,,Coastal region,,Baltic Sea,,Other (22510),Liver,,,Sweden,biota
21482,LIFE APEX,Real Sample,LIFE APEX 57 Harbour Seal liver from Baltic Proper,"Fri, 01/01/2016 - 22:00","Fri, 11/27/2015 - 22:00",LC-Bruker maXis QTOF: Submission #10,Kalmar,Sweden,56.538313,17.286339,1,Dry weight,Otter Seal,,,Baltic Sea,,Coastal region,,Baltic Sea,,Other (22510),Liver,,,Sweden,biota
21483,LIFE APEX,Real Sample,LIFE APEX 56 Harbour Seal liver from Oresund,"Thu, 01/01/2015 - 22:00","Thu, 11/27/2014 - 22:00",LC-Bruker maXis QTOF: Submission #11,Malmo,Sweden,55.653598,12.900543,1,Dry weight,Otter Seal,,,Oresund,,Coastal region,,Oresund,,Other (22510),Liver,,,Sweden,biota
21484,LIFE APEX,Real Sample,LIFE APEX 56 Harbour Seal liver from Oresund,"Thu, 01/01/2015 - 22:00","Thu, 11/27/2014 - 22:00",LC-Bruker maXis QTOF: Submission #10,Malmo,Sweden,55.653598,12.900543,1,Dry weight,Otter Seal,,,Oresund,,Coastal region,,Oresund,,Other (22510),Liver,,,Sweden,biota
21485,LIFE APEX,Real Sample,LIFE APEX 55 Harbour Seal liver from Skagerrak,"Thu, 01/01/2015 - 22:00","Thu, 11/27/2014 - 22:00",LC-Bruker maXis QTOF: Submission #11,Goteborg,Sweden,58.488418,10.71067,1,Dry weight,Otter Seal,,,Skagerrak,,Coastal region,,Skagerrak,,Other (22510),Liver,,,Sweden,biota
21486,LIFE APEX,Real Sample,LIFE APEX 55 Harbour Seal liver from Skagerrak,"Thu, 01/01/2015 - 22:00","Thu, 11/27/2014 - 22:00",LC-Bruker maXis QTOF: Submission #10,Goteborg,Sweden,58.488418,10.71067,1,Dry weight,Otter Seal,,,Skagerrak,,Coastal region,,Skagerrak,,Other (22510),Liver,,,Sweden,biota
21487,LIFE APEX,Real Sample,LIFE APEX 54 Harbour Seal liver from Kattegat,"Fri, 01/01/2016 - 22:00","Fri, 11/27/2015 - 22:00",LC-Bruker maXis QTOF: Submission #11,Goteborg,Sweden,56.951607,11.301717,1,Dry weight,Otter Seal,,,Kattegat,,Coastal region,,Kattegat,,Other (22510),Liver,,,Sweden,biota
21488,LIFE APEX,Real Sample,LIFE APEX 54 Harbour Seal liver from Kattegat,"Fri, 01/01/2016 - 22:00","Fri, 11/27/2015 - 22:00",LC-Bruker maXis QTOF: Submission #10,Goteborg,Sweden,56.951607,11.301717,1,Dry weight,Otter Seal,,,Kattegat,,Coastal region,,Kattegat,,Other (22510),Liver,,,Sweden,biota
21489,LIFE APEX,Real Sample,LIFE APEX 53 Otter liver from Harjedalen-Jamtland,"Sun, 01/01/2017 - 22:00","Sun, 11/27/2016 - 22:00",LC-Bruker maXis QTOF: Submission #11,Ostersund,Sweden,63.138889,14.43978,1,Dry weight,Otter,,,Harjedalen-Jamtland,,River,,Harjedalen-Jamtland,,Other (22510),Liver,,,Sweden,biota
21490,LIFE APEX,Real Sample,LIFE APEX 53 Otter liver from Harjedalen-Jamtland,"Sun, 01/01/2017 - 22:00","Sun, 11/27/2016 - 22:00",LC-Bruker maXis QTOF: Submission #10,Ostersund,Sweden,63.138889,14.43978,1,Dry weight,Otter,,,Harjedalen-Jamtland,,River,,Harjedalen-Jamtland,,Other (22510),Liver,,,Sweden,biota
21491,LIFE APEX,Real Sample,LIFE APEX 52 Otter liver from Norrbotten,"Mon, 01/01/2018 - 22:00","Mon, 11/27/2017 - 22:00",LC-Bruker maXis QTOF: Submission #11,Kiruna,Sweden,67.934516,20.379767,1,Dry weight,Otter,,,Norrbotten,,River,,Norrbotten,,Other (22510),Liver,,,Sweden,biota
21492,LIFE APEX,Real Sample,LIFE APEX 52 Otter liver from Norrbotten,"Mon, 01/01/2018 - 22:00","Mon, 11/27/2017 - 22:00",LC-Bruker maXis QTOF: Submission #10,Kiruna,Sweden,67.934516,20.379767,1,Dry weight,Otter,,,Norrbotten,,River,,Norrbotten,,Other (22510),Liver,,,Sweden,biota
21493,LIFE APEX,Real Sample,LIFE APEX 51 Otter liver from Skane,"Mon, 01/01/2018 - 22:00","Mon, 11/27/2017 - 22:00",LC-Bruker maXis QTOF: Submission #11,Malmo,Sweden,55.6989,13.034828,1,Dry weight,Otter,,,Skane,,River,,Skane,,Other (22510),Liver,,,Sweden,biota
21494,LIFE APEX,Real Sample,LIFE APEX 51 Otter liver from Skane,"Mon, 01/01/2018 - 22:00","Mon, 11/27/2017 - 22:00",LC-Bruker maXis QTOF: Submission #10,Malmo,Sweden,55.6989,13.034828,1,Dry weight,Otter,,,Skane,,River,,Skane,,Other (22510),Liver,,,Sweden,biota
21495,LIFE APEX,Real Sample,LIFE APEX 50 Otter liver from Uppland,"Mon, 01/01/2018 - 22:00","Mon, 11/27/2017 - 22:00",LC-Bruker maXis QTOF: Submission #11,Stockholm,Sweden,59.319383,18.109282,1,Dry weight,Otter,,,Uppland,,River,,Uppland,,Other (22510),Liver,,,Sweden,biota
21496,LIFE APEX,Real Sample,LIFE APEX 50 Otter liver from Uppland,"Mon, 01/01/2018 - 22:00","Mon, 11/27/2017 - 22:00",LC-Bruker maXis QTOF: Submission #10,Stockholm,Sweden,59.319383,18.109282,1,Dry weight,Otter,,,Uppland,,River,,Uppland,,Other (22510),Liver,,,Sweden,biota
21497,LIFE APEX,Real Sample,LIFE APEX 49 Otter liver from Vastmanland-Orebro,"Mon, 01/01/2018 - 22:00","Mon, 11/27/2017 - 22:00",LC-Bruker maXis QTOF: Submission #11,Orebro,Sweden,59.430855,15.385376,1,Dry weight,Otter,,,Vastmanland-Orebro,,River,,Vastmanland-Orebro,,Other (22510),Liver,,,Sweden,biota
21498,LIFE APEX,Real Sample,LIFE APEX 49 Otter liver from Vastmanland-Orebro,"Mon, 01/01/2018 - 22:00","Mon, 11/27/2017 - 22:00",LC-Bruker maXis QTOF: Submission #10,Orebro,Sweden,59.430855,15.385376,1,Dry weight,Otter,,,Vastmanland-Orebro,,River,,Vastmanland-Orebro,,Other (22510),Liver,,,Sweden,biota
21499,LIFE APEX,Real Sample,LIFE APEX 48 Herring Muscle from Vaderoarna,"Mon, 01/01/2018 - 22:00","Mon, 11/27/2017 - 22:00",LC-Bruker maXis QTOF: Submission #11,Goteborg,Sweden,58.582636,11.075436,1,Dry weight,Herring,,,Vaderoarna,,Coastal region,,Vaderoarna,,Other (22510),Muscle,,,Sweden,biota
21500,LIFE APEX,Real Sample,LIFE APEX 48 Herring Muscle from Vaderoarna,"Mon, 01/01/2018 - 22:00","Mon, 11/27/2017 - 22:00",LC-Bruker maXis QTOF: Submission #10,Goteborg,Sweden,58.582636,11.075436,1,Dry weight,Herring,,,Vaderoarna,,Coastal region,,Vaderoarna,,Other (22510),Muscle,,,Sweden,biota
21501,LIFE APEX,Real Sample,LIFE APEX 47 Herring Muscle from Utlangan,"Mon, 01/01/2018 - 22:00","Mon, 11/27/2017 - 22:00",LC-Bruker maXis QTOF: Submission #11,Karlskrona,Sweden,56.016137,15.773463,1,Dry weight,Herring,,,Utlangan,,Coastal region,,Utlangan,,Other (22510),Muscle,,,Sweden,biota
21502,LIFE APEX,Real Sample,LIFE APEX 47 Herring Muscle from Utlangan,"Mon, 01/01/2018 - 22:00","Mon, 11/27/2017 - 22:00",LC-Bruker maXis QTOF: Submission #10,Karlskrona,Sweden,56.016137,15.773463,1,Dry weight,Herring,,,Utlangan,,Coastal region,,Utlangan,,Other (22510),Muscle,,,Sweden,biota
21503,LIFE APEX,Real Sample,LIFE APEX 46 Herring Muscle from Angskarsklubb,"Mon, 01/01/2018 - 22:00","Mon, 11/27/2017 - 22:00",LC-Bruker maXis QTOF: Submission #11,Norrtalje,Sweden,59.767709,18.805003,1,Dry weight,Herring,,,Angskarsklubb,,Coastal region,,Angskarsklubb,,Other (22510),Muscle,,,Sweden,biota
21504,LIFE APEX,Real Sample,LIFE APEX 46 Herring Muscle from Angskarsklubb,"Mon, 01/01/2018 - 22:00","Mon, 11/27/2017 - 22:00",LC-Bruker maXis QTOF: Submission #10,Norrtalje,Sweden,59.767709,18.805003,1,Dry weight,Herring,,,Angskarsklubb,,Coastal region,,Angskarsklubb,,Other (22510),Muscle,,,Sweden,biota
21505,LIFE APEX,Real Sample,LIFE APEX 45 Buzzard liver from North Rhine-Westphalia,"Mon, 01/01/2018 - 22:00","Mon, 11/27/2017 - 22:00",LC-Bruker maXis QTOF: Submission #11,Dortmund,Germany,51.55107,6.685865,1,Dry weight,Buzzard,,,North Rhine-Westphalia,,Terrestrial environment,,North Rhine-Westphalia,,Other (22510),Liver,,,Germany,biota
21506,LIFE APEX,Real Sample,LIFE APEX 45 Buzzard liver from North Rhine-Westphalia,"Mon, 01/01/2018 - 22:00","Mon, 11/27/2017 - 22:00",LC-Bruker maXis QTOF: Submission #10,Dortmund,Germany,51.55107,6.685865,1,Dry weight,Buzzard,,,North Rhine-Westphalia,,Terrestrial environment,,North Rhine-Westphalia,,Other (22510),Liver,,,Germany,biota
21507,LIFE APEX,Real Sample,LIFE APEX 44 Buzzard liver from Baden-Wurttemberg,"Mon, 01/01/2018 - 22:00","Mon, 11/27/2017 - 22:00",LC-Bruker maXis QTOF: Submission #11,Stuttgart,Germany,54.20943,12.816105,1,Dry weight,Buzzard,,,Baden-Wurttemberg,,Terrestrial environment,,Baden-Wurttemberg,,Other (22510),Liver,,,Germany,biota
21508,LIFE APEX,Real Sample,LIFE APEX 44 Buzzard liver from Baden-Wurttemberg,"Mon, 01/01/2018 - 22:00","Mon, 11/27/2017 - 22:00",LC-Bruker maXis QTOF: Submission #10,Stuttgart,Germany,54.20943,12.816105,1,Dry weight,Buzzard,,,Baden-Wurttemberg,,Terrestrial environment,,Baden-Wurttemberg,,Other (22510),Liver,,,Germany,biota
21509,LIFE APEX,Real Sample,LIFE APEX 43 Buzzard liver from Baden-Wurttemberg,"Mon, 01/01/2018 - 22:00","Mon, 11/27/2017 - 22:00",LC-Bruker maXis QTOF: Submission #11,Stuttgart,Germany,48.748195,9.26744,1,Dry weight,Buzzard,,,Baden-Wurttemberg,,Terrestrial environment,,Baden-Wurttemberg,,Other (22510),Liver,,,Germany,biota
21510,LIFE APEX,Real Sample,LIFE APEX 43 Buzzard liver from Baden-Wurttemberg,"Mon, 01/01/2018 - 22:00","Mon, 11/27/2017 - 22:00",LC-Bruker maXis QTOF: Submission #10,Stuttgart,Germany,48.748195,9.26744,1,Dry weight,Buzzard,,,Baden-Wurttemberg,,Terrestrial environment,,Baden-Wurttemberg,,Other (22510),Liver,,,Germany,biota
21511,LIFE APEX,Real Sample,LIFE APEX 42 Buzzard liver from Lower Saxony,"Mon, 01/01/2018 - 22:00","Mon, 11/27/2017 - 22:00",LC-Bruker maXis QTOF: Submission #11,Hanover,Germany,52.378424,9.695191,1,Dry weight,Buzzard,,,Lower Saxony,,Terrestrial environment,,Lower Saxony,,Other (22510),Liver,,,Germany,biota
21512,LIFE APEX,Real Sample,LIFE APEX 42 Buzzard liver from Lower Saxony,"Mon, 01/01/2018 - 22:00","Mon, 11/27/2017 - 22:00",LC-Bruker maXis QTOF: Submission #10,Hanover,Germany,52.378424,9.695191,1,Dry weight,Buzzard,,,Lower Saxony,,Terrestrial environment,,Lower Saxony,,Other (22510),Liver,,,Germany,biota
21513,LIFE APEX,Real Sample,LIFE APEX 41 Buzzard liver from Berlin,"Mon, 01/01/2018 - 22:00","Mon, 11/27/2017 - 22:00",LC-Bruker maXis QTOF: Submission #11,Berlin,Germany,52.553125,13.223138,1,Dry weight,Buzzard,,,Berlin area,,Terrestrial environment,,Berlin area,,Other (22510),Liver,,,Germany,biota
21514,LIFE APEX,Real Sample,LIFE APEX 41 Buzzard liver from Berlin,"Mon, 01/01/2018 - 22:00","Mon, 11/27/2017 - 22:00",LC-Bruker maXis QTOF: Submission #10,Berlin,Germany,52.553125,13.223138,1,Dry weight,Buzzard,,,Berlin area,,Terrestrial environment,,Berlin area,,Other (22510),Liver,,,Germany,biota
21515,LIFE APEX,Real Sample,LIFE APEX 40 Bream Muscle from Noord-Holland,"Tue, 01/01/2019 - 22:00","Tue, 11/27/2018 - 22:00",LC-Bruker maXis QTOF: Submission #11,Amsterdam,Netherlands,52.374011,4.913521,1,Dry weight,Bream,,,Noord-Holland,,River,,Noord-Holland,,Fish (22486),Muscle,,,Netherlands,biota
21516,LIFE APEX,Real Sample,LIFE APEX 40 Bream Muscle from Noord-Holland,"Tue, 01/01/2019 - 22:00","Tue, 11/27/2018 - 22:00",LC-Bruker maXis QTOF: Submission #10,Amsterdam,Netherlands,52.374011,4.913521,1,Dry weight,Bream,,,Noord-Holland,,River,,Noord-Holland,,Fish (22486),Muscle,,,Netherlands,biota
21517,LIFE APEX,Real Sample,LIFE APEX 39 Harbour Seal liver from Noord-Holland,"Mon, 01/01/2018 - 22:00","Mon, 11/27/2017 - 22:00",LC-Bruker maXis QTOF: Submission #11,Amsterdam,Netherlands,52.399878,5.075807,1,Dry weight,Harbour Seal,,,Noord-Holland,,Coastal region,,Noord-Holland,,Other (22510),Liver,,,Netherlands,biota
21518,LIFE APEX,Real Sample,LIFE APEX 39 Harbour Seal liver from Noord-Holland,"Mon, 01/01/2018 - 22:00","Mon, 11/27/2017 - 22:00",LC-Bruker maXis QTOF: Submission #10,Amsterdam,Netherlands,52.399878,5.075807,1,Dry weight,Harbour Seal,,,Noord-Holland,,Coastal region,,Noord-Holland,,Other (22510),Liver,,,Netherlands,biota
21519,LIFE APEX,Real Sample,LIFE APEX 38 Harbour Seal liver from Zuid-Holland,"Tue, 01/01/2019 - 22:00","Tue, 11/27/2018 - 22:00",LC-Bruker maXis QTOF: Submission #11,Rotterdam,Netherlands,51.901053,4.284472,1,Dry weight,Harbour Seal,,,Zuid-Holland,,Coastal region,,Zuid-Holland,,Other (22510),Liver,,,Netherlands,biota
21520,LIFE APEX,Real Sample,LIFE APEX 38 Harbour Seal liver from Zuid-Holland,"Tue, 01/01/2019 - 22:00","Tue, 11/27/2018 - 22:00",LC-Bruker maXis QTOF: Submission #10,Rotterdam,Netherlands,51.901053,4.284472,1,Dry weight,Harbour Seal,,,Zuid-Holland,,Coastal region,,Zuid-Holland,,Other (22510),Liver,,,Netherlands,biota
21521,LIFE APEX,Real Sample,LIFE APEX 37 Otter liver from Augustinusga,"Mon, 01/01/2018 - 22:00","Mon, 11/27/2017 - 22:00",LC-Bruker maXis QTOF: Submission #11,Groningen,Netherlands,53.226344,6.167509,1,Dry weight,Otter,,,Augustinusga,,River,,Augustinusga,,Other (22510),Liver,,,Netherlands,biota
21522,LIFE APEX,Real Sample,LIFE APEX 37 Otter liver from Augustinusga,"Mon, 01/01/2018 - 22:00","Mon, 11/27/2017 - 22:00",LC-Bruker maXis QTOF: Submission #10,Groningen,Netherlands,53.226344,6.167509,1,Dry weight,Otter,,,Augustinusga,,River,,Augustinusga,,Other (22510),Liver,,,Netherlands,biota
21523,LIFE APEX,Real Sample,LIFE APEX 36 Otter liver from Harich,"Mon, 01/01/2018 - 22:00","Mon, 11/27/2017 - 22:00",LC-Bruker maXis QTOF: Submission #11,Sneek,Netherlands,52.937049,5.542928,1,Dry weight,Otter,,,Harich,,River,,Harich,,Other (22510),Liver,,,Netherlands,biota
21524,LIFE APEX,Real Sample,LIFE APEX 36 Otter liver from Harich,"Mon, 01/01/2018 - 22:00","Mon, 11/27/2017 - 22:00",LC-Bruker maXis QTOF: Submission #10,Sneek,Netherlands,52.937049,5.542928,1,Dry weight,Otter,,,Harich,,River,,Harich,,Other (22510),Liver,,,Netherlands,biota
21525,LIFE APEX,Real Sample,LIFE APEX 35 Otter liver from Zevenhuizen,"Mon, 01/01/2018 - 22:00","Mon, 11/27/2017 - 22:00",LC-Bruker maXis QTOF: Submission #11,Zevenhuizen-Moerkapelle,Netherlands,52.026211,4.558007,1,Dry weight,Otter,,,Zevenhuizen,,River,,Zevenhuizen,,Other (22510),Liver,,,Netherlands,biota
21526,LIFE APEX,Real Sample,LIFE APEX 35 Otter liver from Zevenhuizen,"Mon, 01/01/2018 - 22:00","Mon, 11/27/2017 - 22:00",LC-Bruker maXis QTOF: Submission #10,Zevenhuizen-Moerkapelle,Netherlands,52.026211,4.558007,1,Dry weight,Otter,,,Zevenhuizen,,River,,Zevenhuizen,,Other (22510),Liver,,,Netherlands,biota
21527,LIFE APEX,Real Sample,LIFE APEX 33 Otter liver from Overijssel,"Mon, 01/01/2018 - 22:00","Mon, 11/27/2017 - 22:00",LC-Bruker maXis QTOF: Submission #11,Almelo,Netherlands,52.583347,6.099912,1,Dry weight,Otter,,,Overijssel,,River,,Overijssel,,Other (22510),Liver,,,Netherlands,biota
21528,LIFE APEX,Real Sample,LIFE APEX 33 Otter liver from Overijssel,"Mon, 01/01/2018 - 22:00","Mon, 11/27/2017 - 22:00",LC-Bruker maXis QTOF: Submission #10,Almelo,Netherlands,52.583347,6.099912,1,Dry weight,Otter,,,Overijssel,,River,,Overijssel,,Other (22510),Liver,,,Netherlands,biota
21529,LIFE APEX,Real Sample,LIFE APEX 32 Buzzard liver from Friesland,"Mon, 01/01/2018 - 22:00","Mon, 11/27/2017 - 22:00",LC-Bruker maXis QTOF: Submission #11,Leeuwarden,Netherlands,53.006056,5.567012,1,Dry weight,Buzzard,,,Friesland (NL),,Marine environment,,Friesland (NL),,Other (22510),Liver,,,Netherlands,biota
21530,LIFE APEX,Real Sample,LIFE APEX 32 Buzzard liver from Friesland,"Mon, 01/01/2018 - 22:00","Mon, 11/27/2017 - 22:00",LC-Bruker maXis QTOF: Submission #10,Leeuwarden,Netherlands,53.006056,5.567012,1,Dry weight,Buzzard,,,Friesland (NL),,Marine environment,,Friesland (NL),,Other (22510),Liver,,,Netherlands,biota
21531,LIFE APEX,Real Sample,LIFE APEX 31 Buzzard liver from Friesland,"Fri, 01/01/2016 - 22:00","Fri, 11/27/2015 - 22:00",LC-Bruker maXis QTOF: Submission #11,Leeuwarden,Netherlands,53.263884,6.097295,1,Dry weight,Buzzard,,,Friesland (NL),,Marine environment,,Friesland (NL),,Other (22510),Liver,,,Netherlands,biota
21532,LIFE APEX,Real Sample,LIFE APEX 31 Buzzard liver from Friesland,"Fri, 01/01/2016 - 22:00","Fri, 11/27/2015 - 22:00",LC-Bruker maXis QTOF: Submission #10,Leeuwarden,Netherlands,53.263884,6.097295,1,Dry weight,Buzzard,,,Friesland (NL),,Marine environment,,Friesland (NL),,Other (22510),Liver,,,Netherlands,biota
21533,LIFE APEX,Real Sample,LIFE APEX 30 Harbour Porpoise liver from UK 05,"Sun, 01/01/2017 - 22:00","Sun, 11/27/2016 - 22:00",LC-Bruker maXis QTOF: Submission #11,Liverpool,UK,53.736376,-3.838481,1,Dry weight,Harbour Porpoise,,,Marine water of UK,,Marine environment,,Marine water of UK,,Fish (22486),Liver,,,UK,biota
21534,LIFE APEX,Real Sample,LIFE APEX 30 Harbour Porpoise liver from UK 05,"Sun, 01/01/2017 - 22:00","Sun, 11/27/2016 - 22:00",LC-Bruker maXis QTOF: Submission #10,Liverpool,UK,53.736376,-3.838481,1,Dry weight,Harbour Porpoise,,,Marine water of UK,,Marine environment,,Marine water of UK,,Fish (22486),Liver,,,UK,biota
21535,LIFE APEX,Real Sample,LIFE APEX 29 Harbour Porpoise liver from UK 04,"Sun, 01/01/2017 - 22:00","Sun, 11/27/2016 - 22:00",LC-Bruker maXis QTOF: Submission #11,Aberdeen,UK,57.196258,-1.669999,1,Dry weight,Harbour Porpoise,,,Marine water of UK,,Marine environment,,Marine water of UK,,Fish (22486),Liver,,,UK,biota
21536,LIFE APEX,Real Sample,LIFE APEX 29 Harbour Porpoise liver from UK 04,"Sun, 01/01/2017 - 22:00","Sun, 11/27/2016 - 22:00",LC-Bruker maXis QTOF: Submission #10,Aberdeen,UK,57.196258,-1.669999,1,Dry weight,Harbour Porpoise,,,Marine water of UK,,Marine environment,,Marine water of UK,,Fish (22486),Liver,,,UK,biota
21537,LIFE APEX,Real Sample,LIFE APEX 27 Harbour Porpoise liver from UK 03,"Tue, 01/01/2019 - 22:00","Tue, 11/27/2018 - 22:00",LC-Bruker maXis QTOF: Submission #11,Edinburgh,UK,56.149104,-2.539179,1,Dry weight,Harbour Porpoise,,,Marine water of UK,,Marine environment,,Marine water of UK,,Fish (22486),Liver,,,UK,biota
21538,LIFE APEX,Real Sample,LIFE APEX 27 Harbour Porpoise liver from UK 03,"Tue, 01/01/2019 - 22:00","Tue, 11/27/2018 - 22:00",LC-Bruker maXis QTOF: Submission #10,Edinburgh,UK,56.149104,-2.539179,1,Dry weight,Harbour Porpoise,,,Marine water of UK,,Marine environment,,Marine water of UK,,Fish (22486),Liver,,,UK,biota
21539,LIFE APEX,Real Sample,LIFE APEX 27 Harbour Porpoise liver from UK 02,"Sun, 01/01/2017 - 22:00","Sun, 11/27/2016 - 22:00",LC-Bruker maXis QTOF: Submission #11,Kingston upon Hull,UK,53.248961,0.58746,1,Dry weight,Harbour Porpoise,,,Marine water of UK,,Marine environment,,Marine water of UK,,Fish (22486),Liver,,,UK,biota
21540,LIFE APEX,Real Sample,LIFE APEX 27 Harbour Porpoise liver from UK 02,"Sun, 01/01/2017 - 22:00","Sun, 11/27/2016 - 22:00",LC-Bruker maXis QTOF: Submission #10,Kingston upon Hull,UK,53.248961,0.58746,1,Dry weight,Harbour Porpoise,,,Marine water of UK,,Marine environment,,Marine water of UK,,Fish (22486),Liver,,,UK,biota
21541,LIFE APEX,Real Sample,LIFE APEX 26 Harbour Porpoise liver from UK 01,"Sun, 01/01/2017 - 22:00","Sun, 11/27/2016 - 22:00",LC-Bruker maXis QTOF: Submission #11,Kingston upon Hull,UK,54.474762,0.765404,1,Dry weight,Harbour Porpoise,,,Marine water of UK,,Marine environment,,Marine water of UK,,Fish (22486),Liver,,,UK,biota
21542,LIFE APEX,Real Sample,LIFE APEX 26 Harbour Porpoise liver from UK 01,"Sun, 01/01/2017 - 22:00","Sun, 11/27/2016 - 22:00",LC-Bruker maXis QTOF: Submission #10,Kingston upon Hull,UK,54.474762,0.765404,1,Dry weight,Harbour Porpoise,,,Marine water of UK,,Marine environment,,Marine water of UK,,Fish (22486),Liver,,,UK,biota
21543,LIFE APEX,Real Sample,LIFE APEX 25 Otter liver from North Wales,"Sun, 01/01/2017 - 22:00","Sun, 11/27/2016 - 22:00",LC-Bruker maXis QTOF: Submission #11,Liverpool,UK,52.746127,-3.96748,1,Dry weight,Otter,,,North Wales,,River,,North Wales,,Other (22510),Liver,,,UK,biota
21544,LIFE APEX,Real Sample,LIFE APEX 25 Otter liver from North Wales,"Sun, 01/01/2017 - 22:00","Sun, 11/27/2016 - 22:00",LC-Bruker maXis QTOF: Submission #10,Liverpool,UK,52.746127,-3.96748,1,Dry weight,Otter,,,North Wales,,River,,North Wales,,Other (22510),Liver,,,UK,biota
21545,LIFE APEX,Real Sample,LIFE APEX 24 Otter liver from East Anglia,"Fri, 01/01/2016 - 22:00","Fri, 11/27/2015 - 22:00",LC-Bruker maXis QTOF: Submission #11,Norwich,UK,52.604666,1.390054,1,Dry weight,Otter,,,East Anglia,,River,,East Anglia,,Other (22510),Liver,,,UK,biota
21546,LIFE APEX,Real Sample,LIFE APEX 24 Otter liver from East Anglia,"Fri, 01/01/2016 - 22:00","Fri, 11/27/2015 - 22:00",LC-Bruker maXis QTOF: Submission #10,Norwich,UK,52.604666,1.390054,1,Dry weight,Otter,,,East Anglia,,River,,East Anglia,,Other (22510),Liver,,,UK,biota
21547,LIFE APEX,Real Sample,LIFE APEX 23 Otter liver from South Wales-Somerset-Hertfordshire,"Fri, 01/01/2016 - 22:00","Fri, 11/27/2015 - 22:00",LC-Bruker maXis QTOF: Submission #11,Bath,UK,51.334841,-2.616951,1,Dry weight,Otter,,,South Wales-Somerset-Hertfordshire,,Coastal region,,South Wales-Somerset-Hertfordshire,,Other (22510),Liver,,,UK,biota
21548,LIFE APEX,Real Sample,LIFE APEX 23 Otter liver from South Wales-Somerset-Hertfordshire,"Fri, 01/01/2016 - 22:00","Fri, 11/27/2015 - 22:00",LC-Bruker maXis QTOF: Submission #10,Bath,UK,51.334841,-2.616951,1,Dry weight,Otter,,,South Wales-Somerset-Hertfordshire,,Coastal region,,South Wales-Somerset-Hertfordshire,,Other (22510),Liver,,,UK,biota
21549,LIFE APEX,Real Sample,LIFE APEX 22 Otter liver from North East UK,"Fri, 01/01/2016 - 22:00","Fri, 11/27/2015 - 22:00",LC-Bruker maXis QTOF: Submission #11,Newcastle upon Tyne,UK,55.016114,-1.396547,1,Dry weight,Otter,,,North East UK,,Coastal region,,North East UK,,Other (22510),Liver,,,UK,biota
21550,LIFE APEX,Real Sample,LIFE APEX 22 Otter liver from North East UK,"Fri, 01/01/2016 - 22:00","Fri, 11/27/2015 - 22:00",LC-Bruker maXis QTOF: Submission #10,Newcastle upon Tyne,UK,55.016114,-1.396547,1,Dry weight,Otter,,,North East UK,,Coastal region,,North East UK,,Other (22510),Liver,,,UK,biota
21551,LIFE APEX,Real Sample,LIFE APEX 21 Otter liver from Solent and South Downs,"Fri, 01/01/2016 - 22:00","Fri, 11/27/2015 - 22:00",LC-Bruker maXis QTOF: Submission #11,Portsmouth,UK,50.829329,-1.120705,1,Dry weight,Otter,,,Solent and South Downs,,Coastal region,,Solent and South Downs,,Other (22510),Liver,,,UK,biota
21552,LIFE APEX,Real Sample,LIFE APEX 21 Otter liver from Solent and South Downs,"Fri, 01/01/2016 - 22:00","Fri, 11/27/2015 - 22:00",LC-Bruker maXis QTOF: Submission #10,Portsmouth,UK,50.829329,-1.120705,1,Dry weight,Otter,,,Solent and South Downs,,Coastal region,,Solent and South Downs,,Other (22510),Liver,,,UK,biota
21553,LIFE APEX,Real Sample,LIFE APEX 20 Roach Muscle from River Welland (Stamford Meadows),"Sun, 01/01/2017 - 22:00","Sun, 11/27/2016 - 22:00",LC-Bruker maXis QTOF: Submission #11,Northampton,UK,52.65425,-0.461188,1,Dry weight,Roach,,,Welland River Basin,,River,,Welland River Basin,,Fish (22486),Muscle,,,UK,biota
21554,LIFE APEX,Real Sample,LIFE APEX 20 Roach Muscle from River Welland (Stamford Meadows),"Sun, 01/01/2017 - 22:00","Sun, 11/27/2016 - 22:00",LC-Bruker maXis QTOF: Submission #10,Northampton,UK,52.65425,-0.461188,1,Dry weight,Roach,,,Welland River Basin,,River,,Welland River Basin,,Fish (22486),Muscle,,,UK,biota
21555,LIFE APEX,Real Sample,LIFE APEX 19 Roach Muscle from River Thames (Standford-Abington),"Sun, 01/01/2017 - 22:00","Sun, 11/27/2016 - 22:00",LC-Bruker maXis QTOF: Submission #11,Northampton,UK,52.233289,-0.858002,1,Dry weight,Roach,,,Thames River Basin,,River,,Thames River Basin,,Fish (22486),Muscle,,,UK,biota
21556,LIFE APEX,Real Sample,LIFE APEX 19 Roach Muscle from River Thames (Standford-Abington),"Sun, 01/01/2017 - 22:00","Sun, 11/27/2016 - 22:00",LC-Bruker maXis QTOF: Submission #10,Northampton,UK,52.233289,-0.858002,1,Dry weight,Roach,,,Thames River Basin,,River,,Thames River Basin,,Fish (22486),Muscle,,,UK,biota
21557,LIFE APEX,Real Sample,LIFE APEX 18 Roach Muscle from River Anker (Stationfields),"Sun, 01/01/2017 - 22:00","Sun, 11/27/2016 - 22:00",LC-Bruker maXis QTOF: Submission #11,Tamworth,UK,52.63664,-1.682843,1,Dry weight,Roach,,,Anker River Basin,,River,,Anker River Basin,,Fish (22486),Muscle,,,UK,biota
21558,LIFE APEX,Real Sample,LIFE APEX 18 Roach Muscle from River Anker (Stationfields),"Sun, 01/01/2017 - 22:00","Sun, 11/27/2016 - 22:00",LC-Bruker maXis QTOF: Submission #10,Tamworth,UK,52.63664,-1.682843,1,Dry weight,Roach,,,Anker River Basin,,River,,Anker River Basin,,Fish (22486),Muscle,,,UK,biota
21559,LIFE APEX,Real Sample,LIFE APEX 17 Roach Muscle from River Lea (Wheathampstead),"Fri, 01/01/2016 - 22:00","Fri, 11/27/2015 - 22:00",LC-Bruker maXis QTOF: Submission #11,Luton,UK,51.813566,-0.292979,1,Dry weight,Roach,,,Lea River Basin,,River,,Lea River Basin,,Fish (22486),Muscle,,,UK,biota
21560,LIFE APEX,Real Sample,LIFE APEX 17 Roach Muscle from River Lea (Wheathampstead),"Fri, 01/01/2016 - 22:00","Fri, 11/27/2015 - 22:00",LC-Bruker maXis QTOF: Submission #10,Luton,UK,51.813566,-0.292979,1,Dry weight,Roach,,,Lea River Basin,,River,,Lea River Basin,,Fish (22486),Muscle,,,UK,biota
21561,LIFE APEX,Real Sample,LIFE APEX 16 Roach Muscle from River Thames (Shepperton-Sunbury),"Fri, 01/01/2016 - 22:00","Fri, 11/27/2015 - 22:00",LC-Bruker maXis QTOF: Submission #11,London,UK,51.386399,-0.451476,1,Dry weight,Roach,,,Thames River Basin,,River,,Thames River Basin,,Fish (22486),Muscle,,,Canada,biota
21562,LIFE APEX,Real Sample,LIFE APEX 16 Roach Muscle from River Thames (Shepperton-Sunbury),"Fri, 01/01/2016 - 22:00","Fri, 11/27/2015 - 22:00",LC-Bruker maXis QTOF: Submission #10,London,UK,51.386399,-0.451476,1,Dry weight,Roach,,,Thames River Basin,,River,,Thames River Basin,,Fish (22486),Muscle,,,Canada,biota
21563,LIFE APEX,Real Sample,LIFE APEX 15 Buzzard liver from South Wales-Somerset-Hertfordshire,"Sun, 01/01/2017 - 22:00","Sun, 11/27/2016 - 22:00",LC-Bruker maXis QTOF: Submission #11,Oxford,UK,51.76,-1.26,1,Dry weight,Buzzard,,,South Wales-Somerset-Hertfordshire,,Terrestrial environment,,South Wales-Somerset-Hertfordshire,,Other (22510),Liver,,,UK,biota
21564,LIFE APEX,Real Sample,LIFE APEX 15 Buzzard liver from South Wales-Somerset-Hertfordshire,"Sun, 01/01/2017 - 22:00","Sun, 11/27/2016 - 22:00",LC-Bruker maXis QTOF: Submission #10,Oxford,UK,51.76,-1.26,1,Dry weight,Buzzard,,,South Wales-Somerset-Hertfordshire,,Terrestrial environment,,South Wales-Somerset-Hertfordshire,,Other (22510),Liver,,,UK,biota
21565,LIFE APEX,Real Sample,LIFE APEX 14 Buzzard liver from Sussex-Hampshire,"Sun, 01/01/2017 - 22:00","Sun, 11/27/2016 - 22:00",LC-Bruker maXis QTOF: Submission #11,Farnborough,UK,50.943334,-0.924196,1,Dry weight,Buzzard,,,Sussex/Hampshire,,Terrestrial environment,,Sussex/Hampshire,,Other (22510),Liver,,,UK,biota
21566,LIFE APEX,Real Sample,LIFE APEX 14 Buzzard liver from Sussex-Hampshire,"Sun, 01/01/2017 - 22:00","Sun, 11/27/2016 - 22:00",LC-Bruker maXis QTOF: Submission #10,Farnborough,UK,50.943334,-0.924196,1,Dry weight,Buzzard,,,Sussex/Hampshire,,Terrestrial environment,,Sussex/Hampshire,,Other (22510),Liver,,,UK,biota
21567,LIFE APEX,Real Sample,LIFE APEX 13 Buzzard liver from East Anglia,"Sun, 01/01/2017 - 22:00","Sun, 11/27/2016 - 22:00",LC-Bruker maXis QTOF: Submission #11,Norwich,UK,52.631445,1.302006,1,Dry weight,Buzzard,,,East Anglia,,Terrestrial environment,,East Anglia,,Other (22510),Liver,,,UK,biota
21568,LIFE APEX,Real Sample,LIFE APEX 13 Buzzard liver from East Anglia,"Sun, 01/01/2017 - 22:00","Sun, 11/27/2016 - 22:00",LC-Bruker maXis QTOF: Submission #10,Norwich,UK,52.631445,1.302006,1,Dry weight,Buzzard,,,East Anglia,,Terrestrial environment,,East Anglia,,Other (22510),Liver,,,UK,biota
21569,LIFE APEX,Real Sample,LIFE APEX 12 Buzzard liver from South Lincolnshire,"Sun, 01/01/2017 - 22:00","Sun, 11/27/2016 - 22:00",LC-Bruker maXis QTOF: Submission #11,Lincoln,UK,53.229319,-0.293403,1,Dry weight,Buzzard,,,South Lincolnshire,,Terrestrial environment,,South Lincolnshire,,Other (22510),Liver,,,UK,biota
21570,LIFE APEX,Real Sample,LIFE APEX 12 Buzzard liver from South Lincolnshire,"Sun, 01/01/2017 - 22:00","Sun, 11/27/2016 - 22:00",LC-Bruker maXis QTOF: Submission #10,Lincoln,UK,53.229319,-0.293403,1,Dry weight,Buzzard,,,South Lincolnshire,,Terrestrial environment,,South Lincolnshire,,Other (22510),Liver,,,UK,biota
21571,LIFE APEX,Real Sample,LIFE APEX 11 Buzzard liver from the Wash,"Sun, 01/01/2017 - 22:00","Sun, 11/27/2016 - 22:00",LC-Bruker maXis QTOF: Submission #11,Peterborough,UK,52.91546,0.248173,1,Dry weight,Buzzard,,,Wash,,Terrestrial environment,,Wash,,Other (22510),Liver,,,Canada,biota
21572,LIFE APEX,Real Sample,LIFE APEX 11 Buzzard liver from the Wash,"Sun, 01/01/2017 - 22:00","Sun, 11/27/2016 - 22:00",LC-Bruker maXis QTOF: Submission #10,Peterborough,UK,52.91546,0.248173,1,Dry weight,Buzzard,,,Wash,,Terrestrial environment,,Wash,,Other (22510),Liver,,,Canada,biota
21573,LIFE APEX,Blank Sample,Procedural Blank for LIFE APEX Tier 1 Batch 2,"Sun, 01/01/2017 - 22:00","Sun, 11/27/2016 - 22:00",LC-Bruker maXis QTOF: Submission #11,London,UK,51.52,-0.1,1,Dry weight,,,,,,River,,,,Other (22510),Other,,,Canada,biota
21574,LIFE APEX,Blank Sample,Procedural Blank for LIFE APEX Tier 1 Batch 2,"Sun, 01/01/2017 - 22:00","Sun, 11/27/2016 - 22:00",LC-Bruker maXis QTOF: Submission #10,London,UK,51.52,-0.1,1,Dry weight,,,,,,River,,,,Other (22510),Other,,,Canada,biota
21575,LIFE APEX,Real Sample,LIFE APEX 10 Eelpout Muscle from North Sea Meldorfer Bucht,"Thu, 01/01/2015 - 22:00","Thu, 11/27/2014 - 22:00",LC-Bruker maXis QTOF: Submission #11,Cuxhaven,Germany,53.87,8.69,1,Dry weight,Eelpout,,,North Sea,,Coastal region,,North Sea,,Fish (22486),Muscle,,,Germany,biota
21576,LIFE APEX,Real Sample,LIFE APEX 10 Eelpout Muscle from North Sea Meldorfer Bucht,"Thu, 01/01/2015 - 22:00","Thu, 11/27/2014 - 22:00",LC-Bruker maXis QTOF: Submission #10,Cuxhaven,Germany,53.87,8.69,1,Dry weight,Eelpout,,,North Sea,,Coastal region,,North Sea,,Fish (22486),Muscle,,,Germany,biota
21577,LIFE APEX,Real Sample,LIFE APEX 09 Eelpout Muscle from Baltic Sea Darsser Ort,"Thu, 01/01/2015 - 22:00","Thu, 11/27/2014 - 22:00",LC-Bruker maXis QTOF: Submission #11,Ribnitz-Damgarten,Germany,54.24,12.43,1,Dry weight,Eelpout,,,Baltic Sea,,Coastal region,,Baltic Sea,,Fish (22486),Muscle,,,Germany,biota
21578,LIFE APEX,Real Sample,LIFE APEX 09 Eelpout Muscle from Baltic Sea Darsser Ort,"Thu, 01/01/2015 - 22:00","Thu, 11/27/2014 - 22:00",LC-Bruker maXis QTOF: Submission #10,Ribnitz-Damgarten,Germany,54.24,12.43,1,Dry weight,Eelpout,,,Baltic Sea,,Coastal region,,Baltic Sea,,Fish (22486),Muscle,,,Germany,biota
21579,LIFE APEX,Real Sample,LIFE APEX 08 Eelpout Muscle from North Sea Varel Mellum,"Thu, 01/01/2015 - 22:00","Thu, 11/27/2014 - 22:00",LC-Bruker maXis QTOF: Submission #11,Wilhelmshaven,Germany,53.54,8.11,1,Dry weight,Eelpout,,,North Sea,,Coastal region,,North Sea,,Fish (22486),Muscle,,,Germany,biota
21580,LIFE APEX,Real Sample,LIFE APEX 08 Eelpout Muscle from North Sea Varel Mellum,"Thu, 01/01/2015 - 22:00","Thu, 11/27/2014 - 22:00",LC-Bruker maXis QTOF: Submission #10,Wilhelmshaven,Germany,53.54,8.11,1,Dry weight,Eelpout,,,North Sea,,Coastal region,,North Sea,,Fish (22486),Muscle,,,Germany,biota
21581,LIFE APEX,Real Sample,LIFE APEX 07 Herring gull eggs from North Sea Trischen,"Thu, 01/01/2015 - 22:00","Thu, 11/27/2014 - 22:00",LC-Bruker maXis QTOF: Submission #11,Cuxhaven,Germany,53.87,8.69,1,Dry weight,Herring gull,,,North sea,,River,,North sea,,Other (22510),Other,,,Germany,biota
21582,LIFE APEX,Real Sample,LIFE APEX 07 Herring gull eggs from North Sea Trischen,"Thu, 01/01/2015 - 22:00","Thu, 11/27/2014 - 22:00",LC-Bruker maXis QTOF: Submission #10,Cuxhaven,Germany,53.87,8.69,1,Dry weight,Herring gull,,,North sea,,River,,North sea,,Other (22510),Other,,,Germany,biota
21583,LIFE APEX,Real Sample,LIFE APEX 06 Herring gull eggs from North Sea Mellum,"Thu, 01/01/2015 - 22:00","Thu, 11/27/2014 - 22:00",LC-Bruker maXis QTOF: Submission #11,Wilhelmshaven,Germany,53.54,8.11,1,Dry weight,Herring gull,,,North sea,,River,,North sea,,Other (22510),Other,,,Germany,biota
21584,LIFE APEX,Real Sample,LIFE APEX 06 Herring gull eggs from North Sea Mellum,"Thu, 01/01/2015 - 22:00","Thu, 11/27/2014 - 22:00",LC-Bruker maXis QTOF: Submission #10,Wilhelmshaven,Germany,53.54,8.11,1,Dry weight,Herring gull,,,North sea,,River,,North sea,,Other (22510),Other,,,Germany,biota
21585,LIFE APEX,Real Sample,LIFE APEX 05 Bream Muscle from Saar Gudingen,"Thu, 01/01/2015 - 22:00","Thu, 11/27/2014 - 22:00",LC-Bruker maXis QTOF: Submission #11,Saarbrucken,Germany,49.25,6.97,1,Dry weight,Bream,,,Rhine river basin,,River,,Rhine river basin,,Fish (22486),Muscle,,,Germany,biota
21586,LIFE APEX,Real Sample,LIFE APEX 05 Bream Muscle from Saar Gudingen,"Thu, 01/01/2015 - 22:00","Thu, 11/27/2014 - 22:00",LC-Bruker maXis QTOF: Submission #10,Saarbrucken,Germany,49.25,6.97,1,Dry weight,Bream,,,Rhine river basin,,River,,Rhine river basin,,Fish (22486),Muscle,,,Germany,biota
21587,LIFE APEX,Real Sample,LIFE APEX 04 Bream Muscle from Belauer See,"Thu, 01/01/2015 - 22:00","Thu, 11/27/2014 - 22:00",LC-Bruker maXis QTOF: Submission #11,Neumunster,Germany,54.07,9.98,1,Dry weight,Bream,,,Belauer See,,Lake,,Belauer See,,Fish (22486),Muscle,,,Germany,biota
21588,LIFE APEX,Real Sample,LIFE APEX 04 Bream Muscle from Belauer See,"Thu, 01/01/2015 - 22:00","Thu, 11/27/2014 - 22:00",LC-Bruker maXis QTOF: Submission #10,Neumunster,Germany,54.07,9.98,1,Dry weight,Bream,,,Belauer See,,Lake,,Belauer See,,Fish (22486),Muscle,,,Germany,biota
21589,LIFE APEX,Real Sample,LIFE APEX 03 Bream Muscle from Rhine Bimmen,"Thu, 01/01/2015 - 22:00","Thu, 11/27/2014 - 22:00",LC-Bruker maXis QTOF: Submission #11,Emmerich,Germany,51.85,6.24,1,Dry weight,Bream,,,Rhine river basin,,River,,Rhine river basin,,Fish (22486),Muscle,,,Germany,biota
21590,LIFE APEX,Real Sample,LIFE APEX 03 Bream Muscle from Rhine Bimmen,"Thu, 01/01/2015 - 22:00","Thu, 11/27/2014 - 22:00",LC-Bruker maXis QTOF: Submission #10,Emmerich,Germany,51.85,6.24,1,Dry weight,Bream,,,Rhine river basin,,River,,Rhine river basin,,Fish (22486),Muscle,,,Germany,biota
21591,LIFE APEX,Real Sample,LIFE APEX 02 Bream Muscle from Elbe,"Thu, 01/01/2015 - 22:00","Thu, 11/27/2014 - 22:00",LC-Bruker maXis QTOF: Submission #11,Wittenberge,Germany,53.01,11.75,1,Dry weight,Bream,,,Elbe river basin,,Coastal region,,Elbe river basin,,Fish (22486),Muscle,,,Germany,biota
21592,LIFE APEX,Real Sample,LIFE APEX 02 Bream Muscle from Elbe,"Thu, 01/01/2015 - 22:00","Thu, 11/27/2014 - 22:00",LC-Bruker maXis QTOF: Submission #10,Wittenberge,Germany,53.01,11.75,1,Dry weight,Bream,,,Elbe river basin,,Coastal region,,Elbe river basin,,Fish (22486),Muscle,,,Germany,biota
21593,LIFE APEX,Real Sample,LIFE APEX 01 Bream Muscle from Danube Jochenstein,"Thu, 01/01/2015 - 22:00","Thu, 11/27/2014 - 22:00",LC-Bruker maXis QTOF: Submission #11,Dessau,Germany,51.83,12.22,1,Dry weight,Bream,,,Danube river basin,,Coastal region,,Danube river basin,,Fish (22486),Muscle,,,Germany,biota
21594,LIFE APEX,Real Sample,LIFE APEX 01 Bream Muscle from Danube Jochenstein,"Thu, 01/01/2015 - 22:00","Thu, 11/27/2014 - 22:00",LC-Bruker maXis QTOF: Submission #10,Dessau,Germany,51.83,12.22,1,Dry weight,Bream,,,Danube river basin,,Coastal region,,Danube river basin,,Fish (22486),Muscle,,,Germany,biota
21595,LIFE APEX,Blank Sample,Procedural Blank for LIFE APEX Tier 1 Batch 1,"Thu, 01/01/2015 - 22:00","Thu, 11/27/2014 - 22:00",LC-Bruker maXis QTOF: Submission #11,Berlin,Germany,52.52,13.38,0,Other,,,,,,Coastal region,,,,Other (22510),Other,,,Germany,biota
21596,LIFE APEX,Blank Sample,Procedural Blank for LIFE APEX Tier 1 Batch 1,"Thu, 01/01/2015 - 22:00","Thu, 11/27/2014 - 22:00",LC-Bruker maXis QTOF: Submission #10,Berlin,Germany,52.52,13.38,0,Other,,,,,,Coastal region,,,,Other (22510),Other,,,Germany,biota
