,sample_id,Collection,Sample type,Short name for contribution,Sampling date,Analysis date,Instrument setup used,Monitored City,Monitored country,Latitude,Longitude,Alive or not,Basis of measurement,Biota species name (in Latin),Distance from the river source (km),Fat content (% of total wet matter),"Name of river, estuary, lake, reservoir, sea",Number of orgnanisms,Origin of biota,Proxy pressures,River basin name,Size (mm),Species group,Tissue,Water content(%),Weight (kg),field_country,matrix,PC1,PC2
0,40,LIFE APEX,Real Sample,LIFE APEX 04 Bream Muscle from Belauer See,"Thu, 01/01/2015 - 00:00","Wed, 01/01/2020 - 00:00",LC-Bruker maXis QTOF: Submission #10,Neumunster,Germany,54.07,9.98,Yes,Wet weight,Abramis brama,,,Belauer See,,River,,,,,Muscle,,,Germany,biota,538.1563692832938,3006.4860665076867
1,21494,LIFE APEX,Real Sample,LIFE APEX 51 Otter liver from Skane,"Mon, 01/01/2018 - 22:00","Mon, 11/27/2017 - 22:00",LC-Bruker maXis QTOF: Submission #10,Malmo,Sweden,55.6989,13.034828,1,Dry weight,Otter,,,Skane,,River,,Skane,,Other (22510),Liver,,,Sweden,biota,3236.922401484786,643.4810888710448
2,19138,LIFE APEX,Real Sample,LIFE APEX 172 Short-beaked common dolphin liver pooled from Galicia,"Fri, 01/01/2016 - 22:00","Fri, 11/27/2015 - 22:00",LC-Bruker maXis QTOF: Submission #11,Santiago de Compostela,Spain,42.786558,-9.044288,1,Wet weight,Short-beaked common dolphin,,,,2.0,Marine environment,,,,Fish (22486),Liver,70.76452599,,Spain,biota,-2968.1234389616893,-576.357337145563
3,21540,LIFE APEX,Real Sample,LIFE APEX 27 Harbour Porpoise liver from UK 02,"Sun, 01/01/2017 - 22:00","Sun, 11/27/2016 - 22:00",LC-Bruker maXis QTOF: Submission #10,Kingston upon Hull,UK,53.248961,0.58746,1,Dry weight,Harbour Porpoise,,,Marine water of UK,,Marine environment,,Marine water of UK,,Fish (22486),Liver,,,UK,biota,2999.578056531397,1475.1816830258995
4,19091,LIFE APEX,Real Sample,LIFE APEX 159 Eurasian Otter liver pooled from Western Hungary,"Fri, 01/01/2016 - 22:00","Fri, 11/27/2015 - 22:00",LC-Bruker maXis QTOF: Submission #10,Zalaegerszeg,Hungary,46.864745,16.862463,1,Wet weight,Eurasian Otter,,,,3.0,Terrestrial environment,,,,Other (22510),Liver,71.52992421,,Hungary,biota,2775.2348041425407,-98.98576743912247
5,19999,LIFE APEX,Real Sample,LIFE APEX 72 Bream Muscle from Rhine Bimmen (2004),"Thu, 01/01/2004 - 22:00","Thu, 11/27/2003 - 22:00",LC-Bruker maXis QTOF: Submission #11,Bimmen,Germany,51.86051,6.071775,1,Wet weight,"Bream, Abramis brama",,,Rhine River,,River,,Rhine River Basin,,Fish (22486),Muscle,79.0,,Germany,biota,-2815.4481799132172,1046.9563032746282
6,19171,LIFE APEX,Real Sample,LIFE APEX 138 Grey Seal liver pooled from Baltic Sea,"Thu, 01/01/2015 - 22:00","Thu, 11/27/2014 - 22:00",LC-Bruker maXis QTOF: Submission #10,Husum,Germany,54.474786,9.007344,1,Wet weight,Grey Seal,,,,1.0,Marine environment,,,,Other (22510),Liver,74.57685002,,Germany,biota,2237.3018747216356,663.6982614116623
7,19156,LIFE APEX,Real Sample,LIFE APEX 163 Grey Seal liver pooled from east and north Scotland,"Thu, 01/01/2015 - 22:00","Thu, 11/27/2014 - 22:00",LC-Bruker maXis QTOF: Submission #11,Glasgow,UK,55.935933,-4.564525,1,Wet weight,Grey Seal,,,,6.0,Marine environment,,,,Other (22510),Liver,68.88072709,,UK,biota,-2684.238671356836,1599.708122019906
8,19977,LIFE APEX,Real Sample,LIFE APEX 82 Harbour Seal liver from North Sea (2002),"Tue, 01/01/2002 - 22:00","Tue, 11/27/2001 - 22:00",LC-Bruker maXis QTOF: Submission #11,Cuxhaven,Germany,54.082933,8.48307,1,Wet weight,"Harbour Seal, Phoca vitulina",,,North Sea,,Coastal region,,North Sea Basin,,Other (22510),Liver,67.0,,Germany,biota,-2880.7707882277014,-464.6968033262787
9,19052,LIFE APEX,Real Sample,"LIFE APEX 195 Buzzard liver pooled from Coimbra, Viseu","Sun, 02/02/2020 - 22:00","Sun, 12/29/2019 - 22:00",LC-Bruker maXis QTOF: Submission #11,Coimbra,Portugal,40.224815,-8.319192,1,Wet weight,Buzzard,,,,2.0,Terrestrial environment,,,,Bird (22511),Liver,72.0,,Portugal,biota,-2640.4918538909933,-1296.5017004688582
10,19099,LIFE APEX,Real Sample,LIFE APEX 153 Eurasian Otter liver pooled from Southern Bohemia,"Fri, 01/01/2016 - 22:00","Fri, 11/27/2015 - 22:00",LC-Bruker maXis QTOF: Submission #10,Brno,Czech Republic,49.237417,16.514217,1,Wet weight,Eurasian Otter,,,,2.0,Terrestrial environment,,,,Other (22510),Liver,68.02188089,,Czech Republic,biota,2778.216987994122,-426.83867047422837
11,19978,LIFE APEX,Real Sample,LIFE APEX 82 Harbour Seal liver from North Sea (2002),"Tue, 01/01/2002 - 22:00","Tue, 11/27/2001 - 22:00",LC-Bruker maXis QTOF: Submission #10,Cuxhaven,Germany,54.082933,8.48307,1,Wet weight,"Harbour Seal, Phoca vitulina",,,North Sea,,Coastal region,,North Sea Basin,,Other (22510),Liver,67.0,,Germany,biota,2612.1378484520483,-587.9736523327192
12,21587,LIFE APEX,Real Sample,LIFE APEX 04 Bream Muscle from Belauer See,"Thu, 01/01/2015 - 22:00","Thu, 11/27/2014 - 22:00",LC-Bruker maXis QTOF: Submission #11,Neumunster,Germany,54.07,9.98,1,Dry weight,Bream,,,Belauer See,,Lake,,Belauer See,,Fish (22486),Muscle,,,Germany,biota,-2774.7963101197815,568.3685114492066
13,21491,LIFE APEX,Real Sample,LIFE APEX 52 Otter liver from Norrbotten,"Mon, 01/01/2018 - 22:00","Mon, 11/27/2017 - 22:00",LC-Bruker maXis QTOF: Submission #11,Kiruna,Sweden,67.934516,20.379767,1,Dry weight,Otter,,,Norrbotten,,River,,Norrbotten,,Other (22510),Liver,,,Sweden,biota,-3017.454853040384,-541.482811500155
14,19974,LIFE APEX,Real Sample,LIFE APEX 84 Harbour Seal liver from North Sea (2004),"Thu, 01/01/2004 - 22:00","Thu, 11/27/2003 - 22:00",LC-Bruker maXis QTOF: Submission #10,Cuxhaven,Germany,54.082933,8.48307,1,Wet weight,"Harbour Seal, Phoca vitulina",,,North Sea,,Coastal region,,North Sea Basin,,Other (22510),Liver,72.0,,Germany,biota,2529.129717401474,-750.7896629227655
15,19971,LIFE APEX,Real Sample,LIFE APEX 85 Harbour Seal liver from North Sea (2005),"Sat, 01/01/2005 - 22:00","Sat, 11/27/2004 - 22:00",LC-Bruker maXis QTOF: Submission #11,Cuxhaven,Germany,54.082933,8.48307,1,Wet weight,"Harbour Seal, Phoca vitulina",,,North Sea,,Coastal region,,North Sea Basin,,Other (22510),Liver,69.0,,Germany,biota,-2887.327503463786,-516.1200958117081
16,19173,LIFE APEX,Real Sample,"LIFE APEX 137 White-tailed Sea Eagle Muscle pooled from Sodermanland, Uppland","Sun, 01/01/2017 - 22:00","Sun, 11/27/2016 - 22:00",LC-Bruker maXis QTOF: Submission #10,Uppsala,Sweden,59.837659,17.547826,1,Wet weight,White-tailed Sea Eagle,,,,2.0,Terrestrial environment,,,,Bird (22511),Muscle,67.0,,Sweden,biota,3266.03616359974,-1207.5693696118312
17,21483,LIFE APEX,Real Sample,LIFE APEX 56 Harbour Seal liver from Oresund,"Thu, 01/01/2015 - 22:00","Thu, 11/27/2014 - 22:00",LC-Bruker maXis QTOF: Submission #11,Malmo,Sweden,55.653598,12.900543,1,Dry weight,Otter Seal,,,Oresund,,Coastal region,,Oresund,,Other (22510),Liver,,,Sweden,biota,-3033.6074345557845,22.00103337525411
18,19940,LIFE APEX,Real Sample,LIFE APEX 100 Buzzard liver from England (2003),"Wed, 01/01/2003 - 22:00","Wed, 11/27/2002 - 22:00",LC-Bruker maXis QTOF: Submission #10,London,UK,51.329021,0.379717,0,Wet weight,"Buzzard, Buteo buteo",,,UK,,Terrestrial environment,,,,Other (22510),Liver,69.87417919,,Canada,biota,3505.544414797535,-1152.0915630371937
19,19902,LIFE APEX,Real Sample,"LIFE APEX 118 Otter liver from England and Wales (2003, 2004)","Thu, 01/01/2004 - 22:00","Thu, 11/27/2003 - 22:00",LC-Bruker maXis QTOF: Submission #10,London,UK,51.57467,-1.067028,0,Wet weight,"Eurasian Otter, Lutra lutra",,,UK,,River,,,,Other (22510),Liver,65.0,,Canada,biota,2406.066890719473,101.66922830484192
20,19113,LIFE APEX,Real Sample,LIFE APEX 146 Eurasian Otter liver pooled from Midlands England,"Sun, 01/01/2017 - 22:00","Sun, 11/27/2016 - 22:00",LC-Bruker maXis QTOF: Submission #10,Birmingham,UK,52.479417,-1.933885,1,Wet weight,Eurasian Otter,,,,3.0,Terrestrial environment,,,,Other (22510),Liver,68.16586162,,UK,biota,2892.639052639016,-399.62113233760823
21,19958,LIFE APEX,Real Sample,LIFE APEX 92 Harbour Seal liver from North Sea (2012),"Sun, 01/01/2012 - 22:00","Sun, 11/27/2011 - 22:00",LC-Bruker maXis QTOF: Submission #10,Cuxhaven,Germany,54.082933,8.48307,1,Wet weight,"Harbour Seal, Phoca vitulina",,,North Sea,,Coastal region,,North Sea Basin,,Other (22510),Liver,73.0,,Germany,biota,1799.5528809804969,447.06834349400293
22,21480,LIFE APEX,Real Sample,LIFE APEX 58 Grey Seal liver from Baltic Proper,"Sun, 01/01/2017 - 22:00","Sun, 11/27/2016 - 22:00",LC-Bruker maXis QTOF: Submission #10,Kalmar,Sweden,55.961274,16.058707,1,Dry weight,Grey Seal,,,Baltic Sea,,Coastal region,,Baltic Sea,,Other (22510),Liver,,,Sweden,biota,2698.0900321744894,2079.2363908834595
23,21589,LIFE APEX,Real Sample,LIFE APEX 03 Bream Muscle from Rhine Bimmen,"Thu, 01/01/2015 - 22:00","Thu, 11/27/2014 - 22:00",LC-Bruker maXis QTOF: Submission #11,Emmerich,Germany,51.85,6.24,1,Dry weight,Bream,,,Rhine river basin,,River,,Rhine river basin,,Fish (22486),Muscle,,,Germany,biota,-2663.8864930885957,526.7901714022273
24,43,LIFE APEX,Real Sample,LIFE APEX 07 Herring gull eggs from North Sea Trischen,"Thu, 01/01/2015 - 00:00","Wed, 01/01/2020 - 00:00",LC-Bruker maXis QTOF: Submission #10,Cuxhaven,Germany,53.87,8.69,Yes,Wet weight,,,,North sea,,River,,North sea,,,Egg,,,Germany,biota,427.1899924157463,3103.429846030213
25,19925,LIFE APEX,Real Sample,LIFE APEX 107 Buzzard liver from England (2013),"Tue, 01/01/2013 - 22:00","Tue, 11/27/2012 - 22:00",LC-Bruker maXis QTOF: Submission #11,London,UK,51.329021,0.379717,0,Wet weight,"Buzzard, Buteo buteo",,,UK,,Terrestrial environment,,,,Other (22510),Liver,71.55548958,,Canada,biota,-3017.625132955849,-889.225368466796
26,19169,LIFE APEX,Real Sample,"LIFE APEX 140 Bottlenose dolphin liver pooled from Pellestrina, Sestri Levante, Genova","Mon, 01/01/2018 - 22:00","Mon, 11/27/2017 - 22:00",LC-Bruker maXis QTOF: Submission #10,Genova,Italy,44.388246,8.990696,1,Wet weight,Bottlenose dolphin,,,,2.0,Marine environment,,,,Fish (22486),Liver,72.82337025,,Italy,biota,2823.8317074179035,260.05978315802
27,19992,LIFE APEX,Real Sample,LIFE APEX 76 Bream Muscle from Rhine Bimmen (2012),"Sun, 01/01/2012 - 22:00","Sun, 11/27/2011 - 22:00",LC-Bruker maXis QTOF: Submission #10,Bimmen,Germany,51.86051,6.071775,1,Wet weight,"Bream, Abramis brama",,,Rhine River,,River,,Rhine River Basin,,Fish (22486),Muscle,77.0,,Germany,biota,129.0337356160281,2395.6528441320147
28,19955,LIFE APEX,Real Sample,LIFE APEX 93 Harbour Seal liver from North Sea (2013),"Tue, 01/01/2013 - 22:00","Tue, 11/27/2012 - 22:00",LC-Bruker maXis QTOF: Submission #11,Cuxhaven,Germany,54.082933,8.48307,1,Wet weight,"Harbour Seal, Phoca vitulina",,,North Sea,,Coastal region,,North Sea Basin,,Other (22510),Liver,73.0,,Germany,biota,-2946.4623291932817,2.8193774168638552
29,21560,LIFE APEX,Real Sample,LIFE APEX 17 Roach Muscle from River Lea (Wheathampstead),"Fri, 01/01/2016 - 22:00","Fri, 11/27/2015 - 22:00",LC-Bruker maXis QTOF: Submission #10,Luton,UK,51.813566,-0.292979,1,Dry weight,Roach,,,Lea River Basin,,River,,Lea River Basin,,Fish (22486),Muscle,,,UK,biota,685.3878727443857,3140.9855647860513
30,19886,LIFE APEX,Real Sample,LIFE APEX 126 Otter liver from England and Wales (2013),"Tue, 01/01/2013 - 22:00","Tue, 11/27/2012 - 22:00",LC-Bruker maXis QTOF: Submission #10,London,UK,51.57467,-1.067028,0,Wet weight,"Eurasian Otter, Lutra lutra",,,UK,,River,,,,Other (22510),Liver,68.0,,Canada,biota,2702.41971033927,-771.4383538304177
31,19160,LIFE APEX,Real Sample,LIFE APEX 161 Striped dolphin liver pooled from Bay of Biscay,"Sun, 01/01/2017 - 22:00","Sun, 11/27/2016 - 22:00",LC-Bruker maXis QTOF: Submission #11,Bilbao,Spain,43.379766,-3.020877,1,Wet weight,Striped dolphin,,,,1.0,Marine environment,,,,Fish (22486),Liver,74.44633562,,Spain,biota,-2723.0826106122277,1176.949901924183
32,19935,LIFE APEX,Real Sample,LIFE APEX 102 Buzzard liver from England (2008),"Tue, 01/01/2008 - 22:00","Tue, 11/27/2007 - 22:00",LC-Bruker maXis QTOF: Submission #11,London,UK,51.329021,0.379717,0,Wet weight,"Buzzard, Buteo buteo",,,UK,,Terrestrial environment,,,,Other (22510),Liver,70.31883539,,Canada,biota,-3046.048449672408,-907.6786986015852
33,21529,LIFE APEX,Real Sample,LIFE APEX 32 Buzzard liver from Friesland,"Mon, 01/01/2018 - 22:00","Mon, 11/27/2017 - 22:00",LC-Bruker maXis QTOF: Submission #11,Leeuwarden,Netherlands,53.006056,5.567012,1,Dry weight,Buzzard,,,Friesland (NL),,Marine environment,,Friesland (NL),,Other (22510),Liver,,,Netherlands,biota,-2895.9492776942056,-748.589282155213
34,56,LIFE APEX,Real Sample,LIFE APEX 20 Roach Muscle from River Welland (Stamford Meadows),"Sun, 01/01/2017 - 00:00","Wed, 01/01/2020 - 00:00",LC-Bruker maXis QTOF: Submission #10,Northampton,UK,52.65425,-0.461188,Yes,Wet weight,Rutilus rutilus,,,Welland River,,River,,Welland River Basin,,Fish (22486),Muscle,,,UK,biota,5847.001130562031,-2799.7348597076048
35,19097,LIFE APEX,Real Sample,LIFE APEX 154 Eurasian Otter liver pooled from Southern Moravia,"Fri, 01/01/2016 - 22:00","Fri, 11/27/2015 - 22:00",LC-Bruker maXis QTOF: Submission #10,Brno,Czech Republic,49.104827,16.631006,1,Wet weight,Eurasian Otter,,,,3.0,Terrestrial environment,,,,Other (22510),Liver,68.67873375,,Czech Republic,biota,2759.1381164150425,-81.13343276956951
36,21465,LIFE APEX,Real Sample,LIFE APEX 63 Otter liver from Germany 01,"Mon, 01/01/2018 - 22:00","Mon, 11/27/2017 - 22:00",LC-Bruker maXis QTOF: Submission #11,Cuxhaven,Germany,53.985303,7.913999,1,Dry weight,Otter,,,North Sea,,Coastal region,,North Sea,,Other (22510),Liver,,,Germany,biota,-2925.3793963100443,-120.87631541140848
37,21464,LIFE APEX,Real Sample,LIFE APEX 64 Otter liver from Plon,"Sun, 01/01/2017 - 22:00","Sun, 11/27/2016 - 22:00",LC-Bruker maXis QTOF: Submission #10,Ascheberg,Germany,54.153311,10.42232,1,Dry weight,Otter,,,Ploner Lake,,River,,Ploner Lake,,Other (22510),Liver,,,Germany,biota,843.70897780887,1312.4581035143744
38,47,LIFE APEX,Real Sample,LIFE APEX 11 Buzzard liver from the Wash,"Sun, 01/01/2017 - 00:00","Wed, 01/01/2020 - 00:00",LC-Bruker maXis QTOF: Submission #10,Peterborough,Germany,52.91546,0.248173,No,Wet weight,Steppe buzzard,,,Wash,,Terrestrial environment,,Wash,,,Liver,,,Canada,biota,4131.648342987122,253.03905278598882
39,19963,LIFE APEX,Real Sample,LIFE APEX 89 Harbour Seal liver from North Sea (2009),"Thu, 01/01/2009 - 22:00","Thu, 11/27/2008 - 22:00",LC-Bruker maXis QTOF: Submission #11,Cuxhaven,Germany,54.082933,8.48307,1,Wet weight,"Harbour Seal, Phoca vitulina",,,North Sea,,Coastal region,,North Sea Basin,,Other (22510),Liver,74.0,,Germany,biota,-2905.580312137467,229.22546434569847
40,19982,LIFE APEX,Real Sample,LIFE APEX 80 Harbour Seal liver from North Sea (2000),"Sat, 01/01/2000 - 22:00","Sat, 11/27/1999 - 22:00",LC-Bruker maXis QTOF: Submission #10,Cuxhaven,Germany,54.082933,8.48307,1,Wet weight,"Harbour Seal, Phoca vitulina",,,North Sea,,Coastal region,,North Sea Basin,,Other (22510),Liver,70.0,,Germany,biota,2827.828036425614,-710.8290755740525
41,19139,LIFE APEX,Real Sample,LIFE APEX 172 Short-beaked common dolphin liver pooled from Galicia,"Fri, 01/01/2016 - 22:00","Fri, 11/27/2015 - 22:00",LC-Bruker maXis QTOF: Submission #10,Santiago de Compostela,Spain,42.786558,-9.044288,1,Wet weight,Short-beaked common dolphin,,,,2.0,Marine environment,,,,Fish (22486),Liver,70.76452599,,Spain,biota,2412.701270072891,752.1743363475528
42,19070,LIFE APEX,Real Sample,LIFE APEX 186 Buzzard liver pooled from Madrid,"Sun, 02/02/2020 - 22:00","Sun, 12/29/2019 - 22:00",LC-Bruker maXis QTOF: Submission #11,Madrid,Spain,40.707833,-3.853027,1,Wet weight,Buzzard,,,,3.0,Terrestrial environment,,,,Bird (22511),Liver,72.30854819,,Spain,biota,-2425.292006849302,-1904.4969098839151
43,20002,LIFE APEX,Real Sample,LIFE APEX 71 Bream Muscle from Rhine Bimmen (2002),"Tue, 01/01/2002 - 22:00","Tue, 11/27/2001 - 22:00",LC-Bruker maXis QTOF: Submission #10,Bimmen,Germany,51.86051,6.071775,1,Wet weight,"Bream, Abramis brama",,,Rhine River,,River,,Rhine River Basin,,Fish (22486),Muscle,82.0,,Germany,biota,510.51882328208296,2422.276605984687
44,19063,LIFE APEX,Real Sample,"LIFE APEX 190 Buzzard liver pooled from Reutlingen, Oberhausen, Lichtenstein","Mon, 01/01/2018 - 22:00","Mon, 11/27/2017 - 22:00",LC-Bruker maXis QTOF: Submission #10,Reutlingen,Germany,48.466091,9.165925,1,Wet weight,Buzzard,,,,3.0,Terrestrial environment,,,,Bird (22511),Liver,73.0,,Germany,biota,5325.283006835041,-2839.887635602617
45,21569,LIFE APEX,Real Sample,LIFE APEX 12 Buzzard liver from South Lincolnshire,"Sun, 01/01/2017 - 22:00","Sun, 11/27/2016 - 22:00",LC-Bruker maXis QTOF: Submission #11,Lincoln,UK,53.229319,-0.293403,1,Dry weight,Buzzard,,,South Lincolnshire,,Terrestrial environment,,South Lincolnshire,,Other (22510),Liver,,,UK,biota,-2895.008841290813,-802.2004730037265
46,19932,LIFE APEX,Real Sample,LIFE APEX 104 Buzzard liver from England (2010),"Fri, 01/01/2010 - 22:00","Fri, 11/27/2009 - 22:00",LC-Bruker maXis QTOF: Submission #10,London,UK,51.329021,0.379717,0,Wet weight,"Buzzard, Buteo buteo",,,UK,,Terrestrial environment,,,,Other (22510),Liver,70.0953795,,Canada,biota,3776.8072662327,-1411.3279821365848
47,21553,LIFE APEX,Real Sample,LIFE APEX 20 Roach Muscle from River Welland (Stamford Meadows),"Sun, 01/01/2017 - 22:00","Sun, 11/27/2016 - 22:00",LC-Bruker maXis QTOF: Submission #11,Northampton,UK,52.65425,-0.461188,1,Dry weight,Roach,,,Welland River Basin,,River,,Welland River Basin,,Fish (22486),Muscle,,,UK,biota,-2808.4188816707824,449.3367886721589
48,21482,LIFE APEX,Real Sample,LIFE APEX 57 Harbour Seal liver from Baltic Proper,"Fri, 01/01/2016 - 22:00","Fri, 11/27/2015 - 22:00",LC-Bruker maXis QTOF: Submission #10,Kalmar,Sweden,56.538313,17.286339,1,Dry weight,Otter Seal,,,Baltic Sea,,Coastal region,,Baltic Sea,,Other (22510),Liver,,,Sweden,biota,2941.590220886556,1198.1479824359444
49,21567,LIFE APEX,Real Sample,LIFE APEX 13 Buzzard liver from East Anglia,"Sun, 01/01/2017 - 22:00","Sun, 11/27/2016 - 22:00",LC-Bruker maXis QTOF: Submission #11,Norwich,UK,52.631445,1.302006,1,Dry weight,Buzzard,,,East Anglia,,Terrestrial environment,,East Anglia,,Other (22510),Liver,,,UK,biota,-2879.5185207213904,-1062.5250498688213
50,21495,LIFE APEX,Real Sample,LIFE APEX 50 Otter liver from Uppland,"Mon, 01/01/2018 - 22:00","Mon, 11/27/2017 - 22:00",LC-Bruker maXis QTOF: Submission #11,Stockholm,Sweden,59.319383,18.109282,1,Dry weight,Otter,,,Uppland,,River,,Uppland,,Other (22510),Liver,,,Sweden,biota,-2976.614089104719,-409.5802143490875
51,21545,LIFE APEX,Real Sample,LIFE APEX 24 Otter liver from East Anglia,"Fri, 01/01/2016 - 22:00","Fri, 11/27/2015 - 22:00",LC-Bruker maXis QTOF: Submission #11,Norwich,UK,52.604666,1.390054,1,Dry weight,Otter,,,East Anglia,,River,,East Anglia,,Other (22510),Liver,,,UK,biota,-2917.982375214125,-583.6830545618766
52,21517,LIFE APEX,Real Sample,LIFE APEX 39 Harbour Seal liver from Noord-Holland,"Mon, 01/01/2018 - 22:00","Mon, 11/27/2017 - 22:00",LC-Bruker maXis QTOF: Submission #11,Amsterdam,Netherlands,52.399878,5.075807,1,Dry weight,Harbour Seal,,,Noord-Holland,,Coastal region,,Noord-Holland,,Other (22510),Liver,,,Netherlands,biota,-2850.3870022706237,-857.3198219290122
53,19135,LIFE APEX,Real Sample,LIFE APEX 174 Bottlenose dolphin liver pooled from Galicia,"Thu, 01/01/2015 - 22:00","Thu, 11/27/2014 - 22:00",LC-Bruker maXis QTOF: Submission #10,Santiago de Compostela,Spain,42.677202,-9.036299,1,Wet weight,Bottlenose dolphin,,,,2.0,Marine environment,,,,Fish (22486),Liver,70.13206725,,Spain,biota,2284.8302853753116,410.8244336478548
54,21466,LIFE APEX,Real Sample,LIFE APEX 63 Otter liver from Germany 01,"Mon, 01/01/2018 - 22:00","Mon, 11/27/2017 - 22:00",LC-Bruker maXis QTOF: Submission #10,Cuxhaven,Germany,53.985303,7.913999,1,Dry weight,Otter,,,North Sea,,Coastal region,,North Sea,,Other (22510),Liver,,,Germany,biota,1304.0475224222964,1126.7958522230113
55,19118,LIFE APEX,Real Sample,LIFE APEX 143 Eurasian Otter liver pooled from Eastern Austria,"Sun, 01/01/2017 - 22:00","Sun, 11/27/2016 - 22:00",LC-Bruker maXis QTOF: Submission #11,Innsbruck,Austria,47.265963,11.276432,1,Wet weight,Eurasian Otter,,,,1.0,Terrestrial environment,,,,Other (22510),Liver,68.78474838,,Austria,biota,-2826.542461620911,266.3512010356362
56,19942,LIFE APEX,Real Sample,"LIFE APEX 99 Buzzard liver from England (2001, 2002)","Tue, 01/01/2002 - 22:00","Tue, 11/27/2001 - 22:00",LC-Bruker maXis QTOF: Submission #10,London,UK,51.329021,0.379717,0,Wet weight,"Buzzard, Buteo buteo",,,UK,,Terrestrial environment,,,,Other (22510),Liver,69.6424185,,Canada,biota,3486.977867785941,-1124.7543706166962
57,21486,LIFE APEX,Real Sample,LIFE APEX 55 Harbour Seal liver from Skagerrak,"Thu, 01/01/2015 - 22:00","Thu, 11/27/2014 - 22:00",LC-Bruker maXis QTOF: Submission #10,Goteborg,Sweden,58.488418,10.71067,1,Dry weight,Otter Seal,,,Skagerrak,,Coastal region,,Skagerrak,,Other (22510),Liver,,,Sweden,biota,3011.0561179038027,1218.7286045739327
58,21585,LIFE APEX,Real Sample,LIFE APEX 05 Bream Muscle from Saar Gudingen,"Thu, 01/01/2015 - 22:00","Thu, 11/27/2014 - 22:00",LC-Bruker maXis QTOF: Submission #11,Saarbrucken,Germany,49.25,6.97,1,Dry weight,Bream,,,Rhine river basin,,River,,Rhine river basin,,Fish (22486),Muscle,,,Germany,biota,-2800.1240217566196,613.9938968506938
59,21552,LIFE APEX,Real Sample,LIFE APEX 21 Otter liver from Solent and South Downs,"Fri, 01/01/2016 - 22:00","Fri, 11/27/2015 - 22:00",LC-Bruker maXis QTOF: Submission #10,Portsmouth,UK,50.829329,-1.120705,1,Dry weight,Otter,,,Solent and South Downs,,Coastal region,,Solent and South Downs,,Other (22510),Liver,,,UK,biota,3432.4250673769225,453.7199962986928
60,19987,LIFE APEX,Real Sample,LIFE APEX 78 Bream Muscle from Rhine Bimmen (2016),"Fri, 01/01/2016 - 22:00","Fri, 11/27/2015 - 22:00",LC-Bruker maXis QTOF: Submission #11,Bimmen,Germany,51.86051,6.071775,1,Wet weight,"Bream, Abramis brama",,,Rhine River,,River,,Rhine River Basin,,Fish (22486),Muscle,80.0,,Germany,biota,-2718.4680394698157,823.8189416672012
61,19080,LIFE APEX,Real Sample,"LIFE APEX 181 Buzzard liver pooled from Andros, Crete","Fri, 01/01/2016 - 22:00","Fri, 11/27/2015 - 22:00",LC-Bruker maXis QTOF: Submission #11,Heraklion,Greece,35.225485,25.138778,1,Wet weight,Buzzard,,,,1.0,Terrestrial environment,,,,Bird (22511),Liver,75.63140866,,Greece,biota,-2798.390108400313,-1633.1088406298254
62,19892,LIFE APEX,Real Sample,LIFE APEX 123 Otter liver from England and Wales (2010),"Fri, 01/01/2010 - 22:00","Fri, 11/27/2009 - 22:00",LC-Bruker maXis QTOF: Submission #10,London,UK,51.57467,-1.067028,0,Wet weight,"Eurasian Otter, Lutra lutra",,,UK,,River,,,,Other (22510),Liver,66.0,,Canada,biota,2830.6097264509776,-853.2575479616625
63,19946,LIFE APEX,Real Sample,LIFE APEX 98 Harbour Seal liver from North Sea (2018),"Mon, 01/01/2018 - 22:00","Mon, 11/27/2017 - 22:00",LC-Bruker maXis QTOF: Submission #10,Cuxhaven,Germany,54.082933,8.48307,1,Wet weight,"Harbour Seal, Phoca vitulina",,,North Sea,,Coastal region,,North Sea Basin,,Other (22510),Liver,68.0,,Germany,biota,2240.728451769575,-442.2751217029725
64,19152,LIFE APEX,Real Sample,LIFE APEX 165 Harbour Porpoise liver pooled from east and north and west Scotland,"Mon, 01/01/2018 - 22:00","Mon, 11/27/2017 - 22:00",LC-Bruker maXis QTOF: Submission #11,Glasgow,UK,55.927337,-4.486307,1,Wet weight,Harbour Porpoise,,,,7.0,Marine environment,,,,Fish (22486),Liver,69.26636388,,UK,biota,-2557.2406395203207,-1327.7684580363189
65,19884,LIFE APEX,Real Sample,LIFE APEX 127 Otter liver from England and Wales (2014),"Wed, 01/01/2014 - 22:00","Wed, 11/27/2013 - 22:00",LC-Bruker maXis QTOF: Submission #10,London,UK,51.57467,-1.067028,0,Wet weight,"Eurasian Otter, Lutra lutra",,,UK,,River,,,,Other (22510),Liver,67.0,,Canada,biota,2917.0628439460033,-1109.8450436221858
66,19081,LIFE APEX,Real Sample,"LIFE APEX 181 Buzzard liver pooled from Andros, Crete","Fri, 01/01/2016 - 22:00","Fri, 11/27/2015 - 22:00",LC-Bruker maXis QTOF: Submission #10,Heraklion,Greece,35.225485,25.138778,1,Wet weight,Buzzard,,,,1.0,Terrestrial environment,,,,Bird (22511),Liver,75.63140866,,Greece,biota,5013.28528965644,-1492.1213446205718
67,21551,LIFE APEX,Real Sample,LIFE APEX 21 Otter liver from Solent and South Downs,"Fri, 01/01/2016 - 22:00","Fri, 11/27/2015 - 22:00",LC-Bruker maXis QTOF: Submission #11,Portsmouth,UK,50.829329,-1.120705,1,Dry weight,Otter,,,Solent and South Downs,,Coastal region,,Solent and South Downs,,Other (22510),Liver,,,UK,biota,-2911.419104445562,-1315.2963993464061
68,19114,LIFE APEX,Real Sample,LIFE APEX 145 Eurasian Otter liver pooled from North England,"Fri, 01/01/2016 - 22:00","Fri, 11/27/2015 - 22:00",LC-Bruker maXis QTOF: Submission #11,Liverpool,UK,53.479349,-3.045326,1,Wet weight,Eurasian Otter,,,,2.0,Terrestrial environment,,,,Other (22510),Liver,67.01996861,,UK,biota,-2702.8447352588805,-1271.5585505510717
69,21471,LIFE APEX,Real Sample,LIFE APEX 60 Harbour Seal liver from Busum 01,"Thu, 01/01/2015 - 22:00","Thu, 11/27/2014 - 22:00",LC-Bruker maXis QTOF: Submission #11,Heide,Germany,54.119344,8.872848,1,Dry weight,Harbour Seal,,,North Sea,,Coastal region,,North Sea,,Other (22510),Liver,,,Germany,biota,-2959.2591316190624,931.5864640548637
70,19116,LIFE APEX,Real Sample,LIFE APEX 144 Eurasian Otter liver pooled from Wales,"Thu, 01/01/2015 - 22:00","Thu, 11/27/2014 - 22:00",LC-Bruker maXis QTOF: Submission #11,Cardiff,UK,51.464898,-3.13467,1,Wet weight,Eurasian Otter,,,,1.0,Terrestrial environment,,,,Other (22510),Liver,67.50842257,,UK,biota,-2861.3887168507426,225.3394529569599
71,21571,LIFE APEX,Real Sample,LIFE APEX 11 Buzzard liver from the Wash,"Sun, 01/01/2017 - 22:00","Sun, 11/27/2016 - 22:00",LC-Bruker maXis QTOF: Submission #11,Peterborough,UK,52.91546,0.248173,1,Dry weight,Buzzard,,,Wash,,Terrestrial environment,,Wash,,Other (22510),Liver,,,Canada,biota,-2839.1625733576298,-850.3187534168803
72,19147,LIFE APEX,Real Sample,LIFE APEX 168 Ringed Seal liver pooled from Olav V Land,"Sun, 02/02/2020 - 22:00","Sun, 12/29/2019 - 22:00",LC-Bruker maXis QTOF: Submission #10,Longyearbyen,Norway,78.236198,15.563032,1,Wet weight,Ringed Seal,,,,2.0,Marine environment,,,,Fish (22486),Liver,69.2612674,,Norway,biota,2556.5503646305233,607.8478267122871
73,42,LIFE APEX,Real Sample,LIFE APEX 06 Herring gull eggs from North Sea Mellum,"Thu, 01/01/2015 - 00:00","Wed, 01/01/2020 - 00:00",LC-Bruker maXis QTOF: Submission #10,Wilhelmshaven,Germany,53.54,8.11,Yes,Wet weight,Herring gull eggs,,,North sea,,Herring gull eggs,,North sea,,,Egg,,,Germany,biota,692.9312659775055,3160.448721085138
74,19928,LIFE APEX,Real Sample,LIFE APEX 106 Buzzard liver from England (2012),"Sun, 01/01/2012 - 22:00","Sun, 11/27/2011 - 22:00",LC-Bruker maXis QTOF: Submission #10,London,UK,51.329021,0.379717,0,Wet weight,"Buzzard, Buteo buteo",,,UK,,Terrestrial environment,,,,Other (22510),Liver,71.83446945,,Canada,biota,3571.413172054418,-941.6327010790201
75,21538,LIFE APEX,Real Sample,LIFE APEX 27 Harbour Porpoise liver from UK 03,"Tue, 01/01/2019 - 22:00","Tue, 11/27/2018 - 22:00",LC-Bruker maXis QTOF: Submission #10,Edinburgh,UK,56.149104,-2.539179,1,Dry weight,Harbour Porpoise,,,Marine water of UK,,Marine environment,,Marine water of UK,,Fish (22486),Liver,,,UK,biota,2513.519036720661,1818.9814461534665
76,19880,LIFE APEX,Real Sample,LIFE APEX 129 Otter liver from England and Wales (2016),"Fri, 01/01/2016 - 22:00","Fri, 11/27/2015 - 22:00",LC-Bruker maXis QTOF: Submission #10,London,UK,51.57467,-1.067028,0,Wet weight,"Eurasian Otter, Lutra lutra",,,UK,,River,,,,Other (22510),Liver,68.82761586,,Canada,biota,2571.402927620005,-487.3642410126011
77,19877,LIFE APEX,Real Sample,LIFE APEX 130 Otter liver from England and Wales (2017),"Sun, 01/01/2017 - 22:00","Sun, 11/27/2016 - 22:00",LC-Bruker maXis QTOF: Submission #11,London,UK,51.57467,-1.067028,0,Wet weight,"Eurasian Otter, Lutra lutra",,,UK,,River,,,,Other (22510),Liver,68.67848587,,Canada,biota,-2917.6660716012993,-343.39564955485775
78,21473,LIFE APEX,Real Sample,LIFE APEX 59 Harbour Seal liver from Amrum,"Thu, 01/01/2015 - 22:00","Thu, 11/27/2014 - 22:00",LC-Bruker maXis QTOF: Submission #11,Husum,Germany,54.663544,8.356468,1,Dry weight,Harbour Seal,,,North Sea,,Coastal region,,North Sea,,Other (22510),Liver,,,Germany,biota,-3221.687737970012,-138.26568159333527
79,19981,LIFE APEX,Real Sample,LIFE APEX 80 Harbour Seal liver from North Sea (2000),"Sat, 01/01/2000 - 22:00","Sat, 11/27/1999 - 22:00",LC-Bruker maXis QTOF: Submission #11,Cuxhaven,Germany,54.082933,8.48307,1,Wet weight,"Harbour Seal, Phoca vitulina",,,North Sea,,Coastal region,,North Sea Basin,,Other (22510),Liver,70.0,,Germany,biota,-2901.8055392501037,-568.5172012846059
80,19898,LIFE APEX,Real Sample,LIFE APEX 120 Otter liver from England and Wales (2007),"Mon, 01/01/2007 - 22:00","Mon, 11/27/2006 - 22:00",LC-Bruker maXis QTOF: Submission #10,London,UK,51.57467,-1.067028,0,Wet weight,"Eurasian Otter, Lutra lutra",,,UK,,River,,,,Other (22510),Liver,68.0,,Canada,biota,2942.6594039147544,-1225.008052560224
81,19094,LIFE APEX,Real Sample,LIFE APEX 157 Eurasian Otter liver pooled from North-Eastern Hungary,"Sun, 01/01/2017 - 22:00","Sun, 11/27/2016 - 22:00",LC-Bruker maXis QTOF: Submission #11,Miskolc,Hungary,47.99092,20.876591,1,Wet weight,Eurasian Otter,,,,1.0,Terrestrial environment,,,,Other (22510),Liver,70.79743574,,Hungary,biota,-2807.9649850085407,-381.0585773775483
82,21507,LIFE APEX,Real Sample,LIFE APEX 44 Buzzard liver from Baden-Wurttemberg,"Mon, 01/01/2018 - 22:00","Mon, 11/27/2017 - 22:00",LC-Bruker maXis QTOF: Submission #11,Stuttgart,Germany,54.20943,12.816105,1,Dry weight,Buzzard,,,Baden-Wurttemberg,,Terrestrial environment,,Baden-Wurttemberg,,Other (22510),Liver,,,Germany,biota,-2859.840485056883,-441.3041817436345
83,19889,LIFE APEX,Real Sample,LIFE APEX 124 Otter liver from England and Wales (2011),"Sat, 01/01/2011 - 22:00","Sat, 11/27/2010 - 22:00",LC-Bruker maXis QTOF: Submission #11,London,UK,51.57467,-1.067028,0,Wet weight,"Eurasian Otter, Lutra lutra",,,UK,,River,,,,Other (22510),Liver,68.0,,Canada,biota,-2924.357270192098,-508.70115575693956
84,21576,LIFE APEX,Real Sample,LIFE APEX 10 Eelpout Muscle from North Sea Meldorfer Bucht,"Thu, 01/01/2015 - 22:00","Thu, 11/27/2014 - 22:00",LC-Bruker maXis QTOF: Submission #10,Cuxhaven,Germany,53.87,8.69,1,Dry weight,Eelpout,,,North Sea,,Coastal region,,North Sea,,Fish (22486),Muscle,,,Germany,biota,-60.64564291747968,3046.5970242168587
85,19975,LIFE APEX,Real Sample,LIFE APEX 83 Harbour Seal liver from North Sea (2003),"Wed, 01/01/2003 - 22:00","Wed, 11/27/2002 - 22:00",LC-Bruker maXis QTOF: Submission #11,Cuxhaven,Germany,54.082933,8.48307,1,Wet weight,"Harbour Seal, Phoca vitulina",,,North Sea,,Coastal region,,North Sea Basin,,Other (22510),Liver,72.0,,Germany,biota,-2896.76999118868,-393.44540601464576
86,19131,LIFE APEX,Real Sample,"LIFE APEX 178 Harbour Porpoise liver pooled from Belgium, France","Thu, 01/01/2015 - 22:00","Thu, 11/27/2014 - 22:00",LC-Bruker maXis QTOF: Submission #10,Antwerp,Belgium,51.414713,3.479625,1,Wet weight,Harbour Porpoise,,,,1.0,Marine environment,,,,Fish (22486),Liver,72.94562321,,Belgium,biota,2666.7744384986704,562.4438967715657
87,21510,LIFE APEX,Real Sample,LIFE APEX 43 Buzzard liver from Baden-Wurttemberg,"Mon, 01/01/2018 - 22:00","Mon, 11/27/2017 - 22:00",LC-Bruker maXis QTOF: Submission #10,Stuttgart,Germany,48.748195,9.26744,1,Dry weight,Buzzard,,,Baden-Wurttemberg,,Terrestrial environment,,Baden-Wurttemberg,,Other (22510),Liver,,,Germany,biota,3379.0511618564256,132.93402347433582
88,19956,LIFE APEX,Real Sample,LIFE APEX 93 Harbour Seal liver from North Sea (2013),"Tue, 01/01/2013 - 22:00","Tue, 11/27/2012 - 22:00",LC-Bruker maXis QTOF: Submission #10,Cuxhaven,Germany,54.082933,8.48307,1,Wet weight,"Harbour Seal, Phoca vitulina",,,North Sea,,Coastal region,,North Sea Basin,,Other (22510),Liver,73.0,,Germany,biota,1754.1795616256381,473.5232067731268
89,21537,LIFE APEX,Real Sample,LIFE APEX 27 Harbour Porpoise liver from UK 03,"Tue, 01/01/2019 - 22:00","Tue, 11/27/2018 - 22:00",LC-Bruker maXis QTOF: Submission #11,Edinburgh,UK,56.149104,-2.539179,1,Dry weight,Harbour Porpoise,,,Marine water of UK,,Marine environment,,Marine water of UK,,Fish (22486),Liver,,,UK,biota,-2789.803728289488,-407.4068576283991
90,19076,LIFE APEX,Real Sample,"LIFE APEX 183 Buzzard liver pooled from Central, South and West Slovenia","Thu, 01/01/2015 - 22:00","Thu, 11/27/2014 - 22:00",LC-Bruker maXis QTOF: Submission #11,Ljubljana,Slovenia,45.979648,14.492887,1,Wet weight,Buzzard,,,,1.0,Terrestrial environment,,,,Bird (22511),Liver,74.45485339,,Slovenia,biota,-2476.4611861152102,-2141.8710816760495
91,21499,LIFE APEX,Real Sample,LIFE APEX 48 Herring Muscle from Vaderoarna,"Mon, 01/01/2018 - 22:00","Mon, 11/27/2017 - 22:00",LC-Bruker maXis QTOF: Submission #11,Goteborg,Sweden,58.582636,11.075436,1,Dry weight,Herring,,,Vaderoarna,,Coastal region,,Vaderoarna,,Other (22510),Muscle,,,Sweden,biota,-2751.94830746584,291.9667305294157
92,19883,LIFE APEX,Real Sample,LIFE APEX 127 Otter liver from England and Wales (2014),"Wed, 01/01/2014 - 22:00","Wed, 11/27/2013 - 22:00",LC-Bruker maXis QTOF: Submission #11,London,UK,51.57467,-1.067028,0,Wet weight,"Eurasian Otter, Lutra lutra",,,UK,,River,,,,Other (22510),Liver,67.0,,Canada,biota,-2905.296353600811,-958.3144309662788
93,48,LIFE APEX,Real Sample,LIFE APEX 12 Buzzard liver from South Lincolnshire,"Sun, 01/01/2017 - 00:00","Wed, 01/01/2020 - 00:00",LC-Bruker maXis QTOF: Submission #10,Lincoln,Canada,53.229319,-0.293403,Yes,Wet weight,Buteo buteo,,,Witham River,,Terrestrial environment,,Witham River Basin,,,Liver,,,UK,biota,4354.812232590223,-10.547401608134223
94,21522,LIFE APEX,Real Sample,LIFE APEX 37 Otter liver from Augustinusga,"Mon, 01/01/2018 - 22:00","Mon, 11/27/2017 - 22:00",LC-Bruker maXis QTOF: Submission #10,Groningen,Netherlands,53.226344,6.167509,1,Dry weight,Otter,,,Augustinusga,,River,,Augustinusga,,Other (22510),Liver,,,Netherlands,biota,3961.310456194638,269.4551450258768
95,21498,LIFE APEX,Real Sample,LIFE APEX 49 Otter liver from Vastmanland-Orebro,"Mon, 01/01/2018 - 22:00","Mon, 11/27/2017 - 22:00",LC-Bruker maXis QTOF: Submission #10,Orebro,Sweden,59.430855,15.385376,1,Dry weight,Otter,,,Vastmanland-Orebro,,River,,Vastmanland-Orebro,,Other (22510),Liver,,,Sweden,biota,3173.2767086406766,655.3229945772173
96,19105,LIFE APEX,Real Sample,LIFE APEX 150 Eurasian Otter liver pooled from Jutland,"Thu, 01/01/2015 - 22:00","Thu, 11/27/2014 - 22:00",LC-Bruker maXis QTOF: Submission #10,Copenhagen,Denmark,55.606169,12.431239,1,Wet weight,Eurasian Otter,,,,2.0,Terrestrial environment,,,,Other (22510),Liver,71.52235932,,Denmark,biota,2653.082596118206,171.86207400540115
97,19995,LIFE APEX,Real Sample,LIFE APEX 74 Bream Muscle from Rhine Bimmen (2008),"Tue, 01/01/2008 - 22:00","Tue, 11/27/2007 - 22:00",LC-Bruker maXis QTOF: Submission #11,Bimmen,Germany,51.86051,6.071775,1,Wet weight,"Bream, Abramis brama",,,Rhine River,,River,,Rhine River Basin,,Fish (22486),Muscle,78.0,,Germany,biota,-2777.575885689182,861.9801360108559
98,19049,LIFE APEX,Real Sample,LIFE APEX 197 Buzzard liver pooled from Cluj-Napoca,"Tue, 01/01/2019 - 22:00","Tue, 11/27/2018 - 22:00",LC-Bruker maXis QTOF: Submission #10,Cluj-Napoca,Romania,46.733445,23.664026,1,Wet weight,Buzzard,,,,1.0,Terrestrial environment,,,,Bird (22511),Liver,72.0,,Romania,biota,5397.294503431206,-2691.2025690806045
99,21557,LIFE APEX,Real Sample,LIFE APEX 18 Roach Muscle from River Anker (Stationfields),"Sun, 01/01/2017 - 22:00","Sun, 11/27/2016 - 22:00",LC-Bruker maXis QTOF: Submission #11,Tamworth,UK,52.63664,-1.682843,1,Dry weight,Roach,,,Anker River Basin,,River,,Anker River Basin,,Fish (22486),Muscle,,,UK,biota,-2809.191442362289,118.59768762651031
100,21503,LIFE APEX,Real Sample,LIFE APEX 46 Herring Muscle from Angskarsklubb,"Mon, 01/01/2018 - 22:00","Mon, 11/27/2017 - 22:00",LC-Bruker maXis QTOF: Submission #11,Norrtalje,Sweden,59.767709,18.805003,1,Dry weight,Herring,,,Angskarsklubb,,Coastal region,,Angskarsklubb,,Other (22510),Muscle,,,Sweden,biota,-2784.6589821397683,-145.7836181944692
101,19089,LIFE APEX,Real Sample,LIFE APEX 175 Eurasian Otter liver pooled from Kalmar-Ostergotlands lan,"Fri, 01/01/2016 - 22:00","Fri, 11/27/2015 - 22:00",LC-Bruker maXis QTOF: Submission #10,Kalmar,Sweden,56.654015,16.347488,1,Wet weight,Eurasian Otter,,,,3.0,Terrestrial environment,,,,Other (22510),Liver,69.71317886,,Sweden,biota,2829.424314971694,-54.96537869866729
102,21570,LIFE APEX,Real Sample,LIFE APEX 12 Buzzard liver from South Lincolnshire,"Sun, 01/01/2017 - 22:00","Sun, 11/27/2016 - 22:00",LC-Bruker maXis QTOF: Submission #10,Lincoln,UK,53.229319,-0.293403,1,Dry weight,Buzzard,,,South Lincolnshire,,Terrestrial environment,,South Lincolnshire,,Other (22510),Liver,,,UK,biota,3900.6443973861415,353.2922090198703
103,21525,LIFE APEX,Real Sample,LIFE APEX 35 Otter liver from Zevenhuizen,"Mon, 01/01/2018 - 22:00","Mon, 11/27/2017 - 22:00",LC-Bruker maXis QTOF: Submission #11,Zevenhuizen-Moerkapelle,Netherlands,52.026211,4.558007,1,Dry weight,Otter,,,Zevenhuizen,,River,,Zevenhuizen,,Other (22510),Liver,,,Netherlands,biota,-2967.143207827024,-490.1696488239427
104,19931,LIFE APEX,Real Sample,LIFE APEX 104 Buzzard liver from England (2010),"Fri, 01/01/2010 - 22:00","Fri, 11/27/2009 - 22:00",LC-Bruker maXis QTOF: Submission #11,London,UK,51.329021,0.379717,0,Wet weight,"Buzzard, Buteo buteo",,,UK,,Terrestrial environment,,,,Other (22510),Liver,70.0953795,,Canada,biota,-2938.3782143240405,-933.3769791861084
105,19082,LIFE APEX,Real Sample,"LIFE APEX 180 Buzzard liver pooled from Presov, Kosice, Trebisov, Humenne","Mon, 01/01/2018 - 22:00","Mon, 11/27/2017 - 22:00",LC-Bruker maXis QTOF: Submission #11,Kosice,Slovakia,48.808014,21.190465,1,Wet weight,Buzzard,,,,1.0,Terrestrial environment,,,,Bird (22511),Liver,72.07331331,,Slovakia,biota,-2507.7566500129265,-1477.3768887745182
106,19912,LIFE APEX,Real Sample,LIFE APEX 114 Buzzard liver from England (2013),"Tue, 01/01/2013 - 22:00","Tue, 11/27/2012 - 22:00",LC-Bruker maXis QTOF: Submission #10,London,UK,51.329021,0.379717,0,Wet weight,"Buzzard, Buteo buteo",,,UK,,Terrestrial environment,,,,Other (22510),Liver,73.64956985,,Canada,biota,3447.419126337577,-873.6190484260637
107,21497,LIFE APEX,Real Sample,LIFE APEX 49 Otter liver from Vastmanland-Orebro,"Mon, 01/01/2018 - 22:00","Mon, 11/27/2017 - 22:00",LC-Bruker maXis QTOF: Submission #11,Orebro,Sweden,59.430855,15.385376,1,Dry weight,Otter,,,Vastmanland-Orebro,,River,,Vastmanland-Orebro,,Other (22510),Liver,,,Sweden,biota,-2837.827497370814,-98.9095788623206
108,19151,LIFE APEX,Real Sample,LIFE APEX 166 Bottlenose dolphin liver pooled from Western Isles,"Sun, 02/02/2020 - 22:00","Sun, 12/29/2019 - 22:00",LC-Bruker maXis QTOF: Submission #10,Leverburgh,UK,57.763929,-7.020016,1,Wet weight,Bottlenose dolphin,,,,8.0,Marine environment,,,,Fish (22486),Liver,70.00701805,,UK,biota,2590.617160066928,706.8824857820201
109,21534,LIFE APEX,Real Sample,LIFE APEX 30 Harbour Porpoise liver from UK 05,"Sun, 01/01/2017 - 22:00","Sun, 11/27/2016 - 22:00",LC-Bruker maXis QTOF: Submission #10,Liverpool,UK,53.736376,-3.838481,1,Dry weight,Harbour Porpoise,,,Marine water of UK,,Marine environment,,Marine water of UK,,Fish (22486),Liver,,,UK,biota,2844.0807756451286,1110.9438693202112
110,19166,LIFE APEX,Real Sample,LIFE APEX 155 Harbour Porpoise liver pooled from Varangerfjorden,"Sun, 01/01/2017 - 22:00","Sun, 11/27/2016 - 22:00",LC-Bruker maXis QTOF: Submission #11,Varangerfjorden,Norway,70.08034,28.898893,1,Wet weight,Harbour Porpoise,,,,1.0,Marine environment,,,,Fish (22486),Liver,70.53119999,,Norway,biota,-2867.5895990871613,417.1802106524944
111,19900,LIFE APEX,Real Sample,"LIFE APEX 119 Otter liver from England and Wales (2005, 2006)","Sat, 01/01/2005 - 22:00","Sat, 11/27/2004 - 22:00",LC-Bruker maXis QTOF: Submission #10,London,UK,51.57467,-1.067028,0,Wet weight,"Eurasian Otter, Lutra lutra",,,UK,,River,,,,Other (22510),Liver,62.0,,Canada,biota,2896.522346887578,-952.7796624231296
112,21565,LIFE APEX,Real Sample,LIFE APEX 14 Buzzard liver from Sussex-Hampshire,"Sun, 01/01/2017 - 22:00","Sun, 11/27/2016 - 22:00",LC-Bruker maXis QTOF: Submission #11,Farnborough,UK,50.943334,-0.924196,1,Dry weight,Buzzard,,,Sussex/Hampshire,,Terrestrial environment,,Sussex/Hampshire,,Other (22510),Liver,,,UK,biota,-2985.0110686291446,-937.4381681188871
113,19979,LIFE APEX,Real Sample,LIFE APEX 81 Harbour Seal liver from North Sea (2001),"Mon, 01/01/2001 - 22:00","Mon, 11/27/2000 - 22:00",LC-Bruker maXis QTOF: Submission #11,Cuxhaven,Germany,54.082933,8.48307,1,Wet weight,"Harbour Seal, Phoca vitulina",,,North Sea,,Coastal region,,North Sea Basin,,Other (22510),Liver,71.0,,Germany,biota,-2890.7702099850385,-460.98312906173294
114,45,LIFE APEX,Real Sample,LIFE APEX 09 Eelpout Muscle from Baltic Sea Darsser Ort,"Thu, 01/01/2015 - 00:00","Thu, 01/01/2015 - 00:00",LC-Bruker maXis QTOF: Submission #10,Ribnitz-Damgarten,Germany,54.24,12.43,Yes,Wet weight,Gymnelus hemifasciatus,,,Baltic Sea,,Marine environment,,Baltic Sea,,,Muscle,,,Germany,biota,-60.64564291747968,3046.5970242168587
115,21501,LIFE APEX,Real Sample,LIFE APEX 47 Herring Muscle from Utlangan,"Mon, 01/01/2018 - 22:00","Mon, 11/27/2017 - 22:00",LC-Bruker maXis QTOF: Submission #11,Karlskrona,Sweden,56.016137,15.773463,1,Dry weight,Herring,,,Utlangan,,Coastal region,,Utlangan,,Other (22510),Muscle,,,Sweden,biota,-2770.7511224164627,340.3935624513403
116,19959,LIFE APEX,Real Sample,LIFE APEX 91 Harbour Seal liver from North Sea (2011),"Sat, 01/01/2011 - 22:00","Sat, 11/27/2010 - 22:00",LC-Bruker maXis QTOF: Submission #11,Cuxhaven,Germany,54.082933,8.48307,1,Wet weight,"Harbour Seal, Phoca vitulina",,,North Sea,,Coastal region,,North Sea Basin,,Other (22510),Liver,74.0,,Germany,biota,-2940.6870148247003,-361.3541125785954
117,19914,LIFE APEX,Real Sample,LIFE APEX 113 Buzzard liver from England (2011),"Sat, 01/01/2011 - 22:00","Sat, 11/27/2010 - 22:00",LC-Bruker maXis QTOF: Submission #10,London,UK,51.329021,0.379717,0,Wet weight,"Buzzard, Buteo buteo",,,UK,,Terrestrial environment,,,,Other (22510),Liver,72.18055771,,Canada,biota,3379.474990354997,-765.5542891520381
118,21457,LIFE APEX,Real Sample,LIFE APEX 67 Otter liver from Hohn,"Fri, 01/01/2016 - 22:00","Fri, 11/27/2015 - 22:00",LC-Bruker maXis QTOF: Submission #11,Rendsburg,Germany,54.30341,9.478417,1,Dry weight,Otter,,,Hohner Lake,,River,,Hohner Lake,,Other (22510),Liver,,,Germany,biota,-2955.0434696183565,-138.83076194948978
119,19143,LIFE APEX,Real Sample,LIFE APEX 170 Grey Seal liver pooled from Baltic Sea,"Fri, 01/01/2016 - 22:00","Fri, 11/27/2015 - 22:00",LC-Bruker maXis QTOF: Submission #10,Gdynia,Poland,54.517322,18.562618,1,Wet weight,Grey Seal,,,,1.0,Marine environment,,,,Other (22510),Liver,67.47252697,,Poland,biota,2041.229221039816,1191.2981138953833
120,19941,LIFE APEX,Real Sample,"LIFE APEX 99 Buzzard liver from England (2001, 2002)","Tue, 01/01/2002 - 22:00","Tue, 11/27/2001 - 22:00",LC-Bruker maXis QTOF: Submission #11,London,UK,51.329021,0.379717,0,Wet weight,"Buzzard, Buteo buteo",,,UK,,Terrestrial environment,,,,Other (22510),Liver,69.6424185,,Canada,biota,-2938.412944546271,-701.0367761614374
121,19046,LIFE APEX,Real Sample,LIFE APEX 198 Buzzard liver pooled from Warmian-Masurian Voivodeship,"Sun, 02/02/2020 - 22:00","Sun, 12/29/2019 - 22:00",LC-Bruker maXis QTOF: Submission #11,Olsztyn,Poland,53.803289,20.464641,1,Wet weight,Buzzard,,,,2.0,Terrestrial environment,,,,Bird (22511),Liver,69.5,,Poland,biota,-2343.9433206666395,-2210.5554896087847
122,21575,LIFE APEX,Real Sample,LIFE APEX 10 Eelpout Muscle from North Sea Meldorfer Bucht,"Thu, 01/01/2015 - 22:00","Thu, 11/27/2014 - 22:00",LC-Bruker maXis QTOF: Submission #11,Cuxhaven,Germany,53.87,8.69,1,Dry weight,Eelpout,,,North Sea,,Coastal region,,North Sea,,Fish (22486),Muscle,,,Germany,biota,-2734.556776114032,820.3587831337568
123,21579,LIFE APEX,Real Sample,LIFE APEX 08 Eelpout Muscle from North Sea Varel Mellum,"Thu, 01/01/2015 - 22:00","Thu, 11/27/2014 - 22:00",LC-Bruker maXis QTOF: Submission #11,Wilhelmshaven,Germany,53.54,8.11,1,Dry weight,Eelpout,,,North Sea,,Coastal region,,North Sea,,Fish (22486),Muscle,,,Germany,biota,-2695.046755581621,521.1861375989547
124,21546,LIFE APEX,Real Sample,LIFE APEX 24 Otter liver from East Anglia,"Fri, 01/01/2016 - 22:00","Fri, 11/27/2015 - 22:00",LC-Bruker maXis QTOF: Submission #10,Norwich,UK,52.604666,1.390054,1,Dry weight,Otter,,,East Anglia,,River,,East Anglia,,Other (22510),Liver,,,UK,biota,4127.879640118196,173.02261788254788
125,21468,LIFE APEX,Real Sample,LIFE APEX 62 Harbour Seal liver from Grothusenkoog,"Thu, 01/01/2015 - 22:00","Thu, 11/27/2014 - 22:00",LC-Bruker maXis QTOF: Submission #10,Heide,Germany,54.292287,8.752707,1,Dry weight,Harbour Seal,,,North Sea,,Coastal region,,North Sea,,Other (22510),Liver,,,Germany,biota,54.69984610446433,1587.708044499212
126,19115,LIFE APEX,Real Sample,LIFE APEX 145 Eurasian Otter liver pooled from North England,"Fri, 01/01/2016 - 22:00","Fri, 11/27/2015 - 22:00",LC-Bruker maXis QTOF: Submission #10,Liverpool,UK,53.479349,-3.045326,1,Wet weight,Eurasian Otter,,,,2.0,Terrestrial environment,,,,Other (22510),Liver,67.01996861,,UK,biota,3459.873557248751,-947.2325294248973
127,19891,LIFE APEX,Real Sample,LIFE APEX 123 Otter liver from England and Wales (2010),"Fri, 01/01/2010 - 22:00","Fri, 11/27/2009 - 22:00",LC-Bruker maXis QTOF: Submission #11,London,UK,51.57467,-1.067028,0,Wet weight,"Eurasian Otter, Lutra lutra",,,UK,,River,,,,Other (22510),Liver,66.0,,Canada,biota,-2917.963170803643,-692.2629334758841
128,19155,LIFE APEX,Real Sample,LIFE APEX 164 White-beaked dolphin liver pooled from east and north and west Scotland,"Fri, 01/01/2016 - 22:00","Fri, 11/27/2015 - 22:00",LC-Bruker maXis QTOF: Submission #10,Glasgow,UK,55.94813,-4.74281,1,Wet weight,White-beaked dolphin,,,,7.0,Marine environment,,,,Fish (22486),Liver,69.25500797,,UK,biota,2852.474052642425,489.7509208709623
129,19095,LIFE APEX,Real Sample,LIFE APEX 157 Eurasian Otter liver pooled from North-Eastern Hungary,"Sun, 01/01/2017 - 22:00","Sun, 11/27/2016 - 22:00",LC-Bruker maXis QTOF: Submission #10,Miskolc,Hungary,47.99092,20.876591,1,Wet weight,Eurasian Otter,,,,1.0,Terrestrial environment,,,,Other (22510),Liver,70.79743574,,Hungary,biota,2443.307952664466,384.80653003813984
130,21549,LIFE APEX,Real Sample,LIFE APEX 22 Otter liver from North East UK,"Fri, 01/01/2016 - 22:00","Fri, 11/27/2015 - 22:00",LC-Bruker maXis QTOF: Submission #11,Newcastle upon Tyne,UK,55.016114,-1.396547,1,Dry weight,Otter,,,North East UK,,Coastal region,,North East UK,,Other (22510),Liver,,,UK,biota,-2877.82191283619,-740.3007475210479
131,19897,LIFE APEX,Real Sample,LIFE APEX 120 Otter liver from England and Wales (2007),"Mon, 01/01/2007 - 22:00","Mon, 11/27/2006 - 22:00",LC-Bruker maXis QTOF: Submission #11,London,UK,51.57467,-1.067028,0,Wet weight,"Eurasian Otter, Lutra lutra",,,UK,,River,,,,Other (22510),Liver,68.0,,Canada,biota,-2970.5521951653686,-1320.5589499999421
132,19894,LIFE APEX,Real Sample,LIFE APEX 122 Otter liver from England and Wales (2009),"Thu, 01/01/2009 - 22:00","Thu, 11/27/2008 - 22:00",LC-Bruker maXis QTOF: Submission #10,London,UK,51.57467,-1.067028,0,Wet weight,"Eurasian Otter, Lutra lutra",,,UK,,River,,,,Other (22510),Liver,67.0,,Canada,biota,2717.765400936137,-503.14605422018354
133,19174,LIFE APEX,Real Sample,"LIFE APEX 136 Eurasian lynx Muscle pooled from Dalarna, Jamtland","Sun, 01/01/2017 - 22:00","Sun, 11/27/2016 - 22:00",LC-Bruker maXis QTOF: Submission #11,Ostersund,Sweden,63.126679,14.443638,1,Wet weight,Eurasian lynx,,,,1.0,Terrestrial environment,,,,Other (22510),Muscle,71.0,,Sweden,biota,-2931.7747695546445,60.46388543740675
134,21592,LIFE APEX,Real Sample,LIFE APEX 02 Bream Muscle from Elbe,"Thu, 01/01/2015 - 22:00","Thu, 11/27/2014 - 22:00",LC-Bruker maXis QTOF: Submission #10,Wittenberge,Germany,53.01,11.75,1,Dry weight,Bream,,,Elbe river basin,,Coastal region,,Elbe river basin,,Fish (22486),Muscle,,,Germany,biota,800.4766898657649,2687.180380689858
135,21541,LIFE APEX,Real Sample,LIFE APEX 26 Harbour Porpoise liver from UK 01,"Sun, 01/01/2017 - 22:00","Sun, 11/27/2016 - 22:00",LC-Bruker maXis QTOF: Submission #11,Kingston upon Hull,UK,54.474762,0.765404,1,Dry weight,Harbour Porpoise,,,Marine water of UK,,Marine environment,,Marine water of UK,,Fish (22486),Liver,,,UK,biota,-2830.182147897878,-299.8421172792006
136,19952,LIFE APEX,Real Sample,LIFE APEX 95 Harbour Seal liver from North Sea (2015),"Thu, 01/01/2015 - 22:00","Thu, 11/27/2014 - 22:00",LC-Bruker maXis QTOF: Submission #10,Cuxhaven,Germany,54.082933,8.48307,1,Wet weight,"Harbour Seal, Phoca vitulina",,,North Sea,,Coastal region,,North Sea Basin,,Other (22510),Liver,71.0,,Germany,biota,2335.5144282776287,-242.76846249621633
137,21518,LIFE APEX,Real Sample,LIFE APEX 39 Harbour Seal liver from Noord-Holland,"Mon, 01/01/2018 - 22:00","Mon, 11/27/2017 - 22:00",LC-Bruker maXis QTOF: Submission #10,Amsterdam,Netherlands,52.399878,5.075807,1,Dry weight,Harbour Seal,,,Noord-Holland,,Coastal region,,Noord-Holland,,Other (22510),Liver,,,Netherlands,biota,3458.2753290438854,240.2099665501888
138,19106,LIFE APEX,Real Sample,LIFE APEX 149 Eurasian Otter liver pooled from Jutland,"Fri, 01/01/2016 - 22:00","Fri, 11/27/2015 - 22:00",LC-Bruker maXis QTOF: Submission #11,Copenhagen,Denmark,55.60806,12.502279,1,Wet weight,Eurasian Otter,,,,2.0,Terrestrial environment,,,,Other (22510),Liver,70.89108329,,Denmark,biota,-2772.5539619118563,-1313.016858495224
139,21593,LIFE APEX,Real Sample,LIFE APEX 01 Bream Muscle from Danube Jochenstein,"Thu, 01/01/2015 - 22:00","Thu, 11/27/2014 - 22:00",LC-Bruker maXis QTOF: Submission #11,Dessau,Germany,51.83,12.22,1,Dry weight,Bream,,,Danube river basin,,Coastal region,,Danube river basin,,Fish (22486),Muscle,,,Germany,biota,-2764.294058929183,498.1151665136579
140,19128,LIFE APEX,Real Sample,"LIFE APEX 179 Harbour Seal liver pooled from Belgium, France","Sun, 01/01/2017 - 22:00","Sun, 11/27/2016 - 22:00",LC-Bruker maXis QTOF: Submission #11,Antwerp,Belgium,51.481579,3.498073,1,Wet weight,Harbour Seal,,,,1.0,Marine environment,,,,Other (22510),Liver,70.34679809,,Belgium,biota,-2916.5450516096857,638.5248422180138
141,19061,LIFE APEX,Real Sample,"LIFE APEX 191 Buzzard liver pooled from Tienen, Sint-Truiden","Tue, 02/02/2021 - 22:00","Tue, 12/29/2020 - 22:00",LC-Bruker maXis QTOF: Submission #10,Tienen,Belgium,50.810677,4.994232,1,Wet weight,Buzzard,,,,1.0,Terrestrial environment,,,,Bird (22511),Liver,74.62585662,,Belgium,biota,5545.957179861962,-2611.0401156590497
142,19870,LIFE APEX,Real Sample,LIFE APEX 134 Otter liver from England and Wales (2015),"Thu, 01/01/2015 - 22:00","Thu, 11/27/2014 - 22:00",LC-Bruker maXis QTOF: Submission #10,London,UK,51.57467,-1.067028,0,Wet weight,"Eurasian Otter, Lutra lutra",,,UK,,River,,,,Other (22510),Liver,67.32055329,,Canada,biota,2892.3564728971046,-867.8170306113689
143,19120,LIFE APEX,Real Sample,LIFE APEX 142 Eurasian Otter liver pooled from Eastern Austria,"Fri, 01/01/2016 - 22:00","Fri, 11/27/2015 - 22:00",LC-Bruker maXis QTOF: Submission #11,Innsbruck,Austria,47.264397,11.323576,1,Wet weight,Eurasian Otter,,,,1.0,Terrestrial environment,,,,Other (22510),Liver,68.45807939,,Austria,biota,-2767.4426611045324,617.9663168751641
144,19175,LIFE APEX,Real Sample,"LIFE APEX 136 Eurasian lynx Muscle pooled from Dalarna, Jamtland","Sun, 01/01/2017 - 22:00","Sun, 11/27/2016 - 22:00",LC-Bruker maXis QTOF: Submission #10,Ostersund,Sweden,63.126679,14.443638,1,Wet weight,Eurasian lynx,,,,1.0,Terrestrial environment,,,,Other (22510),Muscle,71.0,,Sweden,biota,942.0914937847564,1384.191804542741
145,21544,LIFE APEX,Real Sample,LIFE APEX 25 Otter liver from North Wales,"Sun, 01/01/2017 - 22:00","Sun, 11/27/2016 - 22:00",LC-Bruker maXis QTOF: Submission #10,Liverpool,UK,52.746127,-3.96748,1,Dry weight,Otter,,,North Wales,,River,,North Wales,,Other (22510),Liver,,,UK,biota,4195.949460036905,279.6449835200671
146,19887,LIFE APEX,Real Sample,LIFE APEX 125 Otter liver from England and Wales (2012),"Sun, 01/01/2012 - 22:00","Sun, 11/27/2011 - 22:00",LC-Bruker maXis QTOF: Submission #11,London,UK,51.57467,-1.067028,0,Wet weight,"Eurasian Otter, Lutra lutra",,,UK,,River,,,,Other (22510),Liver,67.0,,Canada,biota,-2931.689554306862,-482.20387426507295
147,54,LIFE APEX,Real Sample,LIFE APEX 18 Roach Muscle from River Anker (Stationfields),"Sun, 01/01/2017 - 00:00","Wed, 01/01/2020 - 00:00",LC-Bruker maXis QTOF: Submission #10,Tamworth,UK,52.63664,-1.682843,Yes,Wet weight,Rutilus rutilus,,,Anker River,,River,,Anker River Basin,,,Muscle,,,UK,biota,619.8267608539085,3392.1894406213037
148,19994,LIFE APEX,Real Sample,LIFE APEX 75 Bream Muscle from Rhine Bimmen (2010),"Fri, 01/01/2010 - 22:00","Fri, 11/27/2009 - 22:00",LC-Bruker maXis QTOF: Submission #10,Bimmen,Germany,51.86051,6.071775,1,Wet weight,"Bream, Abramis brama",,,Rhine River,,River,,Rhine River Basin,,Fish (22486),Muscle,78.0,,Germany,biota,244.2544311698186,2375.0233871519495
149,21469,LIFE APEX,Real Sample,LIFE APEX 61 Harbour Seal liver from Busum 02,"Thu, 01/01/2015 - 22:00","Thu, 11/27/2014 - 22:00",LC-Bruker maXis QTOF: Submission #11,Heide,Germany,54.145131,8.822839,1,Dry weight,Harbour Seal,,,North Sea,,Coastal region,,North Sea,,Other (22510),Liver,,,Germany,biota,-3094.3952355700026,69.31722404698374
150,19073,LIFE APEX,Real Sample,LIFE APEX 185 Buzzard liver pooled from Madrid,"Mon, 01/01/2018 - 22:00","Mon, 11/27/2017 - 22:00",LC-Bruker maXis QTOF: Submission #10,Madrid,Spain,40.635317,-3.904246,1,Wet weight,Buzzard,,,,3.0,Terrestrial environment,,,,Bird (22511),Liver,66.42649034,,Spain,biota,5422.48306649436,-2639.4040441268157
151,21505,LIFE APEX,Real Sample,LIFE APEX 45 Buzzard liver from North Rhine-Westphalia,"Mon, 01/01/2018 - 22:00","Mon, 11/27/2017 - 22:00",LC-Bruker maXis QTOF: Submission #11,Dortmund,Germany,51.55107,6.685865,1,Dry weight,Buzzard,,,North Rhine-Westphalia,,Terrestrial environment,,North Rhine-Westphalia,,Other (22510),Liver,,,Germany,biota,-2872.3427028915107,-679.5614463864018
152,19078,LIFE APEX,Real Sample,LIFE APEX 182 Buzzard liver pooled from Crete,"Tue, 01/01/2019 - 22:00","Tue, 11/27/2018 - 22:00",LC-Bruker maXis QTOF: Submission #11,Heraklion,Greece,35.192863,25.22803,1,Wet weight,Buzzard,,,,2.0,Terrestrial environment,,,,Bird (22511),Liver,75.08587954,,Greece,biota,-2611.666937102197,-1649.9310554035037
153,19079,LIFE APEX,Real Sample,LIFE APEX 182 Buzzard liver pooled from Crete,"Tue, 01/01/2019 - 22:00","Tue, 11/27/2018 - 22:00",LC-Bruker maXis QTOF: Submission #10,Heraklion,Greece,35.192863,25.22803,1,Wet weight,Buzzard,,,,2.0,Terrestrial environment,,,,Bird (22511),Liver,75.08587954,,Greece,biota,4225.006193544833,-1113.2380125899185
154,19964,LIFE APEX,Real Sample,LIFE APEX 89 Harbour Seal liver from North Sea (2009),"Thu, 01/01/2009 - 22:00","Thu, 11/27/2008 - 22:00",LC-Bruker maXis QTOF: Submission #10,Cuxhaven,Germany,54.082933,8.48307,1,Wet weight,"Harbour Seal, Phoca vitulina",,,North Sea,,Coastal region,,North Sea Basin,,Other (22510),Liver,74.0,,Germany,biota,1275.9677496893828,920.1385437223206
155,19050,LIFE APEX,Real Sample,LIFE APEX 196 Buzzard liver pooled from Cluj-Napoca,"Tue, 01/01/2019 - 22:00","Tue, 11/27/2018 - 22:00",LC-Bruker maXis QTOF: Submission #11,Cluj-Napoca,Romania,46.735113,23.563525,1,Wet weight,Buzzard,,,,1.0,Terrestrial environment,,,,Bird (22511),Liver,77.5,,Romania,biota,-2399.203500921532,-1661.5277920688632
156,19157,LIFE APEX,Real Sample,LIFE APEX 163 Grey Seal liver pooled from east and north Scotland,"Thu, 01/01/2015 - 22:00","Thu, 11/27/2014 - 22:00",LC-Bruker maXis QTOF: Submission #10,Glasgow,UK,55.935933,-4.564525,1,Wet weight,Grey Seal,,,,6.0,Marine environment,,,,Other (22510),Liver,68.88072709,,UK,biota,3057.341030348568,1086.7088811554954
157,21531,LIFE APEX,Real Sample,LIFE APEX 31 Buzzard liver from Friesland,"Fri, 01/01/2016 - 22:00","Fri, 11/27/2015 - 22:00",LC-Bruker maXis QTOF: Submission #11,Leeuwarden,Netherlands,53.263884,6.097295,1,Dry weight,Buzzard,,,Friesland (NL),,Marine environment,,Friesland (NL),,Other (22510),Liver,,,Netherlands,biota,-2818.953733269211,-837.8459017265116
158,21559,LIFE APEX,Real Sample,LIFE APEX 17 Roach Muscle from River Lea (Wheathampstead),"Fri, 01/01/2016 - 22:00","Fri, 11/27/2015 - 22:00",LC-Bruker maXis QTOF: Submission #11,Luton,UK,51.813566,-0.292979,1,Dry weight,Roach,,,Lea River Basin,,River,,Lea River Basin,,Fish (22486),Muscle,,,UK,biota,-2777.745284596662,320.85076566952085
159,19961,LIFE APEX,Real Sample,LIFE APEX 90 Harbour Seal liver from North Sea (2010),"Fri, 01/01/2010 - 22:00","Fri, 11/27/2009 - 22:00",LC-Bruker maXis QTOF: Submission #11,Cuxhaven,Germany,54.082933,8.48307,1,Wet weight,"Harbour Seal, Phoca vitulina",,,North Sea,,Coastal region,,North Sea Basin,,Other (22510),Liver,73.0,,Germany,biota,-2754.170535191859,97.68841359289691
160,19053,LIFE APEX,Real Sample,"LIFE APEX 195 Buzzard liver pooled from Coimbra, Viseu","Sun, 02/02/2020 - 22:00","Sun, 12/29/2019 - 22:00",LC-Bruker maXis QTOF: Submission #10,Coimbra,Portugal,40.224815,-8.319192,1,Wet weight,Buzzard,,,,2.0,Terrestrial environment,,,,Bird (22511),Liver,72.0,,Portugal,biota,4745.46835817655,-1774.6115888625307
161,19947,LIFE APEX,Real Sample,LIFE APEX 97 Harbour Seal liver from North Sea (2017),"Sun, 01/01/2017 - 22:00","Sun, 11/27/2016 - 22:00",LC-Bruker maXis QTOF: Submission #11,Cuxhaven,Germany,54.082933,8.48307,1,Wet weight,"Harbour Seal, Phoca vitulina",,,North Sea,,Coastal region,,North Sea Basin,,Other (22510),Liver,70.0,,Germany,biota,-2853.4655268578927,-607.9988396791966
162,19921,LIFE APEX,Real Sample,LIFE APEX 109 Buzzard liver from England (2015),"Thu, 01/01/2015 - 22:00","Thu, 11/27/2014 - 22:00",LC-Bruker maXis QTOF: Submission #11,London,UK,51.329021,0.379717,0,Wet weight,"Buzzard, Buteo buteo",,,UK,,Terrestrial environment,,,,Other (22510),Liver,70.85348733,,Canada,biota,-2994.264379973163,-524.577787236316
163,19119,LIFE APEX,Real Sample,LIFE APEX 143 Eurasian Otter liver pooled from Eastern Austria,"Sun, 01/01/2017 - 22:00","Sun, 11/27/2016 - 22:00",LC-Bruker maXis QTOF: Submission #10,Innsbruck,Austria,47.265963,11.276432,1,Wet weight,Eurasian Otter,,,,1.0,Terrestrial environment,,,,Other (22510),Liver,68.78474838,,Austria,biota,2922.8551321597847,-397.9862760421756
164,19965,LIFE APEX,Real Sample,LIFE APEX 88 Harbour Seal liver from North Sea (2008),"Tue, 01/01/2008 - 22:00","Tue, 11/27/2007 - 22:00",LC-Bruker maXis QTOF: Submission #11,Cuxhaven,Germany,54.082933,8.48307,1,Wet weight,"Harbour Seal, Phoca vitulina",,,North Sea,,Coastal region,,North Sea Basin,,Other (22510),Liver,69.0,,Germany,biota,-2915.8741104315145,237.44865546238262
165,21481,LIFE APEX,Real Sample,LIFE APEX 57 Harbour Seal liver from Baltic Proper,"Fri, 01/01/2016 - 22:00","Fri, 11/27/2015 - 22:00",LC-Bruker maXis QTOF: Submission #11,Kalmar,Sweden,56.538313,17.286339,1,Dry weight,Otter Seal,,,Baltic Sea,,Coastal region,,Baltic Sea,,Other (22510),Liver,,,Sweden,biota,-2995.2687942343746,66.47473515848361
166,19991,LIFE APEX,Real Sample,LIFE APEX 76 Bream Muscle from Rhine Bimmen (2012),"Sun, 01/01/2012 - 22:00","Sun, 11/27/2011 - 22:00",LC-Bruker maXis QTOF: Submission #11,Bimmen,Germany,51.86051,6.071775,1,Wet weight,"Bream, Abramis brama",,,Rhine River,,River,,Rhine River Basin,,Fish (22486),Muscle,77.0,,Germany,biota,-2782.282360873212,1001.1709608152273
167,21493,LIFE APEX,Real Sample,LIFE APEX 51 Otter liver from Skane,"Mon, 01/01/2018 - 22:00","Mon, 11/27/2017 - 22:00",LC-Bruker maXis QTOF: Submission #11,Malmo,Sweden,55.6989,13.034828,1,Dry weight,Otter,,,Skane,,River,,Skane,,Other (22510),Liver,,,Sweden,biota,-2885.9968307194686,-81.24749256311482
168,19910,LIFE APEX,Real Sample,LIFE APEX 115 Buzzard liver from England (2016),"Fri, 01/01/2016 - 22:00","Fri, 11/27/2015 - 22:00",LC-Bruker maXis QTOF: Submission #10,London,UK,51.329021,0.379717,0,Wet weight,"Buzzard, Buteo buteo",,,UK,,Terrestrial environment,,,,Other (22510),Liver,74.42920709,,Canada,biota,3323.2802456224977,-162.86870691594197
169,19141,LIFE APEX,Real Sample,LIFE APEX 171 Short-beaked common dolphin liver pooled from Galicia,"Fri, 01/01/2016 - 22:00","Fri, 11/27/2015 - 22:00",LC-Bruker maXis QTOF: Submission #10,Santiago de Compostela,Spain,42.779569,-8.93292,1,Wet weight,Short-beaked common dolphin,,,,2.0,Marine environment,,,,Fish (22486),Liver,72.85091218,,Spain,biota,2694.7185289349545,284.77557715747525
170,21578,LIFE APEX,Real Sample,LIFE APEX 09 Eelpout Muscle from Baltic Sea Darsser Ort,"Thu, 01/01/2015 - 22:00","Thu, 11/27/2014 - 22:00",LC-Bruker maXis QTOF: Submission #10,Ribnitz-Damgarten,Germany,54.24,12.43,1,Dry weight,Eelpout,,,Baltic Sea,,Coastal region,,Baltic Sea,,Fish (22486),Muscle,,,Germany,biota,-115.43161989164498,3023.9307850893842
171,19129,LIFE APEX,Real Sample,"LIFE APEX 179 Harbour Seal liver pooled from Belgium, France","Sun, 01/01/2017 - 22:00","Sun, 11/27/2016 - 22:00",LC-Bruker maXis QTOF: Submission #10,Antwerp,Belgium,51.481579,3.498073,1,Wet weight,Harbour Seal,,,,1.0,Marine environment,,,,Other (22510),Liver,70.34679809,,Belgium,biota,1038.8887655944227,1196.642211182232
172,19934,LIFE APEX,Real Sample,LIFE APEX 103 Buzzard liver from England (2009),"Thu, 01/01/2009 - 22:00","Thu, 11/27/2008 - 22:00",LC-Bruker maXis QTOF: Submission #10,London,UK,51.329021,0.379717,0,Wet weight,"Buzzard, Buteo buteo",,,UK,,Terrestrial environment,,,,Other (22510),Liver,71.72999687,,Canada,biota,3551.372275542116,-985.7021154936708
173,19150,LIFE APEX,Real Sample,LIFE APEX 166 Bottlenose dolphin liver pooled from Western Isles,"Sun, 02/02/2020 - 22:00","Sun, 12/29/2019 - 22:00",LC-Bruker maXis QTOF: Submission #11,Leverburgh,UK,57.763929,-7.020016,1,Wet weight,Bottlenose dolphin,,,,8.0,Marine environment,,,,Fish (22486),Liver,70.00701805,,UK,biota,-2856.915299937885,-293.50017726066795
174,21512,LIFE APEX,Real Sample,LIFE APEX 42 Buzzard liver from Lower Saxony,"Mon, 01/01/2018 - 22:00","Mon, 11/27/2017 - 22:00",LC-Bruker maXis QTOF: Submission #10,Hanover,Germany,52.378424,9.695191,1,Dry weight,Buzzard,,,Lower Saxony,,Terrestrial environment,,Lower Saxony,,Other (22510),Liver,,,Germany,biota,3510.2464409043178,-99.7048957822071
175,20001,LIFE APEX,Real Sample,LIFE APEX 71 Bream Muscle from Rhine Bimmen (2002),"Tue, 01/01/2002 - 22:00","Tue, 11/27/2001 - 22:00",LC-Bruker maXis QTOF: Submission #11,Bimmen,Germany,51.86051,6.071775,1,Wet weight,"Bream, Abramis brama",,,Rhine River,,River,,Rhine River Basin,,Fish (22486),Muscle,82.0,,Germany,biota,-2817.204470385571,1011.5297204897362
176,19048,LIFE APEX,Real Sample,LIFE APEX 197 Buzzard liver pooled from Cluj-Napoca,"Tue, 01/01/2019 - 22:00","Tue, 11/27/2018 - 22:00",LC-Bruker maXis QTOF: Submission #11,Cluj-Napoca,Romania,46.733445,23.664026,1,Wet weight,Buzzard,,,,1.0,Terrestrial environment,,,,Bird (22511),Liver,72.0,,Romania,biota,-2421.1883383282197,-1449.5934518314743
177,37,LIFE APEX,Real Sample,LIFE APEX 01 Bream Muscle from Danube Jochenstein,"Thu, 01/01/2015 - 00:00","Wed, 01/01/2020 - 00:00",LC-Bruker maXis QTOF: Submission #10,Jochenstein,,51.83,12.22,Yes,Wet weight,Abramis brama,,,Danube river,,River,,Danube river basin,,,Muscle,,,Germany,biota,917.1347629441866,2715.031508313715
178,21506,LIFE APEX,Real Sample,LIFE APEX 45 Buzzard liver from North Rhine-Westphalia,"Mon, 01/01/2018 - 22:00","Mon, 11/27/2017 - 22:00",LC-Bruker maXis QTOF: Submission #10,Dortmund,Germany,51.55107,6.685865,1,Dry weight,Buzzard,,,North Rhine-Westphalia,,Terrestrial environment,,North Rhine-Westphalia,,Other (22510),Liver,,,Germany,biota,3842.7110142991937,-273.2862001365465
179,53,LIFE APEX,Real Sample,LIFE APEX 17 Roach Muscle from River Lea (Wheathampstead),"Fri, 01/01/2016 - 00:00","Wed, 01/01/2020 - 00:00",LC-Bruker maXis QTOF: Submission #10,Luton,Canada,51.813566,-0.292979,Yes,Wet weight,Rutilus rutilus,,,Lea River,,River,,Lea River Basin,,,Muscle,,,UK,biota,685.3878727443857,3140.9855647860513
180,21462,LIFE APEX,Real Sample,LIFE APEX 65 Otter liver from Germany 02,"Mon, 01/01/2018 - 22:00","Mon, 11/27/2017 - 22:00",LC-Bruker maXis QTOF: Submission #10,Greifswald,Germany,54.129048,13.463002,1,Dry weight,Otter,,,,,Coastal region,,,,Other (22510),Liver,,,Germany,biota,795.8115476368404,1560.5617496371467
181,21489,LIFE APEX,Real Sample,LIFE APEX 53 Otter liver from Harjedalen-Jamtland,"Sun, 01/01/2017 - 22:00","Sun, 11/27/2016 - 22:00",LC-Bruker maXis QTOF: Submission #11,Ostersund,Sweden,63.138889,14.43978,1,Dry weight,Otter,,,Harjedalen-Jamtland,,River,,Harjedalen-Jamtland,,Other (22510),Liver,,,Sweden,biota,-2985.399019501492,-282.3100294192774
182,19908,LIFE APEX,Real Sample,LIFE APEX 116 Buzzard liver from England (2017),"Sun, 01/01/2017 - 22:00","Sun, 11/27/2016 - 22:00",LC-Bruker maXis QTOF: Submission #10,London,UK,51.329021,0.379717,0,Wet weight,"Buzzard, Buteo buteo",,,UK,,Terrestrial environment,,,,Other (22510),Liver,74.68418549,,Canada,biota,3580.12039423381,-679.2680197396257
183,19997,LIFE APEX,Real Sample,LIFE APEX 73 Bream Muscle from Rhine Bimmen (2006),"Sun, 01/01/2006 - 22:00","Sun, 11/27/2005 - 22:00",LC-Bruker maXis QTOF: Submission #11,Bimmen,Germany,51.86051,6.071775,1,Wet weight,"Bream, Abramis brama",,,Rhine River,,River,,Rhine River Basin,,Fish (22486),Muscle,79.0,,Germany,biota,-2805.36817973383,903.364529725522
184,19989,LIFE APEX,Real Sample,LIFE APEX 77 Bream Muscle from Rhine Bimmen (2014),"Wed, 01/01/2014 - 22:00","Wed, 11/27/2013 - 22:00",LC-Bruker maXis QTOF: Submission #11,Bimmen,Germany,51.86051,6.071775,1,Wet weight,"Bream, Abramis brama",,,Rhine River,,River,,Rhine River Basin,,Fish (22486),Muscle,80.0,,Germany,biota,-2709.2292146756076,970.0793069122997
185,19890,LIFE APEX,Real Sample,LIFE APEX 124 Otter liver from England and Wales (2011),"Sat, 01/01/2011 - 22:00","Sat, 11/27/2010 - 22:00",LC-Bruker maXis QTOF: Submission #10,London,UK,51.57467,-1.067028,0,Wet weight,"Eurasian Otter, Lutra lutra",,,UK,,River,,,,Other (22510),Liver,68.0,,Canada,biota,2681.464822246455,-810.9873773104734
186,19132,LIFE APEX,Real Sample,"LIFE APEX 177 Harbour Porpoise liver pooled from Belgium, France","Sun, 01/01/2017 - 22:00","Sun, 11/27/2016 - 22:00",LC-Bruker maXis QTOF: Submission #11,Antwerp,Belgium,51.411497,3.673056,1,Wet weight,Harbour Porpoise,,,,1.0,Marine environment,,,,Fish (22486),Liver,73.54919207,,Belgium,biota,-2754.393720583126,-643.6966524757537
187,19996,LIFE APEX,Real Sample,LIFE APEX 74 Bream Muscle from Rhine Bimmen (2008),"Tue, 01/01/2008 - 22:00","Tue, 11/27/2007 - 22:00",LC-Bruker maXis QTOF: Submission #10,Bimmen,Germany,51.86051,6.071775,1,Wet weight,"Bream, Abramis brama",,,Rhine River,,River,,Rhine River Basin,,Fish (22486),Muscle,78.0,,Germany,biota,425.6241516234606,2176.0371693387297
188,21530,LIFE APEX,Real Sample,LIFE APEX 32 Buzzard liver from Friesland,"Mon, 01/01/2018 - 22:00","Mon, 11/27/2017 - 22:00",LC-Bruker maXis QTOF: Submission #10,Leeuwarden,Netherlands,53.006056,5.567012,1,Dry weight,Buzzard,,,Friesland (NL),,Marine environment,,Friesland (NL),,Other (22510),Liver,,,Netherlands,biota,4570.8975876114755,-795.1320658040446
189,19092,LIFE APEX,Real Sample,LIFE APEX 158 Eurasian Otter liver pooled from South Hungary,"Thu, 01/01/2015 - 22:00","Thu, 11/27/2014 - 22:00",LC-Bruker maXis QTOF: Submission #11,Szeged,Hungary,46.340018,20.093273,1,Wet weight,Eurasian Otter,,,,2.0,Terrestrial environment,,,,Other (22510),Liver,70.26754886,,Hungary,biota,-2748.52532185051,-893.7598959934228
190,19922,LIFE APEX,Real Sample,LIFE APEX 109 Buzzard liver from England (2015),"Thu, 01/01/2015 - 22:00","Thu, 11/27/2014 - 22:00",LC-Bruker maXis QTOF: Submission #10,London,UK,51.329021,0.379717,0,Wet weight,"Buzzard, Buteo buteo",,,UK,,Terrestrial environment,,,,Other (22510),Liver,70.85348733,,Canada,biota,3511.042904296721,-944.7821906236327
191,21484,LIFE APEX,Real Sample,LIFE APEX 56 Harbour Seal liver from Oresund,"Thu, 01/01/2015 - 22:00","Thu, 11/27/2014 - 22:00",LC-Bruker maXis QTOF: Submission #10,Malmo,Sweden,55.653598,12.900543,1,Dry weight,Otter Seal,,,Oresund,,Coastal region,,Oresund,,Other (22510),Liver,,,Sweden,biota,3012.639308232377,1389.866509881601
192,19967,LIFE APEX,Real Sample,LIFE APEX 87 Harbour Seal liver from North Sea (2007),"Mon, 01/01/2007 - 22:00","Mon, 11/27/2006 - 22:00",LC-Bruker maXis QTOF: Submission #11,Cuxhaven,Germany,54.082933,8.48307,1,Wet weight,"Harbour Seal, Phoca vitulina",,,North Sea,,Coastal region,,North Sea Basin,,Other (22510),Liver,70.0,,Germany,biota,-2978.6837917087796,-320.37931403386347
193,19949,LIFE APEX,Real Sample,LIFE APEX 96 Harbour Seal liver from North Sea (2016),"Fri, 01/01/2016 - 22:00","Fri, 11/27/2015 - 22:00",LC-Bruker maXis QTOF: Submission #11,Cuxhaven,Germany,54.082933,8.48307,1,Wet weight,"Harbour Seal, Phoca vitulina",,,North Sea,,Coastal region,,North Sea Basin,,Other (22510),Liver,74.0,,Germany,biota,-2905.83544919265,-435.30579471365695
194,19874,LIFE APEX,Real Sample,LIFE APEX 132 Otter liver from England and Wales (2008),"Tue, 01/01/2008 - 22:00","Tue, 11/27/2007 - 22:00",LC-Bruker maXis QTOF: Submission #10,London,UK,51.57467,-1.067028,0,Wet weight,"Eurasian Otter, Lutra lutra",,,UK,,River,,,,Other (22510),Liver,67.2673737,,Canada,biota,2858.1491180255307,-1032.5037862969066
195,19086,LIFE APEX,Real Sample,LIFE APEX 176 Eurasian Otter liver pooled from Jonkopings lan,"Fri, 01/01/2016 - 22:00","Fri, 11/27/2015 - 22:00",LC-Bruker maXis QTOF: Submission #11,Jonkoping,Sweden,57.78885,14.152215,1,Wet weight,Eurasian Otter,,,,4.0,Terrestrial environment,,,,Other (22510),Liver,69.91941118,,Sweden,biota,-2733.100816384245,-1032.152359048263
196,19966,LIFE APEX,Real Sample,LIFE APEX 88 Harbour Seal liver from North Sea (2008),"Tue, 01/01/2008 - 22:00","Tue, 11/27/2007 - 22:00",LC-Bruker maXis QTOF: Submission #10,Cuxhaven,Germany,54.082933,8.48307,1,Wet weight,"Harbour Seal, Phoca vitulina",,,North Sea,,Coastal region,,North Sea Basin,,Other (22510),Liver,69.0,,Germany,biota,1349.4330177835607,847.2519643397337
197,21536,LIFE APEX,Real Sample,LIFE APEX 29 Harbour Porpoise liver from UK 04,"Sun, 01/01/2017 - 22:00","Sun, 11/27/2016 - 22:00",LC-Bruker maXis QTOF: Submission #10,Aberdeen,UK,57.196258,-1.669999,1,Dry weight,Harbour Porpoise,,,Marine water of UK,,Marine environment,,Marine water of UK,,Fish (22486),Liver,,,UK,biota,3053.0269620175345,1009.7870010058463
198,19101,LIFE APEX,Real Sample,LIFE APEX 152 Eurasian Otter liver pooled from Northern Moravia,"Fri, 01/01/2016 - 22:00","Fri, 11/27/2015 - 22:00",LC-Bruker maXis QTOF: Submission #10,Olomouc,Czech Republic,49.548002,17.270283,1,Wet weight,Eurasian Otter,,,,1.0,Terrestrial environment,,,,Other (22510),Liver,68.58435661,,Czech Republic,biota,3248.5257772545324,-412.4763042774867
199,21513,LIFE APEX,Real Sample,LIFE APEX 41 Buzzard liver from Berlin,"Mon, 01/01/2018 - 22:00","Mon, 11/27/2017 - 22:00",LC-Bruker maXis QTOF: Submission #11,Berlin,Germany,52.553125,13.223138,1,Dry weight,Buzzard,,,Berlin area,,Terrestrial environment,,Berlin area,,Other (22510),Liver,,,Germany,biota,-3081.5873942237977,-582.1875986578808
200,21528,LIFE APEX,Real Sample,LIFE APEX 33 Otter liver from Overijssel,"Mon, 01/01/2018 - 22:00","Mon, 11/27/2017 - 22:00",LC-Bruker maXis QTOF: Submission #10,Almelo,Netherlands,52.583347,6.099912,1,Dry weight,Otter,,,Overijssel,,River,,Overijssel,,Other (22510),Liver,,,Netherlands,biota,3238.951803193624,803.7280992478879
201,19917,LIFE APEX,Real Sample,LIFE APEX 111 Buzzard liver from England (2017),"Sun, 01/01/2017 - 22:00","Sun, 11/27/2016 - 22:00",LC-Bruker maXis QTOF: Submission #11,London,UK,51.329021,0.379717,0,Wet weight,"Buzzard, Buteo buteo",,,UK,,Terrestrial environment,,,,Other (22510),Liver,72.49956908,,Canada,biota,-2936.358485635063,-668.9713917332069
202,19146,LIFE APEX,Real Sample,LIFE APEX 168 Ringed Seal liver pooled from Olav V Land,"Sun, 02/02/2020 - 22:00","Sun, 12/29/2019 - 22:00",LC-Bruker maXis QTOF: Submission #11,Longyearbyen,Norway,78.236198,15.563032,1,Wet weight,Ringed Seal,,,,2.0,Marine environment,,,,Fish (22486),Liver,69.2612674,,Norway,biota,-2773.0474620372493,-119.55622914426236
203,19122,LIFE APEX,Real Sample,LIFE APEX 141 Eurasian Otter liver pooled from Marseille,"Wed, 01/01/2014 - 22:00","Wed, 11/27/2013 - 22:00",LC-Bruker maXis QTOF: Submission #11,Marseille,France,43.21771,5.321604,1,Wet weight,Eurasian Otter,,,,1.0,Terrestrial environment,,,,Other (22510),Liver,71.73679779,,France,biota,-2790.232175626455,-1062.9022647976956
204,21566,LIFE APEX,Real Sample,LIFE APEX 14 Buzzard liver from Sussex-Hampshire,"Sun, 01/01/2017 - 22:00","Sun, 11/27/2016 - 22:00",LC-Bruker maXis QTOF: Submission #10,Farnborough,UK,50.943334,-0.924196,1,Dry weight,Buzzard,,,Sussex/Hampshire,,Terrestrial environment,,Sussex/Hampshire,,Other (22510),Liver,,,UK,biota,4354.812232590223,-10.547401608134223
205,21586,LIFE APEX,Real Sample,LIFE APEX 05 Bream Muscle from Saar Gudingen,"Thu, 01/01/2015 - 22:00","Thu, 11/27/2014 - 22:00",LC-Bruker maXis QTOF: Submission #10,Saarbrucken,Germany,49.25,6.97,1,Dry weight,Bream,,,Rhine river basin,,River,,Rhine river basin,,Fish (22486),Muscle,,,Germany,biota,556.921511388857,3128.726489537999
206,50,LIFE APEX,Real Sample,LIFE APEX 14 Buzzard liver from Sussex-Hampshire_Farnborough,"Sun, 01/01/2017 - 00:00","Wed, 01/01/2020 - 00:00",LC-Bruker maXis QTOF: Submission #10,Farnborough,UK,50.943334,-0.924196,No,Wet weight,Buteo buteo,,,,,Terrestrial environment,,,,,Liver,,,UK,biota,4354.812232590224,-10.547401608134233
207,21460,LIFE APEX,Real Sample,LIFE APEX 66 Otter liver from Bosdorf,"Mon, 01/01/2018 - 22:00","Mon, 11/27/2017 - 22:00",LC-Bruker maXis QTOF: Submission #10,Eutin,Germany,54.13129,10.452888,1,Dry weight,Otter,,,Ploner Lake,,River,,Ploner Lake,,Other (22510),Liver,,,Germany,biota,532.5017538784285,1685.2675373637676
208,21591,LIFE APEX,Real Sample,LIFE APEX 02 Bream Muscle from Elbe,"Thu, 01/01/2015 - 22:00","Thu, 11/27/2014 - 22:00",LC-Bruker maXis QTOF: Submission #11,Wittenberge,Germany,53.01,11.75,1,Dry weight,Bream,,,Elbe river basin,,Coastal region,,Elbe river basin,,Fish (22486),Muscle,,,Germany,biota,-2688.0017035459723,483.33877865882994
209,21535,LIFE APEX,Real Sample,LIFE APEX 29 Harbour Porpoise liver from UK 04,"Sun, 01/01/2017 - 22:00","Sun, 11/27/2016 - 22:00",LC-Bruker maXis QTOF: Submission #11,Aberdeen,UK,57.196258,-1.669999,1,Dry weight,Harbour Porpoise,,,Marine water of UK,,Marine environment,,Marine water of UK,,Fish (22486),Liver,,,UK,biota,-2806.542802310643,-598.6888562217368
210,19888,LIFE APEX,Real Sample,LIFE APEX 125 Otter liver from England and Wales (2012),"Sun, 01/01/2012 - 22:00","Sun, 11/27/2011 - 22:00",LC-Bruker maXis QTOF: Submission #10,London,UK,51.57467,-1.067028,0,Wet weight,"Eurasian Otter, Lutra lutra",,,UK,,River,,,,Other (22510),Liver,67.0,,Canada,biota,2676.982534991237,-710.7664209164625
211,20006,LIFE APEX,Real Sample,LIFE APEX 69 Bream Muscle from Rhine Bimmen (1998),"Thu, 01/01/1998 - 22:00","Thu, 11/27/1997 - 22:00",LC-Bruker maXis QTOF: Submission #10,Bimmen,Germany,51.86051,6.071775,1,Wet weight,"Bream, Abramis brama",,,Rhine River,,River,,Rhine River Basin,,Fish (22486),Muscle,80.0,,Germany,biota,180.9102555449314,1784.4499567910332
212,19165,LIFE APEX,Real Sample,LIFE APEX 156 Harbour Porpoise liver pooled from Varangerfjorden,"Sun, 01/01/2017 - 22:00","Sun, 11/27/2016 - 22:00",LC-Bruker maXis QTOF: Submission #10,Varangerfjorden,Norway,70.142798,28.886762,1,Wet weight,Harbour Porpoise,,,,1.0,Marine environment,,,,Fish (22486),Liver,72.717324,,Norway,biota,2936.7070691289146,104.53148542041835
213,21564,LIFE APEX,Real Sample,LIFE APEX 15 Buzzard liver from South Wales-Somerset-Hertfordshire,"Sun, 01/01/2017 - 22:00","Sun, 11/27/2016 - 22:00",LC-Bruker maXis QTOF: Submission #10,Oxford,UK,51.76,-1.26,1,Dry weight,Buzzard,,,South Wales-Somerset-Hertfordshire,,Terrestrial environment,,South Wales-Somerset-Hertfordshire,,Other (22510),Liver,,,UK,biota,4237.04617575892,255.74830638295248
214,21479,LIFE APEX,Real Sample,LIFE APEX 58 Grey Seal liver from Baltic Proper,"Sun, 01/01/2017 - 22:00","Sun, 11/27/2016 - 22:00",LC-Bruker maXis QTOF: Submission #11,Kalmar,Sweden,55.961274,16.058707,1,Dry weight,Grey Seal,,,Baltic Sea,,Coastal region,,Baltic Sea,,Other (22510),Liver,,,Sweden,biota,-3056.6541316426583,261.63954705327586
215,19072,LIFE APEX,Real Sample,LIFE APEX 185 Buzzard liver pooled from Madrid,"Mon, 01/01/2018 - 22:00","Mon, 11/27/2017 - 22:00",LC-Bruker maXis QTOF: Submission #11,Madrid,Spain,40.635317,-3.904246,1,Wet weight,Buzzard,,,,3.0,Terrestrial environment,,,,Bird (22511),Liver,66.42649034,,Spain,biota,-2432.819109271813,-2256.8887592102856
216,19916,LIFE APEX,Real Sample,LIFE APEX 112 Buzzard liver from England (2018),"Mon, 01/01/2018 - 22:00","Mon, 11/27/2017 - 22:00",LC-Bruker maXis QTOF: Submission #10,London,UK,51.329021,0.379717,0,Wet weight,"Buzzard, Buteo buteo",,,UK,,Terrestrial environment,,,,Other (22510),Liver,72.98142928,,Canada,biota,3004.1320355940575,-489.71058618986285
217,21496,LIFE APEX,Real Sample,LIFE APEX 50 Otter liver from Uppland,"Mon, 01/01/2018 - 22:00","Mon, 11/27/2017 - 22:00",LC-Bruker maXis QTOF: Submission #10,Stockholm,Sweden,59.319383,18.109282,1,Dry weight,Otter,,,Uppland,,River,,Uppland,,Other (22510),Liver,,,Sweden,biota,163.51521264152493,2137.1324083947125
218,19164,LIFE APEX,Real Sample,LIFE APEX 156 Harbour Porpoise liver pooled from Varangerfjorden,"Sun, 01/01/2017 - 22:00","Sun, 11/27/2016 - 22:00",LC-Bruker maXis QTOF: Submission #11,Varangerfjorden,Norway,70.142798,28.886762,1,Wet weight,Harbour Porpoise,,,,1.0,Marine environment,,,,Fish (22486),Liver,72.717324,,Norway,biota,-2802.5301966071706,547.8874886129219
219,21520,LIFE APEX,Real Sample,LIFE APEX 38 Harbour Seal liver from Zuid-Holland,"Tue, 01/01/2019 - 22:00","Tue, 11/27/2018 - 22:00",LC-Bruker maXis QTOF: Submission #10,Rotterdam,Netherlands,51.901053,4.284472,1,Dry weight,Harbour Seal,,,Zuid-Holland,,Coastal region,,Zuid-Holland,,Other (22510),Liver,,,Netherlands,biota,3178.9041526665924,586.9073556480754
220,19064,LIFE APEX,Real Sample,LIFE APEX 189 Buzzard liver pooled from Midle Saxony,"Thu, 01/01/2015 - 22:00","Thu, 11/27/2014 - 22:00",LC-Bruker maXis QTOF: Submission #11,Dresden,Germany,51.100723,13.825774,1,Wet weight,Buzzard,,,,2.0,Terrestrial environment,,,,Bird (22511),Liver,73.03709437,,Germany,biota,-2532.944210638492,-1974.5982621582948
221,21582,LIFE APEX,Real Sample,LIFE APEX 07 Herring gull eggs from North Sea Trischen,"Thu, 01/01/2015 - 22:00","Thu, 11/27/2014 - 22:00",LC-Bruker maXis QTOF: Submission #10,Cuxhaven,Germany,53.87,8.69,1,Dry weight,Herring gull,,,North sea,,River,,North sea,,Other (22510),Other,,,Germany,biota,427.1899924157463,3103.429846030213
222,19125,LIFE APEX,Real Sample,"LIFE APEX 139 Eurasian Otter liver pooled from Basilicata, Abruzzo region","Wed, 01/01/2014 - 22:00","Wed, 11/27/2013 - 22:00",LC-Bruker maXis QTOF: Submission #10,Pescara,Italy,42.436459,14.270927,1,Wet weight,Eurasian Otter,,,,1.0,Terrestrial environment,,,,Other (22510),Liver,70.56015773,,Italy,biota,2717.7748886319214,-225.89989125338113
223,21563,LIFE APEX,Real Sample,LIFE APEX 15 Buzzard liver from South Wales-Somerset-Hertfordshire,"Sun, 01/01/2017 - 22:00","Sun, 11/27/2016 - 22:00",LC-Bruker maXis QTOF: Submission #11,Oxford,UK,51.76,-1.26,1,Dry weight,Buzzard,,,South Wales-Somerset-Hertfordshire,,Terrestrial environment,,South Wales-Somerset-Hertfordshire,,Other (22510),Liver,,,UK,biota,-2969.1214936042006,-965.9432682232464
224,19047,LIFE APEX,Real Sample,LIFE APEX 198 Buzzard liver pooled from Warmian-Masurian Voivodeship,"Sun, 02/02/2020 - 22:00","Sun, 12/29/2019 - 22:00",LC-Bruker maXis QTOF: Submission #10,Olsztyn,Poland,53.803289,20.464641,1,Wet weight,Buzzard,,,,2.0,Terrestrial environment,,,,Bird (22511),Liver,69.5,,Poland,biota,5847.001130562031,-2799.7348597076048
225,19058,LIFE APEX,Real Sample,LIFE APEX 192 Buzzard liver pooled from Sint-Truiden,"Tue, 02/02/2021 - 22:00","Tue, 12/29/2020 - 22:00",LC-Bruker maXis QTOF: Submission #11,Sint-Truiden,Belgium,50.871641,5.215332,1,Wet weight,Buzzard,,,,2.0,Terrestrial environment,,,,Bird (22511),Liver,74.89249187,,Belgium,biota,-2569.348797988794,-1399.742616896081
226,19930,LIFE APEX,Real Sample,LIFE APEX 105 Buzzard liver from England (2011),"Sat, 01/01/2011 - 22:00","Sat, 11/27/2010 - 22:00",LC-Bruker maXis QTOF: Submission #10,London,UK,51.329021,0.379717,0,Wet weight,"Buzzard, Buteo buteo",,,UK,,Terrestrial environment,,,,Other (22510),Liver,71.10651161,,Canada,biota,3813.2256531075254,-1231.3561482045116
227,20000,LIFE APEX,Real Sample,LIFE APEX 72 Bream Muscle from Rhine Bimmen (2004),"Thu, 01/01/2004 - 22:00","Thu, 11/27/2003 - 22:00",LC-Bruker maXis QTOF: Submission #10,Bimmen,Germany,51.86051,6.071775,1,Wet weight,"Bream, Abramis brama",,,Rhine River,,River,,Rhine River Basin,,Fish (22486),Muscle,79.0,,Germany,biota,48.15083597742443,2504.6803696605584
228,19090,LIFE APEX,Real Sample,LIFE APEX 159 Eurasian Otter liver pooled from Western Hungary,"Fri, 01/01/2016 - 22:00","Fri, 11/27/2015 - 22:00",LC-Bruker maXis QTOF: Submission #11,Zalaegerszeg,Hungary,46.864745,16.862463,1,Wet weight,Eurasian Otter,,,,3.0,Terrestrial environment,,,,Other (22510),Liver,71.52992421,,Hungary,biota,-2780.6875814758637,-1197.9662190288655
229,19109,LIFE APEX,Real Sample,LIFE APEX 148 Eurasian Otter liver pooled from Southern Denmark,"Mon, 01/01/2018 - 22:00","Mon, 11/27/2017 - 22:00",LC-Bruker maXis QTOF: Submission #10,Vejle,Denmark,55.693697,9.590751,1,Wet weight,Eurasian Otter,,,,1.0,Terrestrial environment,,,,Other (22510),Liver,71.32909839,,Denmark,biota,3499.1719988013097,-517.643594578834
230,19875,LIFE APEX,Real Sample,LIFE APEX 131 Otter liver from England and Wales (2018),"Mon, 01/01/2018 - 22:00","Mon, 11/27/2017 - 22:00",LC-Bruker maXis QTOF: Submission #11,London,UK,51.57467,-1.067028,0,Wet weight,"Eurasian Otter, Lutra lutra",,,UK,,River,,,,Other (22510),Liver,67.46431726,,Canada,biota,-2969.3463945666263,-478.758220973224
231,21474,LIFE APEX,Real Sample,LIFE APEX 59 Harbour Seal liver from Amrum,"Thu, 01/01/2015 - 22:00","Thu, 11/27/2014 - 22:00",LC-Bruker maXis QTOF: Submission #10,Husum,Germany,54.663544,8.356468,1,Dry weight,Harbour Seal,,,North Sea,,Coastal region,,North Sea,,Other (22510),Liver,,,Germany,biota,373.7641278126907,2280.8135476282537
232,19893,LIFE APEX,Real Sample,LIFE APEX 122 Otter liver from England and Wales (2009),"Thu, 01/01/2009 - 22:00","Thu, 11/27/2008 - 22:00",LC-Bruker maXis QTOF: Submission #11,London,UK,51.57467,-1.067028,0,Wet weight,"Eurasian Otter, Lutra lutra",,,UK,,River,,,,Other (22510),Liver,67.0,,Canada,biota,-2952.8357099499467,-427.7023533010851
233,19112,LIFE APEX,Real Sample,LIFE APEX 146 Eurasian Otter liver pooled from Midlands England,"Sun, 01/01/2017 - 22:00","Sun, 11/27/2016 - 22:00",LC-Bruker maXis QTOF: Submission #11,Birmingham,UK,52.479417,-1.933885,1,Wet weight,Eurasian Otter,,,,3.0,Terrestrial environment,,,,Other (22510),Liver,68.16586162,,UK,biota,-2685.819493695034,-1268.6254278992208
234,52,LIFE APEX,Real Sample,LIFE APEX 16 Roach Muscle from River Thames (Shepperton-Sunbury),"Fri, 01/01/2016 - 00:00","Wed, 01/01/2020 - 00:00",LC-Bruker maXis QTOF: Submission #10,London,UK,51.386399,-0.451476,Yes,Wet weight,Rutilus rutilus,,,Thames River,,,,Thames River Basin,,,Muscle,,,Canada,biota,1093.194098333983,2911.3451218037576
235,19915,LIFE APEX,Real Sample,LIFE APEX 112 Buzzard liver from England (2018),"Mon, 01/01/2018 - 22:00","Mon, 11/27/2017 - 22:00",LC-Bruker maXis QTOF: Submission #11,London,UK,51.329021,0.379717,0,Wet weight,"Buzzard, Buteo buteo",,,UK,,Terrestrial environment,,,,Other (22510),Liver,72.98142928,,Canada,biota,-2272.532700266977,46.48552173963579
236,19117,LIFE APEX,Real Sample,LIFE APEX 144 Eurasian Otter liver pooled from Wales,"Thu, 01/01/2015 - 22:00","Thu, 11/27/2014 - 22:00",LC-Bruker maXis QTOF: Submission #10,Cardiff,UK,51.464898,-3.13467,1,Wet weight,Eurasian Otter,,,,1.0,Terrestrial environment,,,,Other (22510),Liver,67.50842257,,UK,biota,3028.82131375003,-539.9626221699525
237,21459,LIFE APEX,Real Sample,LIFE APEX 66 Otter liver from Bosdorf,"Mon, 01/01/2018 - 22:00","Mon, 11/27/2017 - 22:00",LC-Bruker maXis QTOF: Submission #11,Eutin,Germany,54.13129,10.452888,1,Dry weight,Otter,,,Ploner Lake,,River,,Ploner Lake,,Other (22510),Liver,,,Germany,biota,-3008.50804717187,-446.54784473949155
238,19907,LIFE APEX,Real Sample,LIFE APEX 116 Buzzard liver from England (2017),"Sun, 01/01/2017 - 22:00","Sun, 11/27/2016 - 22:00",LC-Bruker maXis QTOF: Submission #11,London,UK,51.329021,0.379717,0,Wet weight,"Buzzard, Buteo buteo",,,UK,,Terrestrial environment,,,,Other (22510),Liver,74.68418549,,Canada,biota,-2960.312360265872,-1031.016475269025
239,19919,LIFE APEX,Real Sample,LIFE APEX 110 Buzzard liver from England (2016),"Fri, 01/01/2016 - 22:00","Fri, 11/27/2015 - 22:00",LC-Bruker maXis QTOF: Submission #11,London,UK,51.329021,0.379717,0,Wet weight,"Buzzard, Buteo buteo",,,UK,,Terrestrial environment,,,,Other (22510),Liver,73.06873892,,Canada,biota,-2988.528320523675,-702.0272060855444
240,21583,LIFE APEX,Real Sample,LIFE APEX 06 Herring gull eggs from North Sea Mellum,"Thu, 01/01/2015 - 22:00","Thu, 11/27/2014 - 22:00",LC-Bruker maXis QTOF: Submission #11,Wilhelmshaven,Germany,53.54,8.11,1,Dry weight,Herring gull,,,North sea,,River,,North sea,,Other (22510),Other,,,Germany,biota,-2916.6186409249253,797.697155389866
241,19054,LIFE APEX,Real Sample,"LIFE APEX 194 Buzzard liver pooled from Presov, Kosice, Trebisov, Humenne","Mon, 01/01/2018 - 22:00","Mon, 11/27/2017 - 22:00",LC-Bruker maXis QTOF: Submission #11,Presov,Slovakia,48.975857,21.195856,1,Wet weight,Buzzard,,,,1.0,Terrestrial environment,,,,Bird (22511),Liver,72.07331331,,Slovakia,biota,-2442.7531913207686,-1721.8707102866426
242,19110,LIFE APEX,Real Sample,LIFE APEX 147 Eurasian Otter liver pooled from East Anglia,"Thu, 01/01/2015 - 22:00","Thu, 11/27/2014 - 22:00",LC-Bruker maXis QTOF: Submission #11,Norwich,UK,52.623224,1.329637,1,Wet weight,Eurasian Otter,,,,4.0,Terrestrial environment,,,,Other (22510),Liver,67.71874195,,UK,biota,-2681.9554101894983,-1298.8221957919618
243,21523,LIFE APEX,Real Sample,LIFE APEX 36 Otter liver from Harich,"Mon, 01/01/2018 - 22:00","Mon, 11/27/2017 - 22:00",LC-Bruker maXis QTOF: Submission #11,Sneek,Netherlands,52.937049,5.542928,1,Dry weight,Otter,,,Harich,,River,,Harich,,Other (22510),Liver,,,Netherlands,biota,-2963.5341547383314,-436.40780842007325
244,21488,LIFE APEX,Real Sample,LIFE APEX 54 Harbour Seal liver from Kattegat,"Fri, 01/01/2016 - 22:00","Fri, 11/27/2015 - 22:00",LC-Bruker maXis QTOF: Submission #10,Goteborg,Sweden,56.951607,11.301717,1,Dry weight,Otter Seal,,,Kattegat,,Coastal region,,Kattegat,,Other (22510),Liver,,,Sweden,biota,3056.11473072667,1515.7065519548814
245,21492,LIFE APEX,Real Sample,LIFE APEX 52 Otter liver from Norrbotten,"Mon, 01/01/2018 - 22:00","Mon, 11/27/2017 - 22:00",LC-Bruker maXis QTOF: Submission #10,Kiruna,Sweden,67.934516,20.379767,1,Dry weight,Otter,,,Norrbotten,,River,,Norrbotten,,Other (22510),Liver,,,Sweden,biota,3450.0510877618394,481.7144703175033
246,19093,LIFE APEX,Real Sample,LIFE APEX 158 Eurasian Otter liver pooled from South Hungary,"Thu, 01/01/2015 - 22:00","Thu, 11/27/2014 - 22:00",LC-Bruker maXis QTOF: Submission #10,Szeged,Hungary,46.340018,20.093273,1,Wet weight,Eurasian Otter,,,,2.0,Terrestrial environment,,,,Other (22510),Liver,70.26754886,,Hungary,biota,2995.332989289469,-348.51619090357457
247,19068,LIFE APEX,Real Sample,LIFE APEX 187 Buzzard liver pooled from Northern Sardinia,"Sun, 02/02/2020 - 22:00","Sun, 12/29/2019 - 22:00",LC-Bruker maXis QTOF: Submission #11,Cagliari,Italy,39.421881,9.329993,1,Wet weight,Buzzard,,,,3.0,Terrestrial environment,,,,Bird (22511),Liver,73.57061438,,Italy,biota,-2454.329149390224,-1807.7104755964933
248,21562,LIFE APEX,Real Sample,LIFE APEX 16 Roach Muscle from River Thames (Shepperton-Sunbury),"Fri, 01/01/2016 - 22:00","Fri, 11/27/2015 - 22:00",LC-Bruker maXis QTOF: Submission #10,London,UK,51.386399,-0.451476,1,Dry weight,Roach,,,Thames River Basin,,River,,Thames River Basin,,Fish (22486),Muscle,,,Canada,biota,778.8442373993008,3271.4034174434464
249,19069,LIFE APEX,Real Sample,LIFE APEX 187 Buzzard liver pooled from Northern Sardinia,"Sun, 02/02/2020 - 22:00","Sun, 12/29/2019 - 22:00",LC-Bruker maXis QTOF: Submission #10,Cagliari,Italy,39.421881,9.329993,1,Wet weight,Buzzard,,,,3.0,Terrestrial environment,,,,Bird (22511),Liver,73.57061438,,Italy,biota,5214.149533508628,-2207.6103710098446
250,20004,LIFE APEX,Real Sample,LIFE APEX 70 Bream Muscle from Rhine Bimmen (2000),"Sat, 01/01/2000 - 22:00","Sat, 11/27/1999 - 22:00",LC-Bruker maXis QTOF: Submission #10,Bimmen,Germany,51.86051,6.071775,1,Wet weight,"Bream, Abramis brama",,,Rhine River,,River,,Rhine River Basin,,Fish (22486),Muscle,80.0,,Germany,biota,166.83166720564392,2342.816313193686
251,21519,LIFE APEX,Real Sample,LIFE APEX 38 Harbour Seal liver from Zuid-Holland,"Tue, 01/01/2019 - 22:00","Tue, 11/27/2018 - 22:00",LC-Bruker maXis QTOF: Submission #11,Rotterdam,Netherlands,51.901053,4.284472,1,Dry weight,Harbour Seal,,,Zuid-Holland,,Coastal region,,Zuid-Holland,,Other (22510),Liver,,,Netherlands,biota,-3020.9068073030367,-509.9830809031082
252,19867,LIFE APEX,Real Sample,LIFE APEX 135 Otter liver from England and Wales (2015),"Thu, 01/01/2015 - 22:00","Thu, 11/27/2014 - 22:00",LC-Bruker maXis QTOF: Submission #11,London,UK,51.57467,-1.067028,0,Wet weight,"Eurasian Otter, Lutra lutra",,,UK,,River,,,,Other (22510),Liver,67.41630136,,Canada,biota,-2953.317212168661,-287.80041654357683
253,19876,LIFE APEX,Real Sample,LIFE APEX 131 Otter liver from England and Wales (2018),"Mon, 01/01/2018 - 22:00","Mon, 11/27/2017 - 22:00",LC-Bruker maXis QTOF: Submission #10,London,UK,51.57467,-1.067028,0,Wet weight,"Eurasian Otter, Lutra lutra",,,UK,,River,,,,Other (22510),Liver,67.46431726,,Canada,biota,2967.3836409010355,-765.2773338442622
254,19878,LIFE APEX,Real Sample,LIFE APEX 130 Otter liver from England and Wales (2017),"Sun, 01/01/2017 - 22:00","Sun, 11/27/2016 - 22:00",LC-Bruker maXis QTOF: Submission #10,London,UK,51.57467,-1.067028,0,Wet weight,"Eurasian Otter, Lutra lutra",,,UK,,River,,,,Other (22510),Liver,68.67848587,,Canada,biota,2656.793643577019,-738.6586873860056
255,19869,LIFE APEX,Real Sample,LIFE APEX 134 Otter liver from England and Wales (2015),"Thu, 01/01/2015 - 22:00","Thu, 11/27/2014 - 22:00",LC-Bruker maXis QTOF: Submission #11,London,UK,51.57467,-1.067028,0,Wet weight,"Eurasian Otter, Lutra lutra",,,UK,,River,,,,Other (22510),Liver,67.32055329,,Canada,biota,-2945.8449568880214,-496.0265589516497
256,19062,LIFE APEX,Real Sample,"LIFE APEX 190 Buzzard liver pooled from Reutlingen, Oberhausen, Lichtenstein","Mon, 01/01/2018 - 22:00","Mon, 11/27/2017 - 22:00",LC-Bruker maXis QTOF: Submission #11,Reutlingen,Germany,48.466091,9.165925,1,Wet weight,Buzzard,,,,3.0,Terrestrial environment,,,,Bird (22511),Liver,73.0,,Germany,biota,-2367.3603549542618,-1529.856135848701
257,19144,LIFE APEX,Real Sample,LIFE APEX 169 Bearded Seal liver pooled from Olav V Land,"Tue, 01/01/2019 - 22:00","Tue, 11/27/2018 - 22:00",LC-Bruker maXis QTOF: Submission #11,Longyearbyen,Norway,78.247999,15.694319,1,Wet weight,Bearded Seal,,,,2.0,Marine environment,,,,Fish (22486),Liver,69.4853781,,Norway,biota,-2728.884440484282,-635.0619868255324
258,19051,LIFE APEX,Real Sample,LIFE APEX 196 Buzzard liver pooled from Cluj-Napoca,"Tue, 01/01/2019 - 22:00","Tue, 11/27/2018 - 22:00",LC-Bruker maXis QTOF: Submission #10,Cluj-Napoca,Romania,46.735113,23.563525,1,Wet weight,Buzzard,,,,1.0,Terrestrial environment,,,,Bird (22511),Liver,77.5,,Romania,biota,5441.4304761370895,-2740.7162788720057
259,19108,LIFE APEX,Real Sample,LIFE APEX 148 Eurasian Otter liver pooled from Southern Denmark,"Mon, 01/01/2018 - 22:00","Mon, 11/27/2017 - 22:00",LC-Bruker maXis QTOF: Submission #11,Vejle,Denmark,55.693697,9.590751,1,Wet weight,Eurasian Otter,,,,1.0,Terrestrial environment,,,,Other (22510),Liver,71.32909839,,Denmark,biota,-2849.1523301329257,-1250.5738101073634
260,19111,LIFE APEX,Real Sample,LIFE APEX 147 Eurasian Otter liver pooled from East Anglia,"Thu, 01/01/2015 - 22:00","Thu, 11/27/2014 - 22:00",LC-Bruker maXis QTOF: Submission #10,Norwich,UK,52.623224,1.329637,1,Wet weight,Eurasian Otter,,,,4.0,Terrestrial environment,,,,Other (22510),Liver,67.71874195,,UK,biota,2922.710521642484,-529.186474392541
261,19920,LIFE APEX,Real Sample,LIFE APEX 110 Buzzard liver from England (2016),"Fri, 01/01/2016 - 22:00","Fri, 11/27/2015 - 22:00",LC-Bruker maXis QTOF: Submission #10,London,UK,51.329021,0.379717,0,Wet weight,"Buzzard, Buteo buteo",,,UK,,Terrestrial environment,,,,Other (22510),Liver,73.06873892,,Canada,biota,3903.081308571993,-1326.172544302573
262,21527,LIFE APEX,Real Sample,LIFE APEX 33 Otter liver from Overijssel,"Mon, 01/01/2018 - 22:00","Mon, 11/27/2017 - 22:00",LC-Bruker maXis QTOF: Submission #11,Almelo,Netherlands,52.583347,6.099912,1,Dry weight,Otter,,,Overijssel,,River,,Overijssel,,Other (22510),Liver,,,Netherlands,biota,-2809.500078414414,165.11544053844653
263,39,LIFE APEX,Real Sample,LIFE APEX 03 Bream Muscle from Rhine Bimmen,"Thu, 01/01/2015 - 00:00","Wed, 01/01/2020 - 00:00",LC-Bruker maXis QTOF: Submission #10,Emmerich,Germany,51.85,6.24,Yes,Wet weight,Abramis brama,,,Rhine river,,River,,Rhine river basin,,,Muscle,,,Germany,biota,749.7307506327192,2641.3578542848727
264,20003,LIFE APEX,Real Sample,LIFE APEX 70 Bream Muscle from Rhine Bimmen (2000),"Sat, 01/01/2000 - 22:00","Sat, 11/27/1999 - 22:00",LC-Bruker maXis QTOF: Submission #11,Bimmen,Germany,51.86051,6.071775,1,Wet weight,"Bream, Abramis brama",,,Rhine River,,River,,Rhine River Basin,,Fish (22486),Muscle,80.0,,Germany,biota,-2825.554751906054,919.6987787054023
265,19163,LIFE APEX,Real Sample,LIFE APEX 160 Striped dolphin Muscle pooled from Bay of Biscay,"Sun, 01/01/2017 - 22:00","Sun, 11/27/2016 - 22:00",LC-Bruker maXis QTOF: Submission #10,Bilbao,Spain,43.353601,-3.133122,1,Wet weight,Striped dolphin,,,,1.0,Marine environment,,,,Fish (22486),Muscle,71.7277261,,Spain,biota,774.7703165999715,2246.1421024772962
266,19055,LIFE APEX,Real Sample,"LIFE APEX 194 Buzzard liver pooled from Presov, Kosice, Trebisov, Humenne","Mon, 01/01/2018 - 22:00","Mon, 11/27/2017 - 22:00",LC-Bruker maXis QTOF: Submission #10,Presov,Slovakia,48.975857,21.195856,1,Wet weight,Buzzard,,,,1.0,Terrestrial environment,,,,Bird (22511),Liver,72.07331331,,Slovakia,biota,5583.671256014442,-2825.9437928908133
267,38,LIFE APEX,Real Sample,LIFE APEX 02 Bream Muscle from Elbe,"Thu, 01/01/2015 - 00:00","Wed, 01/01/2020 - 00:00",LC-Bruker maXis QTOF: Submission #10,Wittenberge,Germany,53.01,11.75,Yes,Wet weight,Abramis brama,,,Elbe river,,River,,Elbe river basin,,,Muscle,,,Germany,biota,800.4766898657649,2687.180380689858
268,19056,LIFE APEX,Real Sample,"LIFE APEX 193 Buzzard liver pooled from Santa Maria da Feira, Gondomar, Braga","Sun, 02/02/2020 - 22:00","Sun, 12/29/2019 - 22:00",LC-Bruker maXis QTOF: Submission #11,Porto,Portugal,41.077999,-8.436219,1,Wet weight,Buzzard,,,,1.0,Terrestrial environment,,,,Bird (22511),Liver,76.42775344,,Portugal,biota,-2494.6151974624445,-1886.7367719168503
269,21524,LIFE APEX,Real Sample,LIFE APEX 36 Otter liver from Harich,"Mon, 01/01/2018 - 22:00","Mon, 11/27/2017 - 22:00",LC-Bruker maXis QTOF: Submission #10,Sneek,Netherlands,52.937049,5.542928,1,Dry weight,Otter,,,Harich,,River,,Harich,,Other (22510),Liver,,,Netherlands,biota,4326.923045354732,96.85906768543082
270,19993,LIFE APEX,Real Sample,LIFE APEX 75 Bream Muscle from Rhine Bimmen (2010),"Fri, 01/01/2010 - 22:00","Fri, 11/27/2009 - 22:00",LC-Bruker maXis QTOF: Submission #11,Bimmen,Germany,51.86051,6.071775,1,Wet weight,"Bream, Abramis brama",,,Rhine River,,River,,Rhine River Basin,,Fish (22486),Muscle,78.0,,Germany,biota,-2764.546452268239,920.051744126652
271,19972,LIFE APEX,Real Sample,LIFE APEX 85 Harbour Seal liver from North Sea (2005),"Sat, 01/01/2005 - 22:00","Sat, 11/27/2004 - 22:00",LC-Bruker maXis QTOF: Submission #10,Cuxhaven,Germany,54.082933,8.48307,1,Wet weight,"Harbour Seal, Phoca vitulina",,,North Sea,,Coastal region,,North Sea Basin,,Other (22510),Liver,69.0,,Germany,biota,2581.0156201908517,-594.7389536765888
272,21508,LIFE APEX,Real Sample,LIFE APEX 44 Buzzard liver from Baden-Wurttemberg,"Mon, 01/01/2018 - 22:00","Mon, 11/27/2017 - 22:00",LC-Bruker maXis QTOF: Submission #10,Stuttgart,Germany,54.20943,12.816105,1,Dry weight,Buzzard,,,Baden-Wurttemberg,,Terrestrial environment,,Baden-Wurttemberg,,Other (22510),Liver,,,Germany,biota,3344.7566588839923,165.1185105791443
273,19873,LIFE APEX,Real Sample,LIFE APEX 132 Otter liver from England and Wales (2008),"Tue, 01/01/2008 - 22:00","Tue, 11/27/2007 - 22:00",LC-Bruker maXis QTOF: Submission #11,London,UK,51.57467,-1.067028,0,Wet weight,"Eurasian Otter, Lutra lutra",,,UK,,River,,,,Other (22510),Liver,67.2673737,,Canada,biota,-2913.088495749327,-312.73574235824776
274,19153,LIFE APEX,Real Sample,LIFE APEX 165 Harbour Porpoise liver pooled from east and north and west Scotland,"Mon, 01/01/2018 - 22:00","Mon, 11/27/2017 - 22:00",LC-Bruker maXis QTOF: Submission #10,Glasgow,UK,55.927337,-4.486307,1,Wet weight,Harbour Porpoise,,,,7.0,Marine environment,,,,Fish (22486),Liver,69.26636388,,UK,biota,3464.7326136340457,-211.22885035290236
275,21548,LIFE APEX,Real Sample,LIFE APEX 23 Otter liver from South Wales-Somerset-Hertfordshire,"Fri, 01/01/2016 - 22:00","Fri, 11/27/2015 - 22:00",LC-Bruker maXis QTOF: Submission #10,Bath,UK,51.334841,-2.616951,1,Dry weight,Otter,,,South Wales-Somerset-Hertfordshire,,Coastal region,,South Wales-Somerset-Hertfordshire,,Other (22510),Liver,,,UK,biota,3445.2652985242703,861.944481257923
276,19167,LIFE APEX,Real Sample,LIFE APEX 155 Harbour Porpoise liver pooled from Varangerfjorden,"Sun, 01/01/2017 - 22:00","Sun, 11/27/2016 - 22:00",LC-Bruker maXis QTOF: Submission #10,Varangerfjorden,Norway,70.08034,28.898893,1,Wet weight,Harbour Porpoise,,,,1.0,Marine environment,,,,Fish (22486),Liver,70.53119999,,Norway,biota,2536.3195346820376,224.25463193654838
277,21594,LIFE APEX,Real Sample,LIFE APEX 01 Bream Muscle from Danube Jochenstein,"Thu, 01/01/2015 - 22:00","Thu, 11/27/2014 - 22:00",LC-Bruker maXis QTOF: Submission #10,Dessau,Germany,51.83,12.22,1,Dry weight,Bream,,,Danube river basin,,Coastal region,,Danube river basin,,Fish (22486),Muscle,,,Germany,biota,917.1347629441866,2715.031508313715
278,21555,LIFE APEX,Real Sample,LIFE APEX 19 Roach Muscle from River Thames (Standford-Abington),"Sun, 01/01/2017 - 22:00","Sun, 11/27/2016 - 22:00",LC-Bruker maXis QTOF: Submission #11,Northampton,UK,52.233289,-0.858002,1,Dry weight,Roach,,,Thames River Basin,,River,,Thames River Basin,,Fish (22486),Muscle,,,UK,biota,-2852.4939187232612,217.60630450788338
279,21584,LIFE APEX,Real Sample,LIFE APEX 06 Herring gull eggs from North Sea Mellum,"Thu, 01/01/2015 - 22:00","Thu, 11/27/2014 - 22:00",LC-Bruker maXis QTOF: Submission #10,Wilhelmshaven,Germany,53.54,8.11,1,Dry weight,Herring gull,,,North sea,,River,,North sea,,Other (22510),Other,,,Germany,biota,692.9312659775055,3160.448721085138
280,19970,LIFE APEX,Real Sample,LIFE APEX 86 Harbour Seal liver from North Sea (2006),"Sun, 01/01/2006 - 22:00","Sun, 11/27/2005 - 22:00",LC-Bruker maXis QTOF: Submission #10,Cuxhaven,Germany,54.082933,8.48307,1,Wet weight,"Harbour Seal, Phoca vitulina",,,North Sea,,Coastal region,,North Sea Basin,,Other (22510),Liver,73.0,,Germany,biota,2617.482028149176,-753.2793114496452
281,19985,LIFE APEX,Real Sample,LIFE APEX 79 Bream Muscle from Rhine Bimmen (2018),"Mon, 01/01/2018 - 22:00","Mon, 11/27/2017 - 22:00",LC-Bruker maXis QTOF: Submission #11,Bimmen,Germany,51.86051,6.071775,1,Wet weight,"Bream, Abramis brama",,,Rhine River,,River,,Rhine River Basin,,Fish (22486),Muscle,78.0,,Germany,biota,-2766.5442991531963,920.2984063128223
282,19909,LIFE APEX,Real Sample,LIFE APEX 115 Buzzard liver from England (2016),"Fri, 01/01/2016 - 22:00","Fri, 11/27/2015 - 22:00",LC-Bruker maXis QTOF: Submission #11,London,UK,51.329021,0.379717,0,Wet weight,"Buzzard, Buteo buteo",,,UK,,Terrestrial environment,,,,Other (22510),Liver,74.42920709,,Canada,biota,-3078.5797452946563,-442.9782697391651
283,19980,LIFE APEX,Real Sample,LIFE APEX 81 Harbour Seal liver from North Sea (2001),"Mon, 01/01/2001 - 22:00","Mon, 11/27/2000 - 22:00",LC-Bruker maXis QTOF: Submission #10,Cuxhaven,Germany,54.082933,8.48307,1,Wet weight,"Harbour Seal, Phoca vitulina",,,North Sea,,Coastal region,,North Sea Basin,,Other (22510),Liver,71.0,,Germany,biota,2672.3347514936013,-498.6664845285016
284,19149,LIFE APEX,Real Sample,LIFE APEX 167 Harbour Porpoise liver pooled from Odessa,"Sun, 02/02/2020 - 22:00","Sun, 12/29/2019 - 22:00",LC-Bruker maXis QTOF: Submission #10,Odessa,Ukraine,46.469803,30.767571,1,Wet weight,Harbour Porpoise,,,,1.0,Marine environment,,,,Fish (22486),Liver,72.94176098,,USA,biota,2853.731607296128,-56.0036304632018
285,21590,LIFE APEX,Real Sample,LIFE APEX 03 Bream Muscle from Rhine Bimmen,"Thu, 01/01/2015 - 22:00","Thu, 11/27/2014 - 22:00",LC-Bruker maXis QTOF: Submission #10,Emmerich,Germany,51.85,6.24,1,Dry weight,Bream,,,Rhine river basin,,River,,Rhine river basin,,Fish (22486),Muscle,,,Germany,biota,749.7307506327192,2641.3578542848727
286,21458,LIFE APEX,Real Sample,LIFE APEX 67 Otter liver from Hohn,"Fri, 01/01/2016 - 22:00","Fri, 11/27/2015 - 22:00",LC-Bruker maXis QTOF: Submission #10,Rendsburg,Germany,54.30341,9.478417,1,Dry weight,Otter,,,Hohner Lake,,River,,Hohner Lake,,Other (22510),Liver,,,Germany,biota,588.9861769000819,1670.013059358502
287,19103,LIFE APEX,Real Sample,LIFE APEX 151 Eurasian Otter liver pooled from Jutland,"Thu, 01/01/2015 - 22:00","Thu, 11/27/2014 - 22:00",LC-Bruker maXis QTOF: Submission #10,Copenhagen,Denmark,55.730737,12.58783,1,Wet weight,Eurasian Otter,,,,2.0,Terrestrial environment,,,,Other (22510),Liver,68.94836476,,Denmark,biota,3157.963480008861,-851.9236206279938
288,19130,LIFE APEX,Real Sample,"LIFE APEX 178 Harbour Porpoise liver pooled from Belgium, France","Thu, 01/01/2015 - 22:00","Thu, 11/27/2014 - 22:00",LC-Bruker maXis QTOF: Submission #11,Antwerp,Belgium,51.414713,3.479625,1,Wet weight,Harbour Porpoise,,,,1.0,Marine environment,,,,Fish (22486),Liver,72.94562321,,Belgium,biota,-2882.906865358746,-742.7866692410936
289,19096,LIFE APEX,Real Sample,LIFE APEX 154 Eurasian Otter liver pooled from Southern Moravia,"Fri, 01/01/2016 - 22:00","Fri, 11/27/2015 - 22:00",LC-Bruker maXis QTOF: Submission #11,Brno,Czech Republic,49.104827,16.631006,1,Wet weight,Eurasian Otter,,,,3.0,Terrestrial environment,,,,Other (22510),Liver,68.67873375,,Czech Republic,biota,-2860.4865715272585,-951.2860421126755
290,19107,LIFE APEX,Real Sample,LIFE APEX 149 Eurasian Otter liver pooled from Jutland,"Fri, 01/01/2016 - 22:00","Fri, 11/27/2015 - 22:00",LC-Bruker maXis QTOF: Submission #10,Copenhagen,Denmark,55.60806,12.502279,1,Wet weight,Eurasian Otter,,,,2.0,Terrestrial environment,,,,Other (22510),Liver,70.89108329,,Denmark,biota,3367.09077411624,-485.69992987908836
291,19074,LIFE APEX,Real Sample,LIFE APEX 184 Buzzard liver pooled from Central and South Slovenia,"Sun, 01/01/2017 - 22:00","Sun, 11/27/2016 - 22:00",LC-Bruker maXis QTOF: Submission #11,Ljubljana,Slovenia,45.992352,14.383558,1,Wet weight,Buzzard,,,,2.0,Terrestrial environment,,,,Bird (22511),Liver,72.46723918,,Slovenia,biota,-2583.706470357538,-2361.4874102955346
292,19140,LIFE APEX,Real Sample,LIFE APEX 171 Short-beaked common dolphin liver pooled from Galicia,"Fri, 01/01/2016 - 22:00","Fri, 11/27/2015 - 22:00",LC-Bruker maXis QTOF: Submission #11,Santiago de Compostela,Spain,42.779569,-8.93292,1,Wet weight,Short-beaked common dolphin,,,,2.0,Marine environment,,,,Fish (22486),Liver,72.85091218,,Spain,biota,-2749.946443647573,-642.2275474263978
293,19134,LIFE APEX,Real Sample,LIFE APEX 174 Bottlenose dolphin liver pooled from Galicia,"Thu, 01/01/2015 - 22:00","Thu, 11/27/2014 - 22:00",LC-Bruker maXis QTOF: Submission #11,Santiago de Compostela,Spain,42.677202,-9.036299,1,Wet weight,Bottlenose dolphin,,,,2.0,Marine environment,,,,Fish (22486),Liver,70.13206725,,Spain,biota,-2818.8464236327463,-667.2999294044694
294,19083,LIFE APEX,Real Sample,"LIFE APEX 180 Buzzard liver pooled from Presov, Kosice, Trebisov, Humenne","Mon, 01/01/2018 - 22:00","Mon, 11/27/2017 - 22:00",LC-Bruker maXis QTOF: Submission #10,Kosice,Slovakia,48.808014,21.190465,1,Wet weight,Buzzard,,,,1.0,Terrestrial environment,,,,Bird (22511),Liver,72.07331331,,Slovakia,biota,5184.064767594535,-2196.3142147553913
295,46,LIFE APEX,Real Sample,LIFE APEX 10 Eelpout Muscle from North Sea Meldorfer Bucht,"Thu, 01/01/2015 - 00:00","Wed, 01/01/2020 - 00:00",LC-Bruker maXis QTOF: Submission #10,Cuxhaven,Germany,53.87,8.69,,Wet weight,Gymnelus hemifasciatus,,,North Sea,,Marine environment,,North Sea,,,Muscle,,,Germany,biota,3900.6443973861415,353.2922090198703
296,19960,LIFE APEX,Real Sample,LIFE APEX 91 Harbour Seal liver from North Sea (2011),"Sat, 01/01/2011 - 22:00","Sat, 11/27/2010 - 22:00",LC-Bruker maXis QTOF: Submission #10,Cuxhaven,Germany,54.082933,8.48307,1,Wet weight,"Harbour Seal, Phoca vitulina",,,North Sea,,Coastal region,,North Sea Basin,,Other (22510),Liver,74.0,,Germany,biota,2577.603739170345,-207.01441473726246
297,19077,LIFE APEX,Real Sample,"LIFE APEX 183 Buzzard liver pooled from Central, South and West Slovenia","Thu, 01/01/2015 - 22:00","Thu, 11/27/2014 - 22:00",LC-Bruker maXis QTOF: Submission #10,Ljubljana,Slovenia,45.979648,14.492887,1,Wet weight,Buzzard,,,,1.0,Terrestrial environment,,,,Bird (22511),Liver,74.45485339,,Slovenia,biota,5779.683644112691,-2775.28595448083
298,19145,LIFE APEX,Real Sample,LIFE APEX 169 Bearded Seal liver pooled from Olav V Land,"Tue, 01/01/2019 - 22:00","Tue, 11/27/2018 - 22:00",LC-Bruker maXis QTOF: Submission #10,Longyearbyen,Norway,78.247999,15.694319,1,Wet weight,Bearded Seal,,,,2.0,Marine environment,,,,Fish (22486),Liver,69.4853781,,Norway,biota,3349.8695252240927,-18.448339749269874
299,41,LIFE APEX,Real Sample,LIFE APEX 05 Bream Muscle from Saar Gudingen,"Thu, 01/01/2015 - 00:00","Thu, 01/01/2015 - 00:00",LC-Bruker maXis QTOF: Submission #10,Saarbrucken,Germany,49.25,6.97,Yes,Wet weight,Abramis brama,,,Rhine river,,River,,Rhine river basin,,,Muscle,,,Germany,biota,556.921511388857,3128.726489537999
300,19923,LIFE APEX,Real Sample,LIFE APEX 108 Buzzard liver from England (2014),"Wed, 01/01/2014 - 22:00","Wed, 11/27/2013 - 22:00",LC-Bruker maXis QTOF: Submission #11,London,UK,51.329021,0.379717,0,Wet weight,"Buzzard, Buteo buteo",,,UK,,Terrestrial environment,,,,Other (22510),Liver,71.57467406,,Canada,biota,-3003.8427246367173,-1043.3787331959704
301,19868,LIFE APEX,Real Sample,LIFE APEX 135 Otter liver from England and Wales (2015),"Thu, 01/01/2015 - 22:00","Thu, 11/27/2014 - 22:00",LC-Bruker maXis QTOF: Submission #10,London,UK,51.57467,-1.067028,0,Wet weight,"Eurasian Otter, Lutra lutra",,,UK,,River,,,,Other (22510),Liver,67.41630136,,Canada,biota,2594.055700125509,-699.8992898093995
302,21550,LIFE APEX,Real Sample,LIFE APEX 22 Otter liver from North East UK,"Fri, 01/01/2016 - 22:00","Fri, 11/27/2015 - 22:00",LC-Bruker maXis QTOF: Submission #10,Newcastle upon Tyne,UK,55.016114,-1.396547,1,Dry weight,Otter,,,North East UK,,Coastal region,,North East UK,,Other (22510),Liver,,,UK,biota,4174.6868535503,105.29564204945586
303,19986,LIFE APEX,Real Sample,LIFE APEX 79 Bream Muscle from Rhine Bimmen (2018),"Mon, 01/01/2018 - 22:00","Mon, 11/27/2017 - 22:00",LC-Bruker maXis QTOF: Submission #10,Bimmen,Germany,51.86051,6.071775,1,Wet weight,"Bream, Abramis brama",,,Rhine River,,River,,Rhine River Basin,,Fish (22486),Muscle,78.0,,Germany,biota,493.99054584971924,2178.9659064973753
304,21572,LIFE APEX,Real Sample,LIFE APEX 11 Buzzard liver from the Wash,"Sun, 01/01/2017 - 22:00","Sun, 11/27/2016 - 22:00",LC-Bruker maXis QTOF: Submission #10,Peterborough,UK,52.91546,0.248173,1,Dry weight,Buzzard,,,Wash,,Terrestrial environment,,Wash,,Other (22510),Liver,,,Canada,biota,4131.648342987122,253.03905278598882
305,19172,LIFE APEX,Real Sample,"LIFE APEX 137 White-tailed Sea Eagle Muscle pooled from Sodermanland, Uppland","Sun, 01/01/2017 - 22:00","Sun, 11/27/2016 - 22:00",LC-Bruker maXis QTOF: Submission #11,Uppsala,Sweden,59.837659,17.547826,1,Wet weight,White-tailed Sea Eagle,,,,2.0,Terrestrial environment,,,,Bird (22511),Muscle,67.0,,Sweden,biota,-2767.625534621989,-696.4524690415915
306,21556,LIFE APEX,Real Sample,LIFE APEX 19 Roach Muscle from River Thames (Standford-Abington),"Sun, 01/01/2017 - 22:00","Sun, 11/27/2016 - 22:00",LC-Bruker maXis QTOF: Submission #10,Northampton,UK,52.233289,-0.858002,1,Dry weight,Roach,,,Thames River Basin,,River,,Thames River Basin,,Fish (22486),Muscle,,,UK,biota,864.7172826472981,3214.0609827092107
307,19881,LIFE APEX,Real Sample,LIFE APEX 128 Otter liver from England and Wales (2015),"Thu, 01/01/2015 - 22:00","Thu, 11/27/2014 - 22:00",LC-Bruker maXis QTOF: Submission #11,London,UK,51.57467,-1.067028,0,Wet weight,"Eurasian Otter, Lutra lutra",,,UK,,River,,,,Other (22510),Liver,68.98686742,,Canada,biota,-2910.736421728091,-568.4069785443859
308,19936,LIFE APEX,Real Sample,LIFE APEX 102 Buzzard liver from England (2008),"Tue, 01/01/2008 - 22:00","Tue, 11/27/2007 - 22:00",LC-Bruker maXis QTOF: Submission #10,London,UK,51.329021,0.379717,0,Wet weight,"Buzzard, Buteo buteo",,,UK,,Terrestrial environment,,,,Other (22510),Liver,70.31883539,,Canada,biota,3413.6050206572536,-1150.9557898158987
309,19896,LIFE APEX,Real Sample,LIFE APEX 121 Otter liver from England and Wales (2008),"Tue, 01/01/2008 - 22:00","Tue, 11/27/2007 - 22:00",LC-Bruker maXis QTOF: Submission #10,London,UK,51.57467,-1.067028,0,Wet weight,"Eurasian Otter, Lutra lutra",,,UK,,River,,,,Other (22510),Liver,65.0,,Canada,biota,2872.8534764133806,-754.5437923382301
310,19170,LIFE APEX,Real Sample,LIFE APEX 138 Grey Seal liver pooled from Baltic Sea,"Thu, 01/01/2015 - 22:00","Thu, 11/27/2014 - 22:00",LC-Bruker maXis QTOF: Submission #11,Husum,Germany,54.474786,9.007344,1,Wet weight,Grey Seal,,,,1.0,Marine environment,,,,Other (22510),Liver,74.57685002,,Germany,biota,-2899.8073643893345,515.3810580553509
311,19924,LIFE APEX,Real Sample,LIFE APEX 108 Buzzard liver from England (2014),"Wed, 01/01/2014 - 22:00","Wed, 11/27/2013 - 22:00",LC-Bruker maXis QTOF: Submission #10,London,UK,51.329021,0.379717,0,Wet weight,"Buzzard, Buteo buteo",,,UK,,Terrestrial environment,,,,Other (22510),Liver,71.57467406,,Canada,biota,3637.295950740271,-1299.8968601787028
312,19098,LIFE APEX,Real Sample,LIFE APEX 153 Eurasian Otter liver pooled from Southern Bohemia,"Fri, 01/01/2016 - 22:00","Fri, 11/27/2015 - 22:00",LC-Bruker maXis QTOF: Submission #11,Brno,Czech Republic,49.237417,16.514217,1,Wet weight,Eurasian Otter,,,,2.0,Terrestrial environment,,,,Other (22510),Liver,68.02188089,,Czech Republic,biota,-2768.9853566526695,-852.9307560481387
313,21526,LIFE APEX,Real Sample,LIFE APEX 35 Otter liver from Zevenhuizen,"Mon, 01/01/2018 - 22:00","Mon, 11/27/2017 - 22:00",LC-Bruker maXis QTOF: Submission #10,Zevenhuizen-Moerkapelle,Netherlands,52.026211,4.558007,1,Dry weight,Otter,,,Zevenhuizen,,River,,Zevenhuizen,,Other (22510),Liver,,,Netherlands,biota,3548.414095428464,107.72470401337665
314,21472,LIFE APEX,Real Sample,LIFE APEX 60 Harbour Seal liver from Busum 01,"Thu, 01/01/2015 - 22:00","Thu, 11/27/2014 - 22:00",LC-Bruker maXis QTOF: Submission #10,Heide,Germany,54.119344,8.872848,1,Dry weight,Harbour Seal,,,North Sea,,Coastal region,,North Sea,,Other (22510),Liver,,,Germany,biota,-2013.2997560933804,2502.005394266892
315,19871,LIFE APEX,Real Sample,LIFE APEX 133 Otter liver from England and Wales (2008),"Tue, 01/01/2008 - 22:00","Tue, 11/27/2007 - 22:00",LC-Bruker maXis QTOF: Submission #11,London,UK,51.57467,-1.067028,0,Wet weight,"Eurasian Otter, Lutra lutra",,,UK,,River,,,,Other (22510),Liver,66.50200272,,Canada,biota,-2932.945733402473,-483.7117346662846
316,19087,LIFE APEX,Real Sample,LIFE APEX 176 Eurasian Otter liver pooled from Jonkopings lan,"Fri, 01/01/2016 - 22:00","Fri, 11/27/2015 - 22:00",LC-Bruker maXis QTOF: Submission #10,Jonkoping,Sweden,57.78885,14.152215,1,Wet weight,Eurasian Otter,,,,4.0,Terrestrial environment,,,,Other (22510),Liver,69.91941118,,Sweden,biota,2259.7628320530685,664.3343927271981
317,21581,LIFE APEX,Real Sample,LIFE APEX 07 Herring gull eggs from North Sea Trischen,"Thu, 01/01/2015 - 22:00","Thu, 11/27/2014 - 22:00",LC-Bruker maXis QTOF: Submission #11,Cuxhaven,Germany,53.87,8.69,1,Dry weight,Herring gull,,,North sea,,River,,North sea,,Other (22510),Other,,,Germany,biota,-2914.7586877344106,250.00629906945952
318,19123,LIFE APEX,Real Sample,LIFE APEX 141 Eurasian Otter liver pooled from Marseille,"Wed, 01/01/2014 - 22:00","Wed, 11/27/2013 - 22:00",LC-Bruker maXis QTOF: Submission #10,Marseille,France,43.21771,5.321604,1,Wet weight,Eurasian Otter,,,,1.0,Terrestrial environment,,,,Other (22510),Liver,71.73679779,,France,biota,2539.769099277978,213.95570742703006
319,19906,LIFE APEX,Real Sample,LIFE APEX 117 Buzzard liver from England (2018),"Mon, 01/01/2018 - 22:00","Mon, 11/27/2017 - 22:00",LC-Bruker maXis QTOF: Submission #10,London,UK,51.329021,0.379717,0,Wet weight,"Buzzard, Buteo buteo",,,UK,,Terrestrial environment,,,,Other (22510),Liver,74.28256256,,Canada,biota,3021.660507702836,-367.1885501651098
320,19168,LIFE APEX,Real Sample,"LIFE APEX 140 Bottlenose dolphin liver pooled from Pellestrina, Sestri Levante, Genova","Mon, 01/01/2018 - 22:00","Mon, 11/27/2017 - 22:00",LC-Bruker maXis QTOF: Submission #11,Genova,Italy,44.388246,8.990696,1,Wet weight,Bottlenose dolphin,,,,2.0,Marine environment,,,,Fish (22486),Liver,72.82337025,,Italy,biota,-2969.24672448193,-43.083636038283885
321,19905,LIFE APEX,Real Sample,LIFE APEX 117 Buzzard liver from England (2018),"Mon, 01/01/2018 - 22:00","Mon, 11/27/2017 - 22:00",LC-Bruker maXis QTOF: Submission #11,London,UK,51.329021,0.379717,0,Wet weight,"Buzzard, Buteo buteo",,,UK,,Terrestrial environment,,,,Other (22510),Liver,74.28256256,,Canada,biota,-2970.860082802955,-517.7580771640656
322,19962,LIFE APEX,Real Sample,LIFE APEX 90 Harbour Seal liver from North Sea (2010),"Fri, 01/01/2010 - 22:00","Fri, 11/27/2009 - 22:00",LC-Bruker maXis QTOF: Submission #10,Cuxhaven,Germany,54.082933,8.48307,1,Wet weight,"Harbour Seal, Phoca vitulina",,,North Sea,,Coastal region,,North Sea Basin,,Other (22510),Liver,73.0,,Germany,biota,1329.2214342776522,660.6237289442658
323,44,LIFE APEX,Real Sample,LIFE APEX 08 Eelpout Muscle from North Sea Varel Mellum,"Thu, 01/01/2015 - 00:00","Thu, 01/01/2015 - 00:00",LC-Bruker maXis QTOF: Submission #10,Wilhelmshaven,Germany,53.54,8.11,Yes,Wet weight,Gymnelus hemifasciatus,,,North Sea,,River,,North Sea,,,Muscle,,,Germany,biota,-115.43161989164498,3023.9307850893842
324,19162,LIFE APEX,Real Sample,LIFE APEX 160 Striped dolphin Muscle pooled from Bay of Biscay,"Sun, 01/01/2017 - 22:00","Sun, 11/27/2016 - 22:00",LC-Bruker maXis QTOF: Submission #11,Bilbao,Spain,43.353601,-3.133122,1,Wet weight,Striped dolphin,,,,1.0,Marine environment,,,,Fish (22486),Muscle,71.7277261,,Spain,biota,-2794.575449541157,44.105166138815214
325,21588,LIFE APEX,Real Sample,LIFE APEX 04 Bream Muscle from Belauer See,"Thu, 01/01/2015 - 22:00","Thu, 11/27/2014 - 22:00",LC-Bruker maXis QTOF: Submission #10,Neumunster,Germany,54.07,9.98,1,Dry weight,Bream,,,Belauer See,,Lake,,Belauer See,,Fish (22486),Muscle,,,Germany,biota,538.1563692832938,3006.4860665076867
326,19065,LIFE APEX,Real Sample,LIFE APEX 189 Buzzard liver pooled from Midle Saxony,"Thu, 01/01/2015 - 22:00","Thu, 11/27/2014 - 22:00",LC-Bruker maXis QTOF: Submission #10,Dresden,Germany,51.100723,13.825774,1,Wet weight,Buzzard,,,,2.0,Terrestrial environment,,,,Bird (22511),Liver,73.03709437,,Germany,biota,5654.329317004074,-2770.998426649377
327,19926,LIFE APEX,Real Sample,LIFE APEX 107 Buzzard liver from England (2013),"Tue, 01/01/2013 - 22:00","Tue, 11/27/2012 - 22:00",LC-Bruker maXis QTOF: Submission #10,London,UK,51.329021,0.379717,0,Wet weight,"Buzzard, Buteo buteo",,,UK,,Terrestrial environment,,,,Other (22510),Liver,71.55548958,,Canada,biota,3747.9841748858794,-1421.0825647511483
328,19927,LIFE APEX,Real Sample,LIFE APEX 106 Buzzard liver from England (2012),"Sun, 01/01/2012 - 22:00","Sun, 11/27/2011 - 22:00",LC-Bruker maXis QTOF: Submission #11,London,UK,51.329021,0.379717,0,Wet weight,"Buzzard, Buteo buteo",,,UK,,Terrestrial environment,,,,Other (22510),Liver,71.83446945,,Canada,biota,-3025.3970911619936,-662.6705310583095
329,19945,LIFE APEX,Real Sample,LIFE APEX 98 Harbour Seal liver from North Sea (2018),"Mon, 01/01/2018 - 22:00","Mon, 11/27/2017 - 22:00",LC-Bruker maXis QTOF: Submission #11,Cuxhaven,Germany,54.082933,8.48307,1,Wet weight,"Harbour Seal, Phoca vitulina",,,North Sea,,Coastal region,,North Sea Basin,,Other (22510),Liver,68.0,,Germany,biota,-2961.2918866763316,-368.69598897950175
330,21543,LIFE APEX,Real Sample,LIFE APEX 25 Otter liver from North Wales,"Sun, 01/01/2017 - 22:00","Sun, 11/27/2016 - 22:00",LC-Bruker maXis QTOF: Submission #11,Liverpool,UK,52.746127,-3.96748,1,Dry weight,Otter,,,North Wales,,River,,North Wales,,Other (22510),Liver,,,UK,biota,-2895.9645026570697,-451.9055764653774
331,19057,LIFE APEX,Real Sample,"LIFE APEX 193 Buzzard liver pooled from Santa Maria da Feira, Gondomar, Braga","Sun, 02/02/2020 - 22:00","Sun, 12/29/2019 - 22:00",LC-Bruker maXis QTOF: Submission #10,Porto,Portugal,41.077999,-8.436219,1,Wet weight,Buzzard,,,,1.0,Terrestrial environment,,,,Bird (22511),Liver,76.42775344,,Portugal,biota,5063.6796499828415,-2283.8722056145057
332,19154,LIFE APEX,Real Sample,LIFE APEX 164 White-beaked dolphin liver pooled from east and north and west Scotland,"Fri, 01/01/2016 - 22:00","Fri, 11/27/2015 - 22:00",LC-Bruker maXis QTOF: Submission #11,Glasgow,UK,55.94813,-4.74281,1,Wet weight,White-beaked dolphin,,,,7.0,Marine environment,,,,Fish (22486),Liver,69.25500797,,UK,biota,-2738.3009869658636,-1265.8297342722533
333,19933,LIFE APEX,Real Sample,LIFE APEX 103 Buzzard liver from England (2009),"Thu, 01/01/2009 - 22:00","Thu, 11/27/2008 - 22:00",LC-Bruker maXis QTOF: Submission #11,London,UK,51.329021,0.379717,0,Wet weight,"Buzzard, Buteo buteo",,,UK,,Terrestrial environment,,,,Other (22510),Liver,71.72999687,,Canada,biota,-3043.194658371753,-772.154159293938
334,19060,LIFE APEX,Real Sample,"LIFE APEX 191 Buzzard liver pooled from Tienen, Sint-Truiden","Tue, 02/02/2021 - 22:00","Tue, 12/29/2020 - 22:00",LC-Bruker maXis QTOF: Submission #11,Tienen,Belgium,50.810677,4.994232,1,Wet weight,Buzzard,,,,1.0,Terrestrial environment,,,,Bird (22511),Liver,74.62585662,,Belgium,biota,-2547.99972287715,-1858.398813353439
335,19882,LIFE APEX,Real Sample,LIFE APEX 128 Otter liver from England and Wales (2015),"Thu, 01/01/2015 - 22:00","Thu, 11/27/2014 - 22:00",LC-Bruker maXis QTOF: Submission #10,London,UK,51.57467,-1.067028,0,Wet weight,"Eurasian Otter, Lutra lutra",,,UK,,River,,,,Other (22510),Liver,68.98686742,,Canada,biota,2908.1448606947024,-830.1409534847162
336,19137,LIFE APEX,Real Sample,LIFE APEX 173 Bottlenose dolphin liver pooled from Galicia,"Thu, 01/01/2015 - 22:00","Thu, 11/27/2014 - 22:00",LC-Bruker maXis QTOF: Submission #10,Santiago de Compostela,Spain,42.737772,-9.076161,1,Wet weight,Bottlenose dolphin,,,,2.0,Marine environment,,,,Fish (22486),Liver,68.06259917,,Spain,biota,2536.2225416514557,7.471219515714102
337,19951,LIFE APEX,Real Sample,LIFE APEX 95 Harbour Seal liver from North Sea (2015),"Thu, 01/01/2015 - 22:00","Thu, 11/27/2014 - 22:00",LC-Bruker maXis QTOF: Submission #11,Cuxhaven,Germany,54.082933,8.48307,1,Wet weight,"Harbour Seal, Phoca vitulina",,,North Sea,,Coastal region,,North Sea Basin,,Other (22510),Liver,71.0,,Germany,biota,-2955.8018195131567,-235.76101750448404
338,19133,LIFE APEX,Real Sample,"LIFE APEX 177 Harbour Porpoise liver pooled from Belgium, France","Sun, 01/01/2017 - 22:00","Sun, 11/27/2016 - 22:00",LC-Bruker maXis QTOF: Submission #10,Antwerp,Belgium,51.411497,3.673056,1,Wet weight,Harbour Porpoise,,,,1.0,Marine environment,,,,Fish (22486),Liver,73.54919207,,Belgium,biota,3109.866398632804,755.8154600862968
339,19159,LIFE APEX,Real Sample,LIFE APEX 162 Short-beaked common dolphin liver pooled from Scoltand and western isles,"Thu, 01/01/2015 - 22:00","Thu, 11/27/2014 - 22:00",LC-Bruker maXis QTOF: Submission #10,Glasgow,UK,55.927465,-4.571935,1,Wet weight,Short-beaked common dolphin,,,,5.0,Marine environment,,,,Fish (22486),Liver,66.01463357,,UK,biota,2069.5023038289555,1327.942362861951
340,19911,LIFE APEX,Real Sample,LIFE APEX 114 Buzzard liver from England (2013),"Tue, 01/01/2013 - 22:00","Tue, 11/27/2012 - 22:00",LC-Bruker maXis QTOF: Submission #11,London,UK,51.329021,0.379717,0,Wet weight,"Buzzard, Buteo buteo",,,UK,,Terrestrial environment,,,,Other (22510),Liver,73.64956985,,Canada,biota,-3054.8343864780654,-964.665140591836
341,49,LIFE APEX,Real Sample,LIFE APEX 14 Buzzard liver from Sussex-Hampshire,"Sun, 01/01/2017 - 00:00","Wed, 01/01/2020 - 00:00",LC-Bruker maXis QTOF: Submission #10,Farnborough,UK,50.943334,-0.924196,No,Wet weight,Buteo buteo,,,,,Terrestrial environment,,Hampshire Basin,,,Liver,,,UK,biota,4237.04617575892,255.74830638295248
342,19950,LIFE APEX,Real Sample,LIFE APEX 96 Harbour Seal liver from North Sea (2016),"Fri, 01/01/2016 - 22:00","Fri, 11/27/2015 - 22:00",LC-Bruker maXis QTOF: Submission #10,Cuxhaven,Germany,54.082933,8.48307,1,Wet weight,"Harbour Seal, Phoca vitulina",,,North Sea,,Coastal region,,North Sea Basin,,Other (22510),Liver,74.0,,Germany,biota,2386.935482095776,-425.1357829455551
343,19937,LIFE APEX,Real Sample,"LIFE APEX 101 Buzzard liver from England (2005, 2006)","Sun, 01/01/2006 - 22:00","Sun, 11/27/2005 - 22:00",LC-Bruker maXis QTOF: Submission #11,London,UK,51.329021,0.379717,0,Wet weight,"Buzzard, Buteo buteo",,,UK,,Terrestrial environment,,,,Other (22510),Liver,70.65305017,,Canada,biota,-2972.188908866363,-265.874896143435
344,21554,LIFE APEX,Real Sample,LIFE APEX 20 Roach Muscle from River Welland (Stamford Meadows),"Sun, 01/01/2017 - 22:00","Sun, 11/27/2016 - 22:00",LC-Bruker maXis QTOF: Submission #10,Northampton,UK,52.65425,-0.461188,1,Dry weight,Roach,,,Welland River Basin,,River,,Welland River Basin,,Fish (22486),Muscle,,,UK,biota,619.8267608539086,3392.1894406213046
345,21532,LIFE APEX,Real Sample,LIFE APEX 31 Buzzard liver from Friesland,"Fri, 01/01/2016 - 22:00","Fri, 11/27/2015 - 22:00",LC-Bruker maXis QTOF: Submission #10,Leeuwarden,Netherlands,53.263884,6.097295,1,Dry weight,Buzzard,,,Friesland (NL),,Marine environment,,Friesland (NL),,Other (22510),Liver,,,Netherlands,biota,3463.8074676656975,-31.997527168843387
346,19885,LIFE APEX,Real Sample,LIFE APEX 126 Otter liver from England and Wales (2013),"Tue, 01/01/2013 - 22:00","Tue, 11/27/2012 - 22:00",LC-Bruker maXis QTOF: Submission #11,London,UK,51.57467,-1.067028,0,Wet weight,"Eurasian Otter, Lutra lutra",,,UK,,River,,,,Other (22510),Liver,68.0,,Canada,biota,-2934.597555498853,-675.9848173572761
347,19158,LIFE APEX,Real Sample,LIFE APEX 162 Short-beaked common dolphin liver pooled from Scoltand and western isles,"Thu, 01/01/2015 - 22:00","Thu, 11/27/2014 - 22:00",LC-Bruker maXis QTOF: Submission #11,Glasgow,UK,55.927465,-4.571935,1,Wet weight,Short-beaked common dolphin,,,,5.0,Marine environment,,,,Fish (22486),Liver,66.01463357,,UK,biota,-2890.3173057631548,-122.03810888575097
348,21487,LIFE APEX,Real Sample,LIFE APEX 54 Harbour Seal liver from Kattegat,"Fri, 01/01/2016 - 22:00","Fri, 11/27/2015 - 22:00",LC-Bruker maXis QTOF: Submission #11,Goteborg,Sweden,56.951607,11.301717,1,Dry weight,Otter Seal,,,Kattegat,,Coastal region,,Kattegat,,Other (22510),Liver,,,Sweden,biota,-2920.3895283024985,277.7860873119165
349,20008,LIFE APEX,Real Sample,LIFE APEX 68 Bream Muscle from Rhine Bimmen (1996),"Mon, 01/01/1996 - 22:00","Mon, 11/27/1995 - 22:00",LC-Bruker maXis QTOF: Submission #10,Bimmen,Germany,51.86051,6.071775,1,Wet weight,"Bream, Abramis brama",,,Rhine River,,River,,Rhine River Basin,,Fish (22486),Muscle,82.0,,Germany,biota,-153.4479524385163,2386.6846665331286
350,19953,LIFE APEX,Real Sample,LIFE APEX 94 Harbour Seal liver from North Sea (2014),"Wed, 01/01/2014 - 22:00","Wed, 11/27/2013 - 22:00",LC-Bruker maXis QTOF: Submission #11,Cuxhaven,Germany,54.082933,8.48307,1,Wet weight,"Harbour Seal, Phoca vitulina",,,North Sea,,Coastal region,,North Sea Basin,,Other (22510),Liver,65.0,,Germany,biota,-3039.854287062446,153.56291790400945
351,21558,LIFE APEX,Real Sample,LIFE APEX 18 Roach Muscle from River Anker (Stationfields),"Sun, 01/01/2017 - 22:00","Sun, 11/27/2016 - 22:00",LC-Bruker maXis QTOF: Submission #10,Tamworth,UK,52.63664,-1.682843,1,Dry weight,Roach,,,Anker River Basin,,River,,Anker River Basin,,Fish (22486),Muscle,,,UK,biota,1093.194098333983,2911.3451218037576
352,21580,LIFE APEX,Real Sample,LIFE APEX 08 Eelpout Muscle from North Sea Varel Mellum,"Thu, 01/01/2015 - 22:00","Thu, 11/27/2014 - 22:00",LC-Bruker maXis QTOF: Submission #10,Wilhelmshaven,Germany,53.54,8.11,1,Dry weight,Eelpout,,,North Sea,,Coastal region,,North Sea,,Fish (22486),Muscle,,,Germany,biota,12.363025567355296,2937.3988099495077
353,21547,LIFE APEX,Real Sample,LIFE APEX 23 Otter liver from South Wales-Somerset-Hertfordshire,"Fri, 01/01/2016 - 22:00","Fri, 11/27/2015 - 22:00",LC-Bruker maXis QTOF: Submission #11,Bath,UK,51.334841,-2.616951,1,Dry weight,Otter,,,South Wales-Somerset-Hertfordshire,,Coastal region,,South Wales-Somerset-Hertfordshire,,Other (22510),Liver,,,UK,biota,-2843.8027793388937,-180.15582730395414
354,19121,LIFE APEX,Real Sample,LIFE APEX 142 Eurasian Otter liver pooled from Eastern Austria,"Fri, 01/01/2016 - 22:00","Fri, 11/27/2015 - 22:00",LC-Bruker maXis QTOF: Submission #10,Innsbruck,Austria,47.264397,11.323576,1,Wet weight,Eurasian Otter,,,,1.0,Terrestrial environment,,,,Other (22510),Liver,68.45807939,,Austria,biota,2876.402086467139,-262.94595215637037
355,19059,LIFE APEX,Real Sample,LIFE APEX 192 Buzzard liver pooled from Sint-Truiden,"Tue, 02/02/2021 - 22:00","Tue, 12/29/2020 - 22:00",LC-Bruker maXis QTOF: Submission #10,Sint-Truiden,Belgium,50.871641,5.215332,1,Wet weight,Buzzard,,,,2.0,Terrestrial environment,,,,Bird (22511),Liver,74.89249187,,Belgium,biota,5545.7107883409035,-2355.442206538414
356,21515,LIFE APEX,Real Sample,LIFE APEX 40 Bream Muscle from Noord-Holland,"Tue, 01/01/2019 - 22:00","Tue, 11/27/2018 - 22:00",LC-Bruker maXis QTOF: Submission #11,Amsterdam,Netherlands,52.374011,4.913521,1,Dry weight,Bream,,,Noord-Holland,,River,,Noord-Holland,,Fish (22486),Muscle,,,Netherlands,biota,-2857.923480288026,708.4598640624026
357,21516,LIFE APEX,Real Sample,LIFE APEX 40 Bream Muscle from Noord-Holland,"Tue, 01/01/2019 - 22:00","Tue, 11/27/2018 - 22:00",LC-Bruker maXis QTOF: Submission #10,Amsterdam,Netherlands,52.374011,4.913521,1,Dry weight,Bream,,,Noord-Holland,,River,,Noord-Holland,,Fish (22486),Muscle,,,Netherlands,biota,-464.14511014702623,2443.357083288521
358,21485,LIFE APEX,Real Sample,LIFE APEX 55 Harbour Seal liver from Skagerrak,"Thu, 01/01/2015 - 22:00","Thu, 11/27/2014 - 22:00",LC-Bruker maXis QTOF: Submission #11,Goteborg,Sweden,58.488418,10.71067,1,Dry weight,Otter Seal,,,Skagerrak,,Coastal region,,Skagerrak,,Other (22510),Liver,,,Sweden,biota,-3017.042252053975,139.78517740178307
359,19948,LIFE APEX,Real Sample,LIFE APEX 97 Harbour Seal liver from North Sea (2017),"Sun, 01/01/2017 - 22:00","Sun, 11/27/2016 - 22:00",LC-Bruker maXis QTOF: Submission #10,Cuxhaven,Germany,54.082933,8.48307,1,Wet weight,"Harbour Seal, Phoca vitulina",,,North Sea,,Coastal region,,North Sea Basin,,Other (22510),Liver,70.0,,Germany,biota,2436.064198770421,-460.8648552482746
360,19879,LIFE APEX,Real Sample,LIFE APEX 129 Otter liver from England and Wales (2016),"Fri, 01/01/2016 - 22:00","Fri, 11/27/2015 - 22:00",LC-Bruker maXis QTOF: Submission #11,London,UK,51.57467,-1.067028,0,Wet weight,"Eurasian Otter, Lutra lutra",,,UK,,River,,,,Other (22510),Liver,68.82761586,,Canada,biota,-2990.288648004788,-409.42328700129843
361,19100,LIFE APEX,Real Sample,LIFE APEX 152 Eurasian Otter liver pooled from Northern Moravia,"Fri, 01/01/2016 - 22:00","Fri, 11/27/2015 - 22:00",LC-Bruker maXis QTOF: Submission #11,Olomouc,Czech Republic,49.548002,17.270283,1,Wet weight,Eurasian Otter,,,,1.0,Terrestrial environment,,,,Other (22510),Liver,68.58435661,,Czech Republic,biota,-2798.065361918564,-1903.7518338868551
362,19067,LIFE APEX,Real Sample,LIFE APEX 188 Buzzard liver pooled from Central Sardinia,"Sun, 02/02/2020 - 22:00","Sun, 12/29/2019 - 22:00",LC-Bruker maXis QTOF: Submission #10,Cagliari,Italy,39.413875,8.673894,1,Wet weight,Buzzard,,,,4.0,Terrestrial environment,,,,Bird (22511),Liver,73.18821329,,Italy,biota,5623.625708711806,-2920.846643719662
363,19148,LIFE APEX,Real Sample,LIFE APEX 167 Harbour Porpoise liver pooled from Odessa,"Sun, 02/02/2020 - 22:00","Sun, 12/29/2019 - 22:00",LC-Bruker maXis QTOF: Submission #11,Odesa,Norway,46.469803,30.767571,1,Wet weight,Harbour Porpoise,,,,1.0,Marine environment,,,,Fish (22486),Liver,72.94176098,,Ukraine,biota,-2649.168605133176,-1729.181771810405
364,19939,LIFE APEX,Real Sample,LIFE APEX 100 Buzzard liver from England (2003),"Wed, 01/01/2003 - 22:00","Wed, 11/27/2002 - 22:00",LC-Bruker maXis QTOF: Submission #11,London,UK,51.329021,0.379717,0,Wet weight,"Buzzard, Buteo buteo",,,UK,,Terrestrial environment,,,,Other (22510),Liver,69.87417919,,Canada,biota,-3001.0087897407243,-870.4255111958254
365,19066,LIFE APEX,Real Sample,LIFE APEX 188 Buzzard liver pooled from Central Sardinia,"Sun, 02/02/2020 - 22:00","Sun, 12/29/2019 - 22:00",LC-Bruker maXis QTOF: Submission #11,Cagliari,Italy,39.413875,8.673894,1,Wet weight,Buzzard,,,,4.0,Terrestrial environment,,,,Bird (22511),Liver,73.18821329,,Italy,biota,-2382.8450508364776,-1979.822986169432
366,19088,LIFE APEX,Real Sample,LIFE APEX 175 Eurasian Otter liver pooled from Kalmar-Ostergotlands lan,"Fri, 01/01/2016 - 22:00","Fri, 11/27/2015 - 22:00",LC-Bruker maXis QTOF: Submission #11,Kalmar,Sweden,56.654015,16.347488,1,Wet weight,Eurasian Otter,,,,3.0,Terrestrial environment,,,,Other (22510),Liver,69.71317886,,Sweden,biota,-2787.140537165059,-828.7754074003371
367,19976,LIFE APEX,Real Sample,LIFE APEX 83 Harbour Seal liver from North Sea (2003),"Wed, 01/01/2003 - 22:00","Wed, 11/27/2002 - 22:00",LC-Bruker maXis QTOF: Submission #10,Cuxhaven,Germany,54.082933,8.48307,1,Wet weight,"Harbour Seal, Phoca vitulina",,,North Sea,,Coastal region,,North Sea Basin,,Other (22510),Liver,72.0,,Germany,biota,2608.586753681564,-228.16215935945536
368,21467,LIFE APEX,Real Sample,LIFE APEX 62 Harbour Seal liver from Grothusenkoog,"Thu, 01/01/2015 - 22:00","Thu, 11/27/2014 - 22:00",LC-Bruker maXis QTOF: Submission #11,Heide,Germany,54.292287,8.752707,1,Dry weight,Harbour Seal,,,North Sea,,Coastal region,,North Sea,,Other (22510),Liver,,,Germany,biota,-3027.693451478913,-62.198405819839856
369,19938,LIFE APEX,Real Sample,"LIFE APEX 101 Buzzard liver from England (2005, 2006)","Sun, 01/01/2006 - 22:00","Sun, 11/27/2005 - 22:00",LC-Bruker maXis QTOF: Submission #10,London,UK,51.329021,0.379717,0,Wet weight,"Buzzard, Buteo buteo",,,UK,,Terrestrial environment,,,,Other (22510),Liver,70.65305017,,Canada,biota,3068.302954574824,-671.7415390168118
370,19895,LIFE APEX,Real Sample,LIFE APEX 121 Otter liver from England and Wales (2008),"Tue, 01/01/2008 - 22:00","Tue, 11/27/2007 - 22:00",LC-Bruker maXis QTOF: Submission #11,London,UK,51.57467,-1.067028,0,Wet weight,"Eurasian Otter, Lutra lutra",,,UK,,River,,,,Other (22510),Liver,65.0,,Canada,biota,-2980.1974923236917,-430.1007668780128
371,21504,LIFE APEX,Real Sample,LIFE APEX 46 Herring Muscle from Angskarsklubb,"Mon, 01/01/2018 - 22:00","Mon, 11/27/2017 - 22:00",LC-Bruker maXis QTOF: Submission #10,Norrtalje,Sweden,59.767709,18.805003,1,Dry weight,Herring,,,Angskarsklubb,,Coastal region,,Angskarsklubb,,Other (22510),Muscle,,,Sweden,biota,1533.118012752511,1380.5029566648118
372,21490,LIFE APEX,Real Sample,LIFE APEX 53 Otter liver from Harjedalen-Jamtland,"Sun, 01/01/2017 - 22:00","Sun, 11/27/2016 - 22:00",LC-Bruker maXis QTOF: Submission #10,Ostersund,Sweden,63.138889,14.43978,1,Dry weight,Otter,,,Harjedalen-Jamtland,,River,,Harjedalen-Jamtland,,Other (22510),Liver,,,Sweden,biota,3262.8214321026794,838.1480930567084
373,20007,LIFE APEX,Real Sample,LIFE APEX 68 Bream Muscle from Rhine Bimmen (1996),"Mon, 01/01/1996 - 22:00","Mon, 11/27/1995 - 22:00",LC-Bruker maXis QTOF: Submission #11,Bimmen,Germany,51.86051,6.071775,1,Wet weight,"Bream, Abramis brama",,,Rhine River,,River,,Rhine River Basin,,Fish (22486),Muscle,82.0,,Germany,biota,-2796.0332942854907,1043.68586547104
374,19929,LIFE APEX,Real Sample,LIFE APEX 105 Buzzard liver from England (2011),"Sat, 01/01/2011 - 22:00","Sat, 11/27/2010 - 22:00",LC-Bruker maXis QTOF: Submission #11,London,UK,51.329021,0.379717,0,Wet weight,"Buzzard, Buteo buteo",,,UK,,Terrestrial environment,,,,Other (22510),Liver,71.10651161,,Canada,biota,-2960.386730888424,-1290.9938653038685
375,21561,LIFE APEX,Real Sample,LIFE APEX 16 Roach Muscle from River Thames (Shepperton-Sunbury),"Fri, 01/01/2016 - 22:00","Fri, 11/27/2015 - 22:00",LC-Bruker maXis QTOF: Submission #11,London,UK,51.386399,-0.451476,1,Dry weight,Roach,,,Thames River Basin,,River,,Thames River Basin,,Fish (22486),Muscle,,,Canada,biota,-2800.2197916864766,301.1170964500561
376,21533,LIFE APEX,Real Sample,LIFE APEX 30 Harbour Porpoise liver from UK 05,"Sun, 01/01/2017 - 22:00","Sun, 11/27/2016 - 22:00",LC-Bruker maXis QTOF: Submission #11,Liverpool,UK,53.736376,-3.838481,1,Dry weight,Harbour Porpoise,,,Marine water of UK,,Marine environment,,Marine water of UK,,Fish (22486),Liver,,,UK,biota,-2643.933715288813,-1248.0971971338618
377,19969,LIFE APEX,Real Sample,LIFE APEX 86 Harbour Seal liver from North Sea (2006),"Sun, 01/01/2006 - 22:00","Sun, 11/27/2005 - 22:00",LC-Bruker maXis QTOF: Submission #11,Cuxhaven,Germany,54.082933,8.48307,1,Wet weight,"Harbour Seal, Phoca vitulina",,,North Sea,,Coastal region,,North Sea Basin,,Other (22510),Liver,73.0,,Germany,biota,-2882.321764742904,-481.16282251339646
378,19901,LIFE APEX,Real Sample,"LIFE APEX 118 Otter liver from England and Wales (2003, 2004)","Thu, 01/01/2004 - 22:00","Thu, 11/27/2003 - 22:00",LC-Bruker maXis QTOF: Submission #11,London,UK,51.57467,-1.067028,0,Wet weight,"Eurasian Otter, Lutra lutra",,,UK,,River,,,,Other (22510),Liver,65.0,,Canada,biota,-3024.6584681427103,-1124.7520900940424
379,21577,LIFE APEX,Real Sample,LIFE APEX 09 Eelpout Muscle from Baltic Sea Darsser Ort,"Thu, 01/01/2015 - 22:00","Thu, 11/27/2014 - 22:00",LC-Bruker maXis QTOF: Submission #11,Ribnitz-Damgarten,Germany,54.24,12.43,1,Dry weight,Eelpout,,,Baltic Sea,,Coastal region,,Baltic Sea,,Fish (22486),Muscle,,,Germany,biota,-2738.8187870604474,769.9860567688801
380,21521,LIFE APEX,Real Sample,LIFE APEX 37 Otter liver from Augustinusga,"Mon, 01/01/2018 - 22:00","Mon, 11/27/2017 - 22:00",LC-Bruker maXis QTOF: Submission #11,Groningen,Netherlands,53.226344,6.167509,1,Dry weight,Otter,,,Augustinusga,,River,,Augustinusga,,Other (22510),Liver,,,Netherlands,biota,-2911.0648846070026,-416.9680940037991
381,21542,LIFE APEX,Real Sample,LIFE APEX 26 Harbour Porpoise liver from UK 01,"Sun, 01/01/2017 - 22:00","Sun, 11/27/2016 - 22:00",LC-Bruker maXis QTOF: Submission #10,Kingston upon Hull,UK,54.474762,0.765404,1,Dry weight,Harbour Porpoise,,,Marine water of UK,,Marine environment,,Marine water of UK,,Fish (22486),Liver,,,UK,biota,2019.4022951300058,2247.0273974857446
382,21568,LIFE APEX,Real Sample,LIFE APEX 13 Buzzard liver from East Anglia,"Sun, 01/01/2017 - 22:00","Sun, 11/27/2016 - 22:00",LC-Bruker maXis QTOF: Submission #10,Norwich,UK,52.631445,1.302006,1,Dry weight,Buzzard,,,East Anglia,,Terrestrial environment,,East Anglia,,Other (22510),Liver,,,UK,biota,4440.555238652432,-154.51868680032607
383,19102,LIFE APEX,Real Sample,LIFE APEX 151 Eurasian Otter liver pooled from Jutland,"Thu, 01/01/2015 - 22:00","Thu, 11/27/2014 - 22:00",LC-Bruker maXis QTOF: Submission #11,Copenhagen,Denmark,55.730737,12.58783,1,Wet weight,Eurasian Otter,,,,2.0,Terrestrial environment,,,,Other (22510),Liver,68.94836476,,Denmark,biota,-2623.5607469637944,-1476.8751770889617
384,19913,LIFE APEX,Real Sample,LIFE APEX 113 Buzzard liver from England (2011),"Sat, 01/01/2011 - 22:00","Sat, 11/27/2010 - 22:00",LC-Bruker maXis QTOF: Submission #11,London,UK,51.329021,0.379717,0,Wet weight,"Buzzard, Buteo buteo",,,UK,,Terrestrial environment,,,,Other (22510),Liver,72.18055771,,Canada,biota,-3032.8918988548617,-503.5967508134424
385,21511,LIFE APEX,Real Sample,LIFE APEX 42 Buzzard liver from Lower Saxony,"Mon, 01/01/2018 - 22:00","Mon, 11/27/2017 - 22:00",LC-Bruker maXis QTOF: Submission #11,Hanover,Germany,52.378424,9.695191,1,Dry weight,Buzzard,,,Lower Saxony,,Terrestrial environment,,Lower Saxony,,Other (22510),Liver,,,Germany,biota,-2836.674835494575,-401.75442783599595
386,19998,LIFE APEX,Real Sample,LIFE APEX 73 Bream Muscle from Rhine Bimmen (2006),"Sun, 01/01/2006 - 22:00","Sun, 11/27/2005 - 22:00",LC-Bruker maXis QTOF: Submission #10,Bimmen,Germany,51.86051,6.071775,1,Wet weight,"Bream, Abramis brama",,,Rhine River,,River,,Rhine River Basin,,Fish (22486),Muscle,79.0,,Germany,biota,483.29976234555966,2426.294910300413
387,19918,LIFE APEX,Real Sample,LIFE APEX 111 Buzzard liver from England (2017),"Sun, 01/01/2017 - 22:00","Sun, 11/27/2016 - 22:00",LC-Bruker maXis QTOF: Submission #10,London,UK,51.329021,0.379717,0,Wet weight,"Buzzard, Buteo buteo",,,UK,,Terrestrial environment,,,,Other (22510),Liver,72.49956908,,Canada,biota,3586.9689907041115,-1189.581330473864
388,19136,LIFE APEX,Real Sample,LIFE APEX 173 Bottlenose dolphin liver pooled from Galicia,"Thu, 01/01/2015 - 22:00","Thu, 11/27/2014 - 22:00",LC-Bruker maXis QTOF: Submission #11,Santiago de Compostela,Spain,42.737772,-9.076161,1,Wet weight,Bottlenose dolphin,,,,2.0,Marine environment,,,,Fish (22486),Liver,68.06259917,,Spain,biota,-2718.004934452077,-1442.514796925182
389,19990,LIFE APEX,Real Sample,LIFE APEX 77 Bream Muscle from Rhine Bimmen (2014),"Wed, 01/01/2014 - 22:00","Wed, 11/27/2013 - 22:00",LC-Bruker maXis QTOF: Submission #10,Bimmen,Germany,51.86051,6.071775,1,Wet weight,"Bream, Abramis brama",,,Rhine River,,River,,Rhine River Basin,,Fish (22486),Muscle,80.0,,Germany,biota,484.32352587177945,2057.210021491118
390,19142,LIFE APEX,Real Sample,LIFE APEX 170 Grey Seal liver pooled from Baltic Sea,"Fri, 01/01/2016 - 22:00","Fri, 11/27/2015 - 22:00",LC-Bruker maXis QTOF: Submission #11,Gdynia,Poland,54.517322,18.562618,1,Wet weight,Grey Seal,,,,1.0,Marine environment,,,,Other (22510),Liver,67.47252697,,Poland,biota,-2842.9668315220006,-264.58475077213217
391,21514,LIFE APEX,Real Sample,LIFE APEX 41 Buzzard liver from Berlin,"Mon, 01/01/2018 - 22:00","Mon, 11/27/2017 - 22:00",LC-Bruker maXis QTOF: Submission #10,Berlin,Germany,52.553125,13.223138,1,Dry weight,Buzzard,,,Berlin area,,Terrestrial environment,,Berlin area,,Other (22510),Liver,,,Germany,biota,3965.127340374818,-175.3016571837634
392,21470,LIFE APEX,Real Sample,LIFE APEX 61 Harbour Seal liver from Busum 02,"Thu, 01/01/2015 - 22:00","Thu, 11/27/2014 - 22:00",LC-Bruker maXis QTOF: Submission #10,Heide,Germany,54.145131,8.822839,1,Dry weight,Harbour Seal,,,North Sea,,Coastal region,,North Sea,,Other (22510),Liver,,,Germany,biota,176.14854329549908,2068.0606115563824
393,19988,LIFE APEX,Real Sample,LIFE APEX 78 Bream Muscle from Rhine Bimmen (2016),"Fri, 01/01/2016 - 22:00","Fri, 11/27/2015 - 22:00",LC-Bruker maXis QTOF: Submission #10,Bimmen,Germany,51.86051,6.071775,1,Wet weight,"Bream, Abramis brama",,,Rhine River,,River,,Rhine River Basin,,Fish (22486),Muscle,80.0,,Germany,biota,796.6553935097666,1829.8368717974488
394,21461,LIFE APEX,Real Sample,LIFE APEX 65 Otter liver from Germany 02,"Mon, 01/01/2018 - 22:00","Mon, 11/27/2017 - 22:00",LC-Bruker maXis QTOF: Submission #11,Greifswald,Germany,54.129048,13.463002,1,Dry weight,Otter,,,,,Coastal region,,,,Other (22510),Liver,,,Germany,biota,-3073.5255463913,-144.19431283660052
395,19104,LIFE APEX,Real Sample,LIFE APEX 150 Eurasian Otter liver pooled from Jutland,"Thu, 01/01/2015 - 22:00","Thu, 11/27/2014 - 22:00",LC-Bruker maXis QTOF: Submission #11,Copenhagen,Denmark,55.606169,12.431239,1,Wet weight,Eurasian Otter,,,,2.0,Terrestrial environment,,,,Other (22510),Liver,71.52235932,,Denmark,biota,-2799.14956044163,-726.7712502426981
396,19973,LIFE APEX,Real Sample,LIFE APEX 84 Harbour Seal liver from North Sea (2004),"Thu, 01/01/2004 - 22:00","Thu, 11/27/2003 - 22:00",LC-Bruker maXis QTOF: Submission #11,Cuxhaven,Germany,54.082933,8.48307,1,Wet weight,"Harbour Seal, Phoca vitulina",,,North Sea,,Coastal region,,North Sea Basin,,Other (22510),Liver,72.0,,Germany,biota,-2842.702634292031,-522.3952570627503
397,19957,LIFE APEX,Real Sample,LIFE APEX 92 Harbour Seal liver from North Sea (2012),"Sun, 01/01/2012 - 22:00","Sun, 11/27/2011 - 22:00",LC-Bruker maXis QTOF: Submission #11,Cuxhaven,Germany,54.082933,8.48307,1,Wet weight,"Harbour Seal, Phoca vitulina",,,North Sea,,Coastal region,,North Sea Basin,,Other (22510),Liver,73.0,,Germany,biota,-2972.4090967550383,124.27630505442757
398,19071,LIFE APEX,Real Sample,LIFE APEX 186 Buzzard liver pooled from Madrid,"Sun, 02/02/2020 - 22:00","Sun, 12/29/2019 - 22:00",LC-Bruker maXis QTOF: Submission #10,Madrid,Spain,40.707833,-3.853027,1,Wet weight,Buzzard,,,,3.0,Terrestrial environment,,,,Bird (22511),Liver,72.30854819,,Spain,biota,4988.786452422032,-2373.385678100443
399,20005,LIFE APEX,Real Sample,LIFE APEX 69 Bream Muscle from Rhine Bimmen (1998),"Thu, 01/01/1998 - 22:00","Thu, 11/27/1997 - 22:00",LC-Bruker maXis QTOF: Submission #11,Bimmen,Germany,51.86051,6.071775,1,Wet weight,"Bream, Abramis brama",,,Rhine River,,River,,Rhine River Basin,,Fish (22486),Muscle,80.0,,Germany,biota,-2711.262633851875,1126.2846703093148
400,55,LIFE APEX,Real Sample,LIFE APEX 19 Roach Muscle from River Thames (Standford-Abington),"Sun, 01/01/2017 - 00:00","Wed, 01/01/2020 - 00:00",LC-Bruker maXis QTOF: Submission #10,Northampton,UK,52.233289,-0.858002,Yes,Wet weight,Rutilus rutilus,,,Thames River,,River,,Thames River Basin,,,Muscle,,,UK,biota,864.7172826472981,3214.0609827092107
401,21509,LIFE APEX,Real Sample,LIFE APEX 43 Buzzard liver from Baden-Wurttemberg,"Mon, 01/01/2018 - 22:00","Mon, 11/27/2017 - 22:00",LC-Bruker maXis QTOF: Submission #11,Stuttgart,Germany,48.748195,9.26744,1,Dry weight,Buzzard,,,Baden-Wurttemberg,,Terrestrial environment,,Baden-Wurttemberg,,Other (22510),Liver,,,Germany,biota,-2909.4488536588724,-290.01985777333203
402,19872,LIFE APEX,Real Sample,LIFE APEX 133 Otter liver from England and Wales (2008),"Tue, 01/01/2008 - 22:00","Tue, 11/27/2007 - 22:00",LC-Bruker maXis QTOF: Submission #10,London,UK,51.57467,-1.067028,0,Wet weight,"Eurasian Otter, Lutra lutra",,,UK,,River,,,,Other (22510),Liver,66.50200272,,Canada,biota,3040.9169919255332,-790.8014550658697
403,19968,LIFE APEX,Real Sample,LIFE APEX 87 Harbour Seal liver from North Sea (2007),"Mon, 01/01/2007 - 22:00","Mon, 11/27/2006 - 22:00",LC-Bruker maXis QTOF: Submission #10,Cuxhaven,Germany,54.082933,8.48307,1,Wet weight,"Harbour Seal, Phoca vitulina",,,North Sea,,Coastal region,,North Sea Basin,,Other (22510),Liver,70.0,,Germany,biota,2410.0215369097746,-635.5576187091683
404,21500,LIFE APEX,Real Sample,LIFE APEX 48 Herring Muscle from Vaderoarna,"Mon, 01/01/2018 - 22:00","Mon, 11/27/2017 - 22:00",LC-Bruker maXis QTOF: Submission #10,Goteborg,Sweden,58.582636,11.075436,1,Dry weight,Herring,,,Vaderoarna,,Coastal region,,Vaderoarna,,Other (22510),Muscle,,,Sweden,biota,1091.9188589595665,2247.1119995813024
405,19124,LIFE APEX,Real Sample,"LIFE APEX 139 Eurasian Otter liver pooled from Basilicata, Abruzzo region","Wed, 01/01/2014 - 22:00","Wed, 11/27/2013 - 22:00",LC-Bruker maXis QTOF: Submission #11,Pescara,Italy,42.436459,14.270927,1,Wet weight,Eurasian Otter,,,,1.0,Terrestrial environment,,,,Other (22510),Liver,70.56015773,,Italy,biota,-2684.1124928280424,-1173.9353515384605
406,21463,LIFE APEX,Real Sample,LIFE APEX 64 Otter liver from Plon,"Sun, 01/01/2017 - 22:00","Sun, 11/27/2016 - 22:00",LC-Bruker maXis QTOF: Submission #11,Ascheberg,Germany,54.153311,10.42232,1,Dry weight,Otter,,,Ploner Lake,,River,,Ploner Lake,,Other (22510),Liver,,,Germany,biota,-3047.1863334920413,-653.066121324787
407,19075,LIFE APEX,Real Sample,LIFE APEX 184 Buzzard liver pooled from Central and South Slovenia,"Sun, 01/01/2017 - 22:00","Sun, 11/27/2016 - 22:00",LC-Bruker maXis QTOF: Submission #10,Ljubljana,Slovenia,45.992352,14.383558,1,Wet weight,Buzzard,,,,2.0,Terrestrial environment,,,,Bird (22511),Liver,72.46723918,,Slovenia,biota,5271.671948509389,-2287.252366207103
408,21502,LIFE APEX,Real Sample,LIFE APEX 47 Herring Muscle from Utlangan,"Mon, 01/01/2018 - 22:00","Mon, 11/27/2017 - 22:00",LC-Bruker maXis QTOF: Submission #10,Karlskrona,Sweden,56.016137,15.773463,1,Dry weight,Herring,,,Utlangan,,Coastal region,,Utlangan,,Other (22510),Muscle,,,Sweden,biota,919.3253918705575,2483.2980215072057
409,19954,LIFE APEX,Real Sample,LIFE APEX 94 Harbour Seal liver from North Sea (2014),"Wed, 01/01/2014 - 22:00","Wed, 11/27/2013 - 22:00",LC-Bruker maXis QTOF: Submission #10,Cuxhaven,Germany,54.082933,8.48307,1,Wet weight,"Harbour Seal, Phoca vitulina",,,North Sea,,Coastal region,,North Sea Basin,,Other (22510),Liver,65.0,,Germany,biota,1770.5840080842129,665.3051714156303
410,19899,LIFE APEX,Real Sample,"LIFE APEX 119 Otter liver from England and Wales (2005, 2006)","Sat, 01/01/2005 - 22:00","Sat, 11/27/2004 - 22:00",LC-Bruker maXis QTOF: Submission #11,London,UK,51.57467,-1.067028,0,Wet weight,"Eurasian Otter, Lutra lutra",,,UK,,River,,,,Other (22510),Liver,62.0,,Canada,biota,-2976.1168048185295,-986.5298297623372
411,21539,LIFE APEX,Real Sample,LIFE APEX 27 Harbour Porpoise liver from UK 02,"Sun, 01/01/2017 - 22:00","Sun, 11/27/2016 - 22:00",LC-Bruker maXis QTOF: Submission #11,Kingston upon Hull,UK,53.248961,0.58746,1,Dry weight,Harbour Porpoise,,,Marine water of UK,,Marine environment,,Marine water of UK,,Fish (22486),Liver,,,UK,biota,-2854.498294999335,-414.54188416382914
412,19161,LIFE APEX,Real Sample,LIFE APEX 161 Striped dolphin liver pooled from Bay of Biscay,"Sun, 01/01/2017 - 22:00","Sun, 11/27/2016 - 22:00",LC-Bruker maXis QTOF: Submission #10,Bilbao,Spain,43.379766,-3.020877,1,Wet weight,Striped dolphin,,,,1.0,Marine environment,,,,Fish (22486),Liver,74.44633562,,Spain,biota,1574.9596808013443,1798.682225031125
