,sample_id,ID,Collection,Sample type,Short name for contribution,Sampling date,Analysis date,Instrument setup used,Monitored City,Monitored country,Latitude,Longitude,Alive or not,Basis of measurement,Biota species name (in Latin),Distance from the river source (km),Fat content (% of total wet matter),"Name of river, estuary, lake, reservoir, sea",Number of orgnanisms,Origin of biota,Proxy pressures,River basin name,Size (mm),Species group,Tissue,Water content(%),Weight (kg),field_country,matrix,LD1,LD2
0,21494,21494,LIFE APEX,Real Sample,LIFE APEX 51 Otter liver from Skane,"Mon, 01/01/2018 - 22:00","Mon, 11/27/2017 - 22:00",LC-Bruker maXis QTOF: Submission #10,Malmo,Sweden,55.6989,13.034828,1,Dry weight,Otter,,,Skane,,River,,Skane,,Other (22510),Liver,,,Sweden,biota,1.5476934271364302,1.962634207273617
1,19138,19138,LIFE APEX,Real Sample,LIFE APEX 172 Short-beaked common dolphin liver pooled from Galicia,"Fri, 01/01/2016 - 22:00","Fri, 11/27/2015 - 22:00",LC-Bruker maXis QTOF: Submission #11,Santiago de Compostela,Spain,42.786558,-9.044288,1,Wet weight,Short-beaked common dolphin,,,,2.0,Marine environment,,,,Fish (22486),Liver,70.76452599,,Spain,biota,5.261678854114393,-4.155081615442867
2,21540,21540,LIFE APEX,Real Sample,LIFE APEX 27 Harbour Porpoise liver from UK 02,"Sun, 01/01/2017 - 22:00","Sun, 11/27/2016 - 22:00",LC-Bruker maXis QTOF: Submission #10,Kingston upon Hull,UK,53.248961,0.58746,1,Dry weight,Harbour Porpoise,,,Marine water of UK,,Marine environment,,Marine water of UK,,Fish (22486),Liver,,,UK,biota,5.271011807367101,-4.0405010476781555
3,19091,19091,LIFE APEX,Real Sample,LIFE APEX 159 Eurasian Otter liver pooled from Western Hungary,"Fri, 01/01/2016 - 22:00","Fri, 11/27/2015 - 22:00",LC-Bruker maXis QTOF: Submission #10,Zalaegerszeg,Hungary,46.864745,16.862463,1,Wet weight,Eurasian Otter,,,,3.0,Terrestrial environment,,,,Other (22510),Liver,71.52992421,,Hungary,biota,1.5252566337456501,1.687177933582249
4,19999,19999,LIFE APEX,Real Sample,LIFE APEX 72 Bream Muscle from Rhine Bimmen (2004),"Thu, 01/01/2004 - 22:00","Thu, 11/27/2003 - 22:00",LC-Bruker maXis QTOF: Submission #11,Bimmen,Germany,51.86051,6.071775,1,Wet weight,"Bream, Abramis brama",,,Rhine River,,River,,Rhine River Basin,,Fish (22486),Muscle,79.0,,Germany,biota,5.3487044797921515,-3.0866689351030265
5,19171,19171,LIFE APEX,Real Sample,LIFE APEX 138 Grey Seal liver pooled from Baltic Sea,"Thu, 01/01/2015 - 22:00","Thu, 11/27/2014 - 22:00",LC-Bruker maXis QTOF: Submission #10,Husum,Germany,54.474786,9.007344,1,Wet weight,Grey Seal,,,,1.0,Marine environment,,,,Other (22510),Liver,74.57685002,,Germany,biota,1.4998546554155938,1.3753181159458983
6,19156,19156,LIFE APEX,Real Sample,LIFE APEX 163 Grey Seal liver pooled from east and north Scotland,"Thu, 01/01/2015 - 22:00","Thu, 11/27/2014 - 22:00",LC-Bruker maXis QTOF: Submission #11,Glasgow,UK,55.935933,-4.564525,1,Wet weight,Grey Seal,,,,6.0,Marine environment,,,,Other (22510),Liver,68.88072709,,UK,biota,1.5264769211778215,1.702159389401206
7,19977,19977,LIFE APEX,Real Sample,LIFE APEX 82 Harbour Seal liver from North Sea (2002),"Tue, 01/01/2002 - 22:00","Tue, 11/27/2001 - 22:00",LC-Bruker maXis QTOF: Submission #11,Cuxhaven,Germany,54.082933,8.48307,1,Wet weight,"Harbour Seal, Phoca vitulina",,,North Sea,,Coastal region,,North Sea Basin,,Other (22510),Liver,67.0,,Germany,biota,1.5611172010677388,2.12743773697602
8,19052,19052,LIFE APEX,Real Sample,"LIFE APEX 195 Buzzard liver pooled from Coimbra, Viseu","Sun, 02/02/2020 - 22:00","Sun, 12/29/2019 - 22:00",LC-Bruker maXis QTOF: Submission #11,Coimbra,Portugal,40.224815,-8.319192,1,Wet weight,Buzzard,,,,2.0,Terrestrial environment,,,,Bird (22511),Liver,72.0,,Portugal,biota,-22.870489097190497,-1.5722836261065845
9,19099,19099,LIFE APEX,Real Sample,LIFE APEX 153 Eurasian Otter liver pooled from Southern Bohemia,"Fri, 01/01/2016 - 22:00","Fri, 11/27/2015 - 22:00",LC-Bruker maXis QTOF: Submission #10,Brno,Czech Republic,49.237417,16.514217,1,Wet weight,Eurasian Otter,,,,2.0,Terrestrial environment,,,,Other (22510),Liver,68.02188089,,Czech Republic,biota,1.5099397045598906,1.499132156967737
10,19978,19978,LIFE APEX,Real Sample,LIFE APEX 82 Harbour Seal liver from North Sea (2002),"Tue, 01/01/2002 - 22:00","Tue, 11/27/2001 - 22:00",LC-Bruker maXis QTOF: Submission #10,Cuxhaven,Germany,54.082933,8.48307,1,Wet weight,"Harbour Seal, Phoca vitulina",,,North Sea,,Coastal region,,North Sea Basin,,Other (22510),Liver,67.0,,Germany,biota,1.5710808657207511,2.2497615418899297
11,21587,21587,LIFE APEX,Real Sample,LIFE APEX 04 Bream Muscle from Belauer See,"Thu, 01/01/2015 - 22:00","Thu, 11/27/2014 - 22:00",LC-Bruker maXis QTOF: Submission #11,Neumunster,Germany,54.07,9.98,1,Dry weight,Bream,,,Belauer See,,Lake,,Belauer See,,Fish (22486),Muscle,,,Germany,biota,5.281742631278573,-3.908758836712347
12,21491,21491,LIFE APEX,Real Sample,LIFE APEX 52 Otter liver from Norrbotten,"Mon, 01/01/2018 - 22:00","Mon, 11/27/2017 - 22:00",LC-Bruker maXis QTOF: Submission #11,Kiruna,Sweden,67.934516,20.379767,1,Dry weight,Otter,,,Norrbotten,,River,,Norrbotten,,Other (22510),Liver,,,Sweden,biota,1.5515741796676643,2.0102781648019032
13,19974,19974,LIFE APEX,Real Sample,LIFE APEX 84 Harbour Seal liver from North Sea (2004),"Thu, 01/01/2004 - 22:00","Thu, 11/27/2003 - 22:00",LC-Bruker maXis QTOF: Submission #10,Cuxhaven,Germany,54.082933,8.48307,1,Wet weight,"Harbour Seal, Phoca vitulina",,,North Sea,,Coastal region,,North Sea Basin,,Other (22510),Liver,72.0,,Germany,biota,1.5336828890849648,1.790626980712713
14,19971,19971,LIFE APEX,Real Sample,LIFE APEX 85 Harbour Seal liver from North Sea (2005),"Sat, 01/01/2005 - 22:00","Sat, 11/27/2004 - 22:00",LC-Bruker maXis QTOF: Submission #11,Cuxhaven,Germany,54.082933,8.48307,1,Wet weight,"Harbour Seal, Phoca vitulina",,,North Sea,,Coastal region,,North Sea Basin,,Other (22510),Liver,69.0,,Germany,biota,1.519942774102844,1.621939735296422
15,19173,19173,LIFE APEX,Real Sample,"LIFE APEX 137 White-tailed Sea Eagle Muscle pooled from Sodermanland, Uppland","Sun, 01/01/2017 - 22:00","Sun, 11/27/2016 - 22:00",LC-Bruker maXis QTOF: Submission #10,Uppsala,Sweden,59.837659,17.547826,1,Wet weight,White-tailed Sea Eagle,,,,2.0,Terrestrial environment,,,,Bird (22511),Muscle,67.0,,Sweden,biota,-22.84195774412173,-1.2220045081040867
16,21483,21483,LIFE APEX,Real Sample,LIFE APEX 56 Harbour Seal liver from Oresund,"Thu, 01/01/2015 - 22:00","Thu, 11/27/2014 - 22:00",LC-Bruker maXis QTOF: Submission #11,Malmo,Sweden,55.653598,12.900543,1,Dry weight,Otter Seal,,,Oresund,,Coastal region,,Oresund,,Other (22510),Liver,,,Sweden,biota,1.5070767626338275,1.4639838494083783
17,19940,19940,LIFE APEX,Real Sample,LIFE APEX 100 Buzzard liver from England (2003),"Wed, 01/01/2003 - 22:00","Wed, 11/27/2002 - 22:00",LC-Bruker maXis QTOF: Submission #10,London,UK,51.329021,0.379717,0,Wet weight,"Buzzard, Buteo buteo",,,UK,,Terrestrial environment,,,,Other (22510),Liver,69.87417919,,Canada,biota,1.535628394011956,1.8145119239976593
18,19902,19902,LIFE APEX,Real Sample,"LIFE APEX 118 Otter liver from England and Wales (2003, 2004)","Thu, 01/01/2004 - 22:00","Thu, 11/27/2003 - 22:00",LC-Bruker maXis QTOF: Submission #10,London,UK,51.57467,-1.067028,0,Wet weight,"Eurasian Otter, Lutra lutra",,,UK,,River,,,,Other (22510),Liver,65.0,,Canada,biota,1.5393498231343457,1.8601998697308277
19,19113,19113,LIFE APEX,Real Sample,LIFE APEX 146 Eurasian Otter liver pooled from Midlands England,"Sun, 01/01/2017 - 22:00","Sun, 11/27/2016 - 22:00",LC-Bruker maXis QTOF: Submission #10,Birmingham,UK,52.479417,-1.933885,1,Wet weight,Eurasian Otter,,,,3.0,Terrestrial environment,,,,Other (22510),Liver,68.16586162,,UK,biota,1.5127733026132126,1.5339202101138982
20,19958,19958,LIFE APEX,Real Sample,LIFE APEX 92 Harbour Seal liver from North Sea (2012),"Sun, 01/01/2012 - 22:00","Sun, 11/27/2011 - 22:00",LC-Bruker maXis QTOF: Submission #10,Cuxhaven,Germany,54.082933,8.48307,1,Wet weight,"Harbour Seal, Phoca vitulina",,,North Sea,,Coastal region,,North Sea Basin,,Other (22510),Liver,73.0,,Germany,biota,1.561048330706158,2.126592216279777
21,21480,21480,LIFE APEX,Real Sample,LIFE APEX 58 Grey Seal liver from Baltic Proper,"Sun, 01/01/2017 - 22:00","Sun, 11/27/2016 - 22:00",LC-Bruker maXis QTOF: Submission #10,Kalmar,Sweden,55.961274,16.058707,1,Dry weight,Grey Seal,,,Baltic Sea,,Coastal region,,Baltic Sea,,Other (22510),Liver,,,Sweden,biota,1.5311286011551544,1.7592680149803182
22,21589,21589,LIFE APEX,Real Sample,LIFE APEX 03 Bream Muscle from Rhine Bimmen,"Thu, 01/01/2015 - 22:00","Thu, 11/27/2014 - 22:00",LC-Bruker maXis QTOF: Submission #11,Emmerich,Germany,51.85,6.24,1,Dry weight,Bream,,,Rhine river basin,,River,,Rhine river basin,,Fish (22486),Muscle,,,Germany,biota,5.2838112852994135,-3.8833619933124766
23,19925,19925,LIFE APEX,Real Sample,LIFE APEX 107 Buzzard liver from England (2013),"Tue, 01/01/2013 - 22:00","Tue, 11/27/2012 - 22:00",LC-Bruker maXis QTOF: Submission #11,London,UK,51.329021,0.379717,0,Wet weight,"Buzzard, Buteo buteo",,,UK,,Terrestrial environment,,,,Other (22510),Liver,71.55548958,,Canada,biota,1.5853149492612983,2.424513234041693
24,19169,19169,LIFE APEX,Real Sample,"LIFE APEX 140 Bottlenose dolphin liver pooled from Pellestrina, Sestri Levante, Genova","Mon, 01/01/2018 - 22:00","Mon, 11/27/2017 - 22:00",LC-Bruker maXis QTOF: Submission #10,Genova,Italy,44.388246,8.990696,1,Wet weight,Bottlenose dolphin,,,,2.0,Marine environment,,,,Fish (22486),Liver,72.82337025,,Italy,biota,5.272667858930298,-4.02016972026058
25,19992,19992,LIFE APEX,Real Sample,LIFE APEX 76 Bream Muscle from Rhine Bimmen (2012),"Sun, 01/01/2012 - 22:00","Sun, 11/27/2011 - 22:00",LC-Bruker maXis QTOF: Submission #10,Bimmen,Germany,51.86051,6.071775,1,Wet weight,"Bream, Abramis brama",,,Rhine River,,River,,Rhine River Basin,,Fish (22486),Muscle,77.0,,Germany,biota,5.240941570666006,-4.409673023657403
26,19955,19955,LIFE APEX,Real Sample,LIFE APEX 93 Harbour Seal liver from North Sea (2013),"Tue, 01/01/2013 - 22:00","Tue, 11/27/2012 - 22:00",LC-Bruker maXis QTOF: Submission #11,Cuxhaven,Germany,54.082933,8.48307,1,Wet weight,"Harbour Seal, Phoca vitulina",,,North Sea,,Coastal region,,North Sea Basin,,Other (22510),Liver,73.0,,Germany,biota,1.5036575400643835,1.4220060903094598
27,21560,21560,LIFE APEX,Real Sample,LIFE APEX 17 Roach Muscle from River Lea (Wheathampstead),"Fri, 01/01/2016 - 22:00","Fri, 11/27/2015 - 22:00",LC-Bruker maXis QTOF: Submission #10,Luton,UK,51.813566,-0.292979,1,Dry weight,Roach,,,Lea River Basin,,River,,Lea River Basin,,Fish (22486),Muscle,,,UK,biota,5.257760946518459,-4.203181725304636
28,19886,19886,LIFE APEX,Real Sample,LIFE APEX 126 Otter liver from England and Wales (2013),"Tue, 01/01/2013 - 22:00","Tue, 11/27/2012 - 22:00",LC-Bruker maXis QTOF: Submission #10,London,UK,51.57467,-1.067028,0,Wet weight,"Eurasian Otter, Lutra lutra",,,UK,,River,,,,Other (22510),Liver,68.0,,Canada,biota,1.5360426557798315,1.8195978113136981
29,19160,19160,LIFE APEX,Real Sample,LIFE APEX 161 Striped dolphin liver pooled from Bay of Biscay,"Sun, 01/01/2017 - 22:00","Sun, 11/27/2016 - 22:00",LC-Bruker maXis QTOF: Submission #11,Bilbao,Spain,43.379766,-3.020877,1,Wet weight,Striped dolphin,,,,1.0,Marine environment,,,,Fish (22486),Liver,74.44633562,,Spain,biota,5.46962490111128,-1.6021302093739274
30,19935,19935,LIFE APEX,Real Sample,LIFE APEX 102 Buzzard liver from England (2008),"Tue, 01/01/2008 - 22:00","Tue, 11/27/2007 - 22:00",LC-Bruker maXis QTOF: Submission #11,London,UK,51.329021,0.379717,0,Wet weight,"Buzzard, Buteo buteo",,,UK,,Terrestrial environment,,,,Other (22510),Liver,70.31883539,,Canada,biota,1.561084058607983,2.12703084735003
31,21529,21529,LIFE APEX,Real Sample,LIFE APEX 32 Buzzard liver from Friesland,"Mon, 01/01/2018 - 22:00","Mon, 11/27/2017 - 22:00",LC-Bruker maXis QTOF: Submission #11,Leeuwarden,Netherlands,53.006056,5.567012,1,Dry weight,Buzzard,,,Friesland (NL),,Marine environment,,Friesland (NL),,Other (22510),Liver,,,Netherlands,biota,1.5364031306380233,1.8240233573114777
32,56,56,LIFE APEX,Real Sample,LIFE APEX 20 Roach Muscle from River Welland (Stamford Meadows),"Sun, 01/01/2017 - 00:00","Wed, 01/01/2020 - 00:00",LC-Bruker maXis QTOF: Submission #10,Northampton,UK,52.65425,-0.461188,Yes,Wet weight,Rutilus rutilus,,,Welland River,,River,,Welland River Basin,,Fish (22486),Muscle,,,UK,biota,-8.806579127586671,-2.8903728698981075
33,19097,19097,LIFE APEX,Real Sample,LIFE APEX 154 Eurasian Otter liver pooled from Southern Moravia,"Fri, 01/01/2016 - 22:00","Fri, 11/27/2015 - 22:00",LC-Bruker maXis QTOF: Submission #10,Brno,Czech Republic,49.104827,16.631006,1,Wet weight,Eurasian Otter,,,,3.0,Terrestrial environment,,,,Other (22510),Liver,68.67873375,,Czech Republic,biota,1.5347651495553616,1.8039138809905746
34,21465,21465,LIFE APEX,Real Sample,LIFE APEX 63 Otter liver from Germany 01,"Mon, 01/01/2018 - 22:00","Mon, 11/27/2017 - 22:00",LC-Bruker maXis QTOF: Submission #11,Cuxhaven,Germany,53.985303,7.913999,1,Dry weight,Otter,,,North Sea,,Coastal region,,North Sea,,Other (22510),Liver,,,Germany,biota,1.5401604899186636,1.8701524172152904
35,21464,21464,LIFE APEX,Real Sample,LIFE APEX 64 Otter liver from Plon,"Sun, 01/01/2017 - 22:00","Sun, 11/27/2016 - 22:00",LC-Bruker maXis QTOF: Submission #10,Ascheberg,Germany,54.153311,10.42232,1,Dry weight,Otter,,,Ploner Lake,,River,,Ploner Lake,,Other (22510),Liver,,,Germany,biota,1.4852662655763869,1.1962166091357826
36,19963,19963,LIFE APEX,Real Sample,LIFE APEX 89 Harbour Seal liver from North Sea (2009),"Thu, 01/01/2009 - 22:00","Thu, 11/27/2008 - 22:00",LC-Bruker maXis QTOF: Submission #11,Cuxhaven,Germany,54.082933,8.48307,1,Wet weight,"Harbour Seal, Phoca vitulina",,,North Sea,,Coastal region,,North Sea Basin,,Other (22510),Liver,74.0,,Germany,biota,1.5105547534267272,1.5066831053606826
37,19982,19982,LIFE APEX,Real Sample,LIFE APEX 80 Harbour Seal liver from North Sea (2000),"Sat, 01/01/2000 - 22:00","Sat, 11/27/1999 - 22:00",LC-Bruker maXis QTOF: Submission #10,Cuxhaven,Germany,54.082933,8.48307,1,Wet weight,"Harbour Seal, Phoca vitulina",,,North Sea,,Coastal region,,North Sea Basin,,Other (22510),Liver,70.0,,Germany,biota,1.5438158417659926,1.9150291329451825
38,19139,19139,LIFE APEX,Real Sample,LIFE APEX 172 Short-beaked common dolphin liver pooled from Galicia,"Fri, 01/01/2016 - 22:00","Fri, 11/27/2015 - 22:00",LC-Bruker maXis QTOF: Submission #10,Santiago de Compostela,Spain,42.786558,-9.044288,1,Wet weight,Short-beaked common dolphin,,,,2.0,Marine environment,,,,Fish (22486),Liver,70.76452599,,Spain,biota,5.280287135227604,-3.9266279462407443
39,19070,19070,LIFE APEX,Real Sample,LIFE APEX 186 Buzzard liver pooled from Madrid,"Sun, 02/02/2020 - 22:00","Sun, 12/29/2019 - 22:00",LC-Bruker maXis QTOF: Submission #11,Madrid,Spain,40.707833,-3.853027,1,Wet weight,Buzzard,,,,3.0,Terrestrial environment,,,,Bird (22511),Liver,72.30854819,,Spain,biota,-22.854925132099826,-1.3812049923166216
40,20002,20002,LIFE APEX,Real Sample,LIFE APEX 71 Bream Muscle from Rhine Bimmen (2002),"Tue, 01/01/2002 - 22:00","Tue, 11/27/2001 - 22:00",LC-Bruker maXis QTOF: Submission #10,Bimmen,Germany,51.86051,6.071775,1,Wet weight,"Bream, Abramis brama",,,Rhine River,,River,,Rhine River Basin,,Fish (22486),Muscle,82.0,,Germany,biota,5.259880947340913,-4.177154497767823
41,19063,19063,LIFE APEX,Real Sample,"LIFE APEX 190 Buzzard liver pooled from Reutlingen, Oberhausen, Lichtenstein","Mon, 01/01/2018 - 22:00","Mon, 11/27/2017 - 22:00",LC-Bruker maXis QTOF: Submission #10,Reutlingen,Germany,48.466091,9.165925,1,Wet weight,Buzzard,,,,3.0,Terrestrial environment,,,,Bird (22511),Liver,73.0,,Germany,biota,-22.857622254721708,-1.4143175380425286
42,21569,21569,LIFE APEX,Real Sample,LIFE APEX 12 Buzzard liver from South Lincolnshire,"Sun, 01/01/2017 - 22:00","Sun, 11/27/2016 - 22:00",LC-Bruker maXis QTOF: Submission #11,Lincoln,UK,53.229319,-0.293403,1,Dry weight,Buzzard,,,South Lincolnshire,,Terrestrial environment,,South Lincolnshire,,Other (22510),Liver,,,UK,biota,1.522560933067192,1.6540828450399792
43,19932,19932,LIFE APEX,Real Sample,LIFE APEX 104 Buzzard liver from England (2010),"Fri, 01/01/2010 - 22:00","Fri, 11/27/2009 - 22:00",LC-Bruker maXis QTOF: Submission #10,London,UK,51.329021,0.379717,0,Wet weight,"Buzzard, Buteo buteo",,,UK,,Terrestrial environment,,,,Other (22510),Liver,70.0953795,,Canada,biota,1.5405888682375708,1.8754116132776337
44,21553,21553,LIFE APEX,Real Sample,LIFE APEX 20 Roach Muscle from River Welland (Stamford Meadows),"Sun, 01/01/2017 - 22:00","Sun, 11/27/2016 - 22:00",LC-Bruker maXis QTOF: Submission #11,Northampton,UK,52.65425,-0.461188,1,Dry weight,Roach,,,Welland River Basin,,River,,Welland River Basin,,Fish (22486),Muscle,,,UK,biota,5.247802951849506,-4.325435919885152
45,21482,21482,LIFE APEX,Real Sample,LIFE APEX 57 Harbour Seal liver from Baltic Proper,"Fri, 01/01/2016 - 22:00","Fri, 11/27/2015 - 22:00",LC-Bruker maXis QTOF: Submission #10,Kalmar,Sweden,56.538313,17.286339,1,Dry weight,Otter Seal,,,Baltic Sea,,Coastal region,,Baltic Sea,,Other (22510),Liver,,,Sweden,biota,1.5543567770024453,2.0444400826687734
46,21567,21567,LIFE APEX,Real Sample,LIFE APEX 13 Buzzard liver from East Anglia,"Sun, 01/01/2017 - 22:00","Sun, 11/27/2016 - 22:00",LC-Bruker maXis QTOF: Submission #11,Norwich,UK,52.631445,1.302006,1,Dry weight,Buzzard,,,East Anglia,,Terrestrial environment,,East Anglia,,Other (22510),Liver,,,UK,biota,1.5441148340017519,1.9186998574421081
47,21495,21495,LIFE APEX,Real Sample,LIFE APEX 50 Otter liver from Uppland,"Mon, 01/01/2018 - 22:00","Mon, 11/27/2017 - 22:00",LC-Bruker maXis QTOF: Submission #11,Stockholm,Sweden,59.319383,18.109282,1,Dry weight,Otter,,,Uppland,,River,,Uppland,,Other (22510),Liver,,,Sweden,biota,1.558205926881039,2.0916960547667998
48,21545,21545,LIFE APEX,Real Sample,LIFE APEX 24 Otter liver from East Anglia,"Fri, 01/01/2016 - 22:00","Fri, 11/27/2015 - 22:00",LC-Bruker maXis QTOF: Submission #11,Norwich,UK,52.604666,1.390054,1,Dry weight,Otter,,,East Anglia,,River,,East Anglia,,Other (22510),Liver,,,UK,biota,1.5318245517837055,1.7678121934411457
49,21517,21517,LIFE APEX,Real Sample,LIFE APEX 39 Harbour Seal liver from Noord-Holland,"Mon, 01/01/2018 - 22:00","Mon, 11/27/2017 - 22:00",LC-Bruker maXis QTOF: Submission #11,Amsterdam,Netherlands,52.399878,5.075807,1,Dry weight,Harbour Seal,,,Noord-Holland,,Coastal region,,Noord-Holland,,Other (22510),Liver,,,Netherlands,biota,1.5000124444140017,1.3772552898004995
50,19135,19135,LIFE APEX,Real Sample,LIFE APEX 174 Bottlenose dolphin liver pooled from Galicia,"Thu, 01/01/2015 - 22:00","Thu, 11/27/2014 - 22:00",LC-Bruker maXis QTOF: Submission #10,Santiago de Compostela,Spain,42.677202,-9.036299,1,Wet weight,Bottlenose dolphin,,,,2.0,Marine environment,,,,Fish (22486),Liver,70.13206725,,Spain,biota,5.422228158915102,-2.1840195089319425
51,21466,21466,LIFE APEX,Real Sample,LIFE APEX 63 Otter liver from Germany 01,"Mon, 01/01/2018 - 22:00","Mon, 11/27/2017 - 22:00",LC-Bruker maXis QTOF: Submission #10,Cuxhaven,Germany,53.985303,7.913999,1,Dry weight,Otter,,,North Sea,,Coastal region,,North Sea,,Other (22510),Liver,,,Germany,biota,1.5586541826837594,2.097199286486469
52,19118,19118,LIFE APEX,Real Sample,LIFE APEX 143 Eurasian Otter liver pooled from Eastern Austria,"Sun, 01/01/2017 - 22:00","Sun, 11/27/2016 - 22:00",LC-Bruker maXis QTOF: Submission #11,Innsbruck,Austria,47.265963,11.276432,1,Wet weight,Eurasian Otter,,,,1.0,Terrestrial environment,,,,Other (22510),Liver,68.78474838,,Austria,biota,1.1214504545255037,-3.2703462314951888
53,19942,19942,LIFE APEX,Real Sample,"LIFE APEX 99 Buzzard liver from England (2001, 2002)","Tue, 01/01/2002 - 22:00","Tue, 11/27/2001 - 22:00",LC-Bruker maXis QTOF: Submission #10,London,UK,51.329021,0.379717,0,Wet weight,"Buzzard, Buteo buteo",,,UK,,Terrestrial environment,,,,Other (22510),Liver,69.6424185,,Canada,biota,1.5233943362262201,1.6643145267542017
54,21486,21486,LIFE APEX,Real Sample,LIFE APEX 55 Harbour Seal liver from Skagerrak,"Thu, 01/01/2015 - 22:00","Thu, 11/27/2014 - 22:00",LC-Bruker maXis QTOF: Submission #10,Goteborg,Sweden,58.488418,10.71067,1,Dry weight,Otter Seal,,,Skagerrak,,Coastal region,,Skagerrak,,Other (22510),Liver,,,Sweden,biota,1.544126281094081,1.918840393272661
55,21585,21585,LIFE APEX,Real Sample,LIFE APEX 05 Bream Muscle from Saar Gudingen,"Thu, 01/01/2015 - 22:00","Thu, 11/27/2014 - 22:00",LC-Bruker maXis QTOF: Submission #11,Saarbrucken,Germany,49.25,6.97,1,Dry weight,Bream,,,Rhine river basin,,River,,Rhine river basin,,Fish (22486),Muscle,,,Germany,biota,5.283010882031744,-3.8931885357119596
56,21552,21552,LIFE APEX,Real Sample,LIFE APEX 21 Otter liver from Solent and South Downs,"Fri, 01/01/2016 - 22:00","Fri, 11/27/2015 - 22:00",LC-Bruker maXis QTOF: Submission #10,Portsmouth,UK,50.829329,-1.120705,1,Dry weight,Otter,,,Solent and South Downs,,Coastal region,,Solent and South Downs,,Other (22510),Liver,,,UK,biota,1.5451892176976287,1.931890054642781
57,19987,19987,LIFE APEX,Real Sample,LIFE APEX 78 Bream Muscle from Rhine Bimmen (2016),"Fri, 01/01/2016 - 22:00","Fri, 11/27/2015 - 22:00",LC-Bruker maXis QTOF: Submission #11,Bimmen,Germany,51.86051,6.071775,1,Wet weight,"Bream, Abramis brama",,,Rhine River,,River,,Rhine River Basin,,Fish (22486),Muscle,80.0,,Germany,biota,5.300032151123604,-3.6842185962073115
58,19080,19080,LIFE APEX,Real Sample,"LIFE APEX 181 Buzzard liver pooled from Andros, Crete","Fri, 01/01/2016 - 22:00","Fri, 11/27/2015 - 22:00",LC-Bruker maXis QTOF: Submission #11,Heraklion,Greece,35.225485,25.138778,1,Wet weight,Buzzard,,,,1.0,Terrestrial environment,,,,Bird (22511),Liver,75.63140866,,Greece,biota,-22.85784175238584,-1.4170123085296553
59,19892,19892,LIFE APEX,Real Sample,LIFE APEX 123 Otter liver from England and Wales (2010),"Fri, 01/01/2010 - 22:00","Fri, 11/27/2009 - 22:00",LC-Bruker maXis QTOF: Submission #10,London,UK,51.57467,-1.067028,0,Wet weight,"Eurasian Otter, Lutra lutra",,,UK,,River,,,,Other (22510),Liver,66.0,,Canada,biota,1.5782687638652648,2.338007290918467
60,19946,19946,LIFE APEX,Real Sample,LIFE APEX 98 Harbour Seal liver from North Sea (2018),"Mon, 01/01/2018 - 22:00","Mon, 11/27/2017 - 22:00",LC-Bruker maXis QTOF: Submission #10,Cuxhaven,Germany,54.082933,8.48307,1,Wet weight,"Harbour Seal, Phoca vitulina",,,North Sea,,Coastal region,,North Sea Basin,,Other (22510),Liver,68.0,,Germany,biota,1.5120092854952532,1.5245403800871238
61,19152,19152,LIFE APEX,Real Sample,LIFE APEX 165 Harbour Porpoise liver pooled from east and north and west Scotland,"Mon, 01/01/2018 - 22:00","Mon, 11/27/2017 - 22:00",LC-Bruker maXis QTOF: Submission #11,Glasgow,UK,55.927337,-4.486307,1,Wet weight,Harbour Porpoise,,,,7.0,Marine environment,,,,Fish (22486),Liver,69.26636388,,UK,biota,5.225989773118527,-4.593236083034011
62,19884,19884,LIFE APEX,Real Sample,LIFE APEX 127 Otter liver from England and Wales (2014),"Wed, 01/01/2014 - 22:00","Wed, 11/27/2013 - 22:00",LC-Bruker maXis QTOF: Submission #10,London,UK,51.57467,-1.067028,0,Wet weight,"Eurasian Otter, Lutra lutra",,,UK,,River,,,,Other (22510),Liver,67.0,,Canada,biota,1.5721849025254515,2.263315789992405
63,19081,19081,LIFE APEX,Real Sample,"LIFE APEX 181 Buzzard liver pooled from Andros, Crete","Fri, 01/01/2016 - 22:00","Fri, 11/27/2015 - 22:00",LC-Bruker maXis QTOF: Submission #10,Heraklion,Greece,35.225485,25.138778,1,Wet weight,Buzzard,,,,1.0,Terrestrial environment,,,,Bird (22511),Liver,75.63140866,,Greece,biota,-22.866360220153467,-1.521593446661344
64,21551,21551,LIFE APEX,Real Sample,LIFE APEX 21 Otter liver from Solent and South Downs,"Fri, 01/01/2016 - 22:00","Fri, 11/27/2015 - 22:00",LC-Bruker maXis QTOF: Submission #11,Portsmouth,UK,50.829329,-1.120705,1,Dry weight,Otter,,,Solent and South Downs,,Coastal region,,Solent and South Downs,,Other (22510),Liver,,,UK,biota,1.5502508769740897,1.9940319917150044
65,19114,19114,LIFE APEX,Real Sample,LIFE APEX 145 Eurasian Otter liver pooled from North England,"Fri, 01/01/2016 - 22:00","Fri, 11/27/2015 - 22:00",LC-Bruker maXis QTOF: Submission #11,Liverpool,UK,53.479349,-3.045326,1,Wet weight,Eurasian Otter,,,,2.0,Terrestrial environment,,,,Other (22510),Liver,67.01996861,,UK,biota,1.4971581128332883,1.3422126913589183
66,21471,21471,LIFE APEX,Real Sample,LIFE APEX 60 Harbour Seal liver from Busum 01,"Thu, 01/01/2015 - 22:00","Thu, 11/27/2014 - 22:00",LC-Bruker maXis QTOF: Submission #11,Heide,Germany,54.119344,8.872848,1,Dry weight,Harbour Seal,,,North Sea,,Coastal region,,North Sea,,Other (22510),Liver,,,Germany,biota,1.4458635637342074,0.712470057933958
67,19116,19116,LIFE APEX,Real Sample,LIFE APEX 144 Eurasian Otter liver pooled from Wales,"Thu, 01/01/2015 - 22:00","Thu, 11/27/2014 - 22:00",LC-Bruker maXis QTOF: Submission #11,Cardiff,UK,51.464898,-3.13467,1,Wet weight,Eurasian Otter,,,,1.0,Terrestrial environment,,,,Other (22510),Liver,67.50842257,,UK,biota,1.1960123564592966,-2.354950554923757
68,21571,21571,LIFE APEX,Real Sample,LIFE APEX 11 Buzzard liver from the Wash,"Sun, 01/01/2017 - 22:00","Sun, 11/27/2016 - 22:00",LC-Bruker maXis QTOF: Submission #11,Peterborough,UK,52.91546,0.248173,1,Dry weight,Buzzard,,,Wash,,Terrestrial environment,,Wash,,Other (22510),Liver,,,Canada,biota,1.5420008979607405,1.8927470871623056
69,19147,19147,LIFE APEX,Real Sample,LIFE APEX 168 Ringed Seal liver pooled from Olav V Land,"Sun, 02/02/2020 - 22:00","Sun, 12/29/2019 - 22:00",LC-Bruker maXis QTOF: Submission #10,Longyearbyen,Norway,78.236198,15.563032,1,Wet weight,Ringed Seal,,,,2.0,Marine environment,,,,Fish (22486),Liver,69.2612674,,Norway,biota,5.29460966367073,-3.750790416961288
70,19928,19928,LIFE APEX,Real Sample,LIFE APEX 106 Buzzard liver from England (2012),"Sun, 01/01/2012 - 22:00","Sun, 11/27/2011 - 22:00",LC-Bruker maXis QTOF: Submission #10,London,UK,51.329021,0.379717,0,Wet weight,"Buzzard, Buteo buteo",,,UK,,Terrestrial environment,,,,Other (22510),Liver,71.83446945,,Canada,biota,1.5636153758881721,2.15810780266139
71,21538,21538,LIFE APEX,Real Sample,LIFE APEX 27 Harbour Porpoise liver from UK 03,"Tue, 01/01/2019 - 22:00","Tue, 11/27/2018 - 22:00",LC-Bruker maXis QTOF: Submission #10,Edinburgh,UK,56.149104,-2.539179,1,Dry weight,Harbour Porpoise,,,Marine water of UK,,Marine environment,,Marine water of UK,,Fish (22486),Liver,,,UK,biota,5.28154582865461,-3.911174980432376
72,19880,19880,LIFE APEX,Real Sample,LIFE APEX 129 Otter liver from England and Wales (2016),"Fri, 01/01/2016 - 22:00","Fri, 11/27/2015 - 22:00",LC-Bruker maXis QTOF: Submission #10,London,UK,51.57467,-1.067028,0,Wet weight,"Eurasian Otter, Lutra lutra",,,UK,,River,,,,Other (22510),Liver,68.82761586,,Canada,biota,1.540977252455477,1.8801798021875777
73,19877,19877,LIFE APEX,Real Sample,LIFE APEX 130 Otter liver from England and Wales (2017),"Sun, 01/01/2017 - 22:00","Sun, 11/27/2016 - 22:00",LC-Bruker maXis QTOF: Submission #11,London,UK,51.57467,-1.067028,0,Wet weight,"Eurasian Otter, Lutra lutra",,,UK,,River,,,,Other (22510),Liver,68.67848587,,Canada,biota,1.5259555522648485,1.6957585488048457
74,21473,21473,LIFE APEX,Real Sample,LIFE APEX 59 Harbour Seal liver from Amrum,"Thu, 01/01/2015 - 22:00","Thu, 11/27/2014 - 22:00",LC-Bruker maXis QTOF: Submission #11,Husum,Germany,54.663544,8.356468,1,Dry weight,Harbour Seal,,,North Sea,,Coastal region,,North Sea,,Other (22510),Liver,,,Germany,biota,1.5372978347430086,1.835007630087188
75,19981,19981,LIFE APEX,Real Sample,LIFE APEX 80 Harbour Seal liver from North Sea (2000),"Sat, 01/01/2000 - 22:00","Sat, 11/27/1999 - 22:00",LC-Bruker maXis QTOF: Submission #11,Cuxhaven,Germany,54.082933,8.48307,1,Wet weight,"Harbour Seal, Phoca vitulina",,,North Sea,,Coastal region,,North Sea Basin,,Other (22510),Liver,70.0,,Germany,biota,1.5470917161515472,1.9552470079156226
76,19898,19898,LIFE APEX,Real Sample,LIFE APEX 120 Otter liver from England and Wales (2007),"Mon, 01/01/2007 - 22:00","Mon, 11/27/2006 - 22:00",LC-Bruker maXis QTOF: Submission #10,London,UK,51.57467,-1.067028,0,Wet weight,"Eurasian Otter, Lutra lutra",,,UK,,River,,,,Other (22510),Liver,68.0,,Canada,biota,1.545773454211021,1.9390627201003199
77,19094,19094,LIFE APEX,Real Sample,LIFE APEX 157 Eurasian Otter liver pooled from North-Eastern Hungary,"Sun, 01/01/2017 - 22:00","Sun, 11/27/2016 - 22:00",LC-Bruker maXis QTOF: Submission #11,Miskolc,Hungary,47.99092,20.876591,1,Wet weight,Eurasian Otter,,,,1.0,Terrestrial environment,,,,Other (22510),Liver,70.79743574,,Hungary,biota,1.4969852602759346,1.3400905823517237
78,21507,21507,LIFE APEX,Real Sample,LIFE APEX 44 Buzzard liver from Baden-Wurttemberg,"Mon, 01/01/2018 - 22:00","Mon, 11/27/2017 - 22:00",LC-Bruker maXis QTOF: Submission #11,Stuttgart,Germany,54.20943,12.816105,1,Dry weight,Buzzard,,,Baden-Wurttemberg,,Terrestrial environment,,Baden-Wurttemberg,,Other (22510),Liver,,,Germany,biota,1.581359529453267,2.3759525871511378
79,19889,19889,LIFE APEX,Real Sample,LIFE APEX 124 Otter liver from England and Wales (2011),"Sat, 01/01/2011 - 22:00","Sat, 11/27/2010 - 22:00",LC-Bruker maXis QTOF: Submission #11,London,UK,51.57467,-1.067028,0,Wet weight,"Eurasian Otter, Lutra lutra",,,UK,,River,,,,Other (22510),Liver,68.0,,Canada,biota,1.5288759943982255,1.7316127857977055
80,21576,21576,LIFE APEX,Real Sample,LIFE APEX 10 Eelpout Muscle from North Sea Meldorfer Bucht,"Thu, 01/01/2015 - 22:00","Thu, 11/27/2014 - 22:00",LC-Bruker maXis QTOF: Submission #10,Cuxhaven,Germany,53.87,8.69,1,Dry weight,Eelpout,,,North Sea,,Coastal region,,North Sea,,Fish (22486),Muscle,,,Germany,biota,5.29406367791488,-3.757493478277393
81,19975,19975,LIFE APEX,Real Sample,LIFE APEX 83 Harbour Seal liver from North Sea (2003),"Wed, 01/01/2003 - 22:00","Wed, 11/27/2002 - 22:00",LC-Bruker maXis QTOF: Submission #11,Cuxhaven,Germany,54.082933,8.48307,1,Wet weight,"Harbour Seal, Phoca vitulina",,,North Sea,,Coastal region,,North Sea Basin,,Other (22510),Liver,72.0,,Germany,biota,1.5481182526815216,1.9678497859702413
82,19131,19131,LIFE APEX,Real Sample,"LIFE APEX 178 Harbour Porpoise liver pooled from Belgium, France","Thu, 01/01/2015 - 22:00","Thu, 11/27/2014 - 22:00",LC-Bruker maXis QTOF: Submission #10,Antwerp,Belgium,51.414713,3.479625,1,Wet weight,Harbour Porpoise,,,,1.0,Marine environment,,,,Fish (22486),Liver,72.94562321,,Belgium,biota,5.310065398532168,-3.5610405245440697
83,21510,21510,LIFE APEX,Real Sample,LIFE APEX 43 Buzzard liver from Baden-Wurttemberg,"Mon, 01/01/2018 - 22:00","Mon, 11/27/2017 - 22:00",LC-Bruker maXis QTOF: Submission #10,Stuttgart,Germany,48.748195,9.26744,1,Dry weight,Buzzard,,,Baden-Wurttemberg,,Terrestrial environment,,Baden-Wurttemberg,,Other (22510),Liver,,,Germany,biota,1.5383861789558442,1.8483692204059174
84,19956,19956,LIFE APEX,Real Sample,LIFE APEX 93 Harbour Seal liver from North Sea (2013),"Tue, 01/01/2013 - 22:00","Tue, 11/27/2012 - 22:00",LC-Bruker maXis QTOF: Submission #10,Cuxhaven,Germany,54.082933,8.48307,1,Wet weight,"Harbour Seal, Phoca vitulina",,,North Sea,,Coastal region,,North Sea Basin,,Other (22510),Liver,73.0,,Germany,biota,1.5371668022509806,1.8333989455768884
85,21537,21537,LIFE APEX,Real Sample,LIFE APEX 27 Harbour Porpoise liver from UK 03,"Tue, 01/01/2019 - 22:00","Tue, 11/27/2018 - 22:00",LC-Bruker maXis QTOF: Submission #11,Edinburgh,UK,56.149104,-2.539179,1,Dry weight,Harbour Porpoise,,,Marine water of UK,,Marine environment,,Marine water of UK,,Fish (22486),Liver,,,UK,biota,5.297738717570225,-3.7123750555363766
86,19076,19076,LIFE APEX,Real Sample,"LIFE APEX 183 Buzzard liver pooled from Central, South and West Slovenia","Thu, 01/01/2015 - 22:00","Thu, 11/27/2014 - 22:00",LC-Bruker maXis QTOF: Submission #11,Ljubljana,Slovenia,45.979648,14.492887,1,Wet weight,Buzzard,,,,1.0,Terrestrial environment,,,,Bird (22511),Liver,74.45485339,,Slovenia,biota,-22.85540569144562,-1.3871048142902833
87,21499,21499,LIFE APEX,Real Sample,LIFE APEX 48 Herring Muscle from Vaderoarna,"Mon, 01/01/2018 - 22:00","Mon, 11/27/2017 - 22:00",LC-Bruker maXis QTOF: Submission #11,Goteborg,Sweden,58.582636,11.075436,1,Dry weight,Herring,,,Vaderoarna,,Coastal region,,Vaderoarna,,Other (22510),Muscle,,,Sweden,biota,1.3949679466895564,0.08762510909561522
88,19883,19883,LIFE APEX,Real Sample,LIFE APEX 127 Otter liver from England and Wales (2014),"Wed, 01/01/2014 - 22:00","Wed, 11/27/2013 - 22:00",LC-Bruker maXis QTOF: Submission #11,London,UK,51.57467,-1.067028,0,Wet weight,"Eurasian Otter, Lutra lutra",,,UK,,River,,,,Other (22510),Liver,67.0,,Canada,biota,1.547397724888181,1.9590038739187414
89,21522,21522,LIFE APEX,Real Sample,LIFE APEX 37 Otter liver from Augustinusga,"Mon, 01/01/2018 - 22:00","Mon, 11/27/2017 - 22:00",LC-Bruker maXis QTOF: Submission #10,Groningen,Netherlands,53.226344,6.167509,1,Dry weight,Otter,,,Augustinusga,,River,,Augustinusga,,Other (22510),Liver,,,Netherlands,biota,1.5296882765727693,1.7415851654100698
90,21498,21498,LIFE APEX,Real Sample,LIFE APEX 49 Otter liver from Vastmanland-Orebro,"Mon, 01/01/2018 - 22:00","Mon, 11/27/2017 - 22:00",LC-Bruker maXis QTOF: Submission #10,Orebro,Sweden,59.430855,15.385376,1,Dry weight,Otter,,,Vastmanland-Orebro,,River,,Vastmanland-Orebro,,Other (22510),Liver,,,Sweden,biota,1.5530633672171426,2.028560904499093
91,19105,19105,LIFE APEX,Real Sample,LIFE APEX 150 Eurasian Otter liver pooled from Jutland,"Thu, 01/01/2015 - 22:00","Thu, 11/27/2014 - 22:00",LC-Bruker maXis QTOF: Submission #10,Copenhagen,Denmark,55.606169,12.431239,1,Wet weight,Eurasian Otter,,,,2.0,Terrestrial environment,,,,Other (22510),Liver,71.52235932,,Denmark,biota,1.5225512021423115,1.6539633785783392
92,19995,19995,LIFE APEX,Real Sample,LIFE APEX 74 Bream Muscle from Rhine Bimmen (2008),"Tue, 01/01/2008 - 22:00","Tue, 11/27/2007 - 22:00",LC-Bruker maXis QTOF: Submission #11,Bimmen,Germany,51.86051,6.071775,1,Wet weight,"Bream, Abramis brama",,,Rhine River,,River,,Rhine River Basin,,Fish (22486),Muscle,78.0,,Germany,biota,5.194691362624394,-4.977486335600933
93,19049,19049,LIFE APEX,Real Sample,LIFE APEX 197 Buzzard liver pooled from Cluj-Napoca,"Tue, 01/01/2019 - 22:00","Tue, 11/27/2018 - 22:00",LC-Bruker maXis QTOF: Submission #10,Cluj-Napoca,Romania,46.733445,23.664026,1,Wet weight,Buzzard,,,,1.0,Terrestrial environment,,,,Bird (22511),Liver,72.0,,Romania,biota,-22.865254142745492,-1.5080141460942222
94,21557,21557,LIFE APEX,Real Sample,LIFE APEX 18 Roach Muscle from River Anker (Stationfields),"Sun, 01/01/2017 - 22:00","Sun, 11/27/2016 - 22:00",LC-Bruker maXis QTOF: Submission #11,Tamworth,UK,52.63664,-1.682843,1,Dry weight,Roach,,,Anker River Basin,,River,,Anker River Basin,,Fish (22486),Muscle,,,UK,biota,5.258940464561074,-4.1887007948472945
95,21503,21503,LIFE APEX,Real Sample,LIFE APEX 46 Herring Muscle from Angskarsklubb,"Mon, 01/01/2018 - 22:00","Mon, 11/27/2017 - 22:00",LC-Bruker maXis QTOF: Submission #11,Norrtalje,Sweden,59.767709,18.805003,1,Dry weight,Herring,,,Angskarsklubb,,Coastal region,,Angskarsklubb,,Other (22510),Muscle,,,Sweden,biota,1.4257852152474182,0.46596838723026346
96,19089,19089,LIFE APEX,Real Sample,LIFE APEX 175 Eurasian Otter liver pooled from Kalmar-Ostergotlands lan,"Fri, 01/01/2016 - 22:00","Fri, 11/27/2015 - 22:00",LC-Bruker maXis QTOF: Submission #10,Kalmar,Sweden,56.654015,16.347488,1,Wet weight,Eurasian Otter,,,,3.0,Terrestrial environment,,,,Other (22510),Liver,69.71317886,,Sweden,biota,1.5118878110135325,1.5230490391676557
97,21570,21570,LIFE APEX,Real Sample,LIFE APEX 12 Buzzard liver from South Lincolnshire,"Sun, 01/01/2017 - 22:00","Sun, 11/27/2016 - 22:00",LC-Bruker maXis QTOF: Submission #10,Lincoln,UK,53.229319,-0.293403,1,Dry weight,Buzzard,,,South Lincolnshire,,Terrestrial environment,,South Lincolnshire,,Other (22510),Liver,,,UK,biota,1.5110804788375367,1.5131374306346044
98,21525,21525,LIFE APEX,Real Sample,LIFE APEX 35 Otter liver from Zevenhuizen,"Mon, 01/01/2018 - 22:00","Mon, 11/27/2017 - 22:00",LC-Bruker maXis QTOF: Submission #11,Zevenhuizen-Moerkapelle,Netherlands,52.026211,4.558007,1,Dry weight,Otter,,,Zevenhuizen,,River,,Zevenhuizen,,Other (22510),Liver,,,Netherlands,biota,1.5669972641229875,2.1996272085310027
99,19931,19931,LIFE APEX,Real Sample,LIFE APEX 104 Buzzard liver from England (2010),"Fri, 01/01/2010 - 22:00","Fri, 11/27/2009 - 22:00",LC-Bruker maXis QTOF: Submission #11,London,UK,51.329021,0.379717,0,Wet weight,"Buzzard, Buteo buteo",,,UK,,Terrestrial environment,,,,Other (22510),Liver,70.0953795,,Canada,biota,1.536136975072784,1.8207557682694488
100,19082,19082,LIFE APEX,Real Sample,"LIFE APEX 180 Buzzard liver pooled from Presov, Kosice, Trebisov, Humenne","Mon, 01/01/2018 - 22:00","Mon, 11/27/2017 - 22:00",LC-Bruker maXis QTOF: Submission #11,Kosice,Slovakia,48.808014,21.190465,1,Wet weight,Buzzard,,,,1.0,Terrestrial environment,,,,Bird (22511),Liver,72.07331331,,Slovakia,biota,-22.838412556729935,-1.1784802802228493
101,19912,19912,LIFE APEX,Real Sample,LIFE APEX 114 Buzzard liver from England (2013),"Tue, 01/01/2013 - 22:00","Tue, 11/27/2012 - 22:00",LC-Bruker maXis QTOF: Submission #10,London,UK,51.329021,0.379717,0,Wet weight,"Buzzard, Buteo buteo",,,UK,,Terrestrial environment,,,,Other (22510),Liver,73.64956985,,Canada,biota,1.5571393892413314,2.078602183513991
102,21497,21497,LIFE APEX,Real Sample,LIFE APEX 49 Otter liver from Vastmanland-Orebro,"Mon, 01/01/2018 - 22:00","Mon, 11/27/2017 - 22:00",LC-Bruker maXis QTOF: Submission #11,Orebro,Sweden,59.430855,15.385376,1,Dry weight,Otter,,,Vastmanland-Orebro,,River,,Vastmanland-Orebro,,Other (22510),Liver,,,Sweden,biota,1.5161408358816253,1.5752633802137062
103,19151,19151,LIFE APEX,Real Sample,LIFE APEX 166 Bottlenose dolphin liver pooled from Western Isles,"Sun, 02/02/2020 - 22:00","Sun, 12/29/2019 - 22:00",LC-Bruker maXis QTOF: Submission #10,Leverburgh,UK,57.763929,-7.020016,1,Wet weight,Bottlenose dolphin,,,,8.0,Marine environment,,,,Fish (22486),Liver,70.00701805,,UK,biota,5.261424273624265,-4.158207097411109
104,21534,21534,LIFE APEX,Real Sample,LIFE APEX 30 Harbour Porpoise liver from UK 05,"Sun, 01/01/2017 - 22:00","Sun, 11/27/2016 - 22:00",LC-Bruker maXis QTOF: Submission #10,Liverpool,UK,53.736376,-3.838481,1,Dry weight,Harbour Porpoise,,,Marine water of UK,,Marine environment,,Marine water of UK,,Fish (22486),Liver,,,UK,biota,5.282163003096413,-3.9035979363783335
105,19166,19166,LIFE APEX,Real Sample,LIFE APEX 155 Harbour Porpoise liver pooled from Varangerfjorden,"Sun, 01/01/2017 - 22:00","Sun, 11/27/2016 - 22:00",LC-Bruker maXis QTOF: Submission #11,Varangerfjorden,Norway,70.08034,28.898893,1,Wet weight,Harbour Porpoise,,,,1.0,Marine environment,,,,Fish (22486),Liver,70.53119999,,Norway,biota,5.771817122250362,2.107880473693414
106,19900,19900,LIFE APEX,Real Sample,"LIFE APEX 119 Otter liver from England and Wales (2005, 2006)","Sat, 01/01/2005 - 22:00","Sat, 11/27/2004 - 22:00",LC-Bruker maXis QTOF: Submission #10,London,UK,51.57467,-1.067028,0,Wet weight,"Eurasian Otter, Lutra lutra",,,UK,,River,,,,Other (22510),Liver,62.0,,Canada,biota,1.5438055471453942,1.9149027459975494
107,21565,21565,LIFE APEX,Real Sample,LIFE APEX 14 Buzzard liver from Sussex-Hampshire,"Sun, 01/01/2017 - 22:00","Sun, 11/27/2016 - 22:00",LC-Bruker maXis QTOF: Submission #11,Farnborough,UK,50.943334,-0.924196,1,Dry weight,Buzzard,,,Sussex/Hampshire,,Terrestrial environment,,Sussex/Hampshire,,Other (22510),Liver,,,UK,biota,1.5375732443508319,1.8383888309115528
108,19979,19979,LIFE APEX,Real Sample,LIFE APEX 81 Harbour Seal liver from North Sea (2001),"Mon, 01/01/2001 - 22:00","Mon, 11/27/2000 - 22:00",LC-Bruker maXis QTOF: Submission #11,Cuxhaven,Germany,54.082933,8.48307,1,Wet weight,"Harbour Seal, Phoca vitulina",,,North Sea,,Coastal region,,North Sea Basin,,Other (22510),Liver,71.0,,Germany,biota,1.5258840696994707,1.6948809581102646
109,21501,21501,LIFE APEX,Real Sample,LIFE APEX 47 Herring Muscle from Utlangan,"Mon, 01/01/2018 - 22:00","Mon, 11/27/2017 - 22:00",LC-Bruker maXis QTOF: Submission #11,Karlskrona,Sweden,56.016137,15.773463,1,Dry weight,Herring,,,Utlangan,,Coastal region,,Utlangan,,Other (22510),Muscle,,,Sweden,biota,1.4722707486616615,1.0366707862689788
110,19959,19959,LIFE APEX,Real Sample,LIFE APEX 91 Harbour Seal liver from North Sea (2011),"Sat, 01/01/2011 - 22:00","Sat, 11/27/2010 - 22:00",LC-Bruker maXis QTOF: Submission #11,Cuxhaven,Germany,54.082933,8.48307,1,Wet weight,"Harbour Seal, Phoca vitulina",,,North Sea,,Coastal region,,North Sea Basin,,Other (22510),Liver,74.0,,Germany,biota,1.5536520898017805,2.0357886454057366
111,19914,19914,LIFE APEX,Real Sample,LIFE APEX 113 Buzzard liver from England (2011),"Sat, 01/01/2011 - 22:00","Sat, 11/27/2010 - 22:00",LC-Bruker maXis QTOF: Submission #10,London,UK,51.329021,0.379717,0,Wet weight,"Buzzard, Buteo buteo",,,UK,,Terrestrial environment,,,,Other (22510),Liver,72.18055771,,Canada,biota,1.5424267459536223,1.8979752184389005
112,21457,21457,LIFE APEX,Real Sample,LIFE APEX 67 Otter liver from Hohn,"Fri, 01/01/2016 - 22:00","Fri, 11/27/2015 - 22:00",LC-Bruker maXis QTOF: Submission #11,Rendsburg,Germany,54.30341,9.478417,1,Dry weight,Otter,,,Hohner Lake,,River,,Hohner Lake,,Other (22510),Liver,,,Germany,biota,1.5654095347602797,2.18013467204142
113,19143,19143,LIFE APEX,Real Sample,LIFE APEX 170 Grey Seal liver pooled from Baltic Sea,"Fri, 01/01/2016 - 22:00","Fri, 11/27/2015 - 22:00",LC-Bruker maXis QTOF: Submission #10,Gdynia,Poland,54.517322,18.562618,1,Wet weight,Grey Seal,,,,1.0,Marine environment,,,,Other (22510),Liver,67.47252697,,Poland,biota,1.4572825665094553,0.8526610334867268
114,19941,19941,LIFE APEX,Real Sample,"LIFE APEX 99 Buzzard liver from England (2001, 2002)","Tue, 01/01/2002 - 22:00","Tue, 11/27/2001 - 22:00",LC-Bruker maXis QTOF: Submission #11,London,UK,51.329021,0.379717,0,Wet weight,"Buzzard, Buteo buteo",,,UK,,Terrestrial environment,,,,Other (22510),Liver,69.6424185,,Canada,biota,1.517140134418678,1.5875317577188157
115,19046,19046,LIFE APEX,Real Sample,LIFE APEX 198 Buzzard liver pooled from Warmian-Masurian Voivodeship,"Sun, 02/02/2020 - 22:00","Sun, 12/29/2019 - 22:00",LC-Bruker maXis QTOF: Submission #11,Olsztyn,Poland,53.803289,20.464641,1,Wet weight,Buzzard,,,,2.0,Terrestrial environment,,,,Bird (22511),Liver,69.5,,Poland,biota,-22.867408475826,-1.5344628703974499
116,21575,21575,LIFE APEX,Real Sample,LIFE APEX 10 Eelpout Muscle from North Sea Meldorfer Bucht,"Thu, 01/01/2015 - 22:00","Thu, 11/27/2014 - 22:00",LC-Bruker maXis QTOF: Submission #11,Cuxhaven,Germany,53.87,8.69,1,Dry weight,Eelpout,,,North Sea,,Coastal region,,North Sea,,Fish (22486),Muscle,,,Germany,biota,5.298291170989727,-3.705592590784251
117,21579,21579,LIFE APEX,Real Sample,LIFE APEX 08 Eelpout Muscle from North Sea Varel Mellum,"Thu, 01/01/2015 - 22:00","Thu, 11/27/2014 - 22:00",LC-Bruker maXis QTOF: Submission #11,Wilhelmshaven,Germany,53.54,8.11,1,Dry weight,Eelpout,,,North Sea,,Coastal region,,North Sea,,Fish (22486),Muscle,,,Germany,biota,5.2422318087132,-4.393832784882779
118,21546,21546,LIFE APEX,Real Sample,LIFE APEX 24 Otter liver from East Anglia,"Fri, 01/01/2016 - 22:00","Fri, 11/27/2015 - 22:00",LC-Bruker maXis QTOF: Submission #10,Norwich,UK,52.604666,1.390054,1,Dry weight,Otter,,,East Anglia,,River,,East Anglia,,Other (22510),Liver,,,UK,biota,1.5266961912031112,1.704851365168072
119,21468,21468,LIFE APEX,Real Sample,LIFE APEX 62 Harbour Seal liver from Grothusenkoog,"Thu, 01/01/2015 - 22:00","Thu, 11/27/2014 - 22:00",LC-Bruker maXis QTOF: Submission #10,Heide,Germany,54.292287,8.752707,1,Dry weight,Harbour Seal,,,North Sea,,Coastal region,,North Sea,,Other (22510),Liver,,,Germany,biota,1.4414149608701403,0.6578546079125487
120,19115,19115,LIFE APEX,Real Sample,LIFE APEX 145 Eurasian Otter liver pooled from North England,"Fri, 01/01/2016 - 22:00","Fri, 11/27/2015 - 22:00",LC-Bruker maXis QTOF: Submission #10,Liverpool,UK,53.479349,-3.045326,1,Wet weight,Eurasian Otter,,,,2.0,Terrestrial environment,,,,Other (22510),Liver,67.01996861,,UK,biota,1.520883059158277,1.633483604915733
121,19891,19891,LIFE APEX,Real Sample,LIFE APEX 123 Otter liver from England and Wales (2010),"Fri, 01/01/2010 - 22:00","Fri, 11/27/2009 - 22:00",LC-Bruker maXis QTOF: Submission #11,London,UK,51.57467,-1.067028,0,Wet weight,"Eurasian Otter, Lutra lutra",,,UK,,River,,,,Other (22510),Liver,66.0,,Canada,biota,1.542185499881172,1.8950134429749852
122,19155,19155,LIFE APEX,Real Sample,LIFE APEX 164 White-beaked dolphin liver pooled from east and north and west Scotland,"Fri, 01/01/2016 - 22:00","Fri, 11/27/2015 - 22:00",LC-Bruker maXis QTOF: Submission #10,Glasgow,UK,55.94813,-4.74281,1,Wet weight,White-beaked dolphin,,,,7.0,Marine environment,,,,Fish (22486),Liver,69.25500797,,UK,biota,5.263449361282257,-4.13334511778469
123,19095,19095,LIFE APEX,Real Sample,LIFE APEX 157 Eurasian Otter liver pooled from North-Eastern Hungary,"Sun, 01/01/2017 - 22:00","Sun, 11/27/2016 - 22:00",LC-Bruker maXis QTOF: Submission #10,Miskolc,Hungary,47.99092,20.876591,1,Wet weight,Eurasian Otter,,,,1.0,Terrestrial environment,,,,Other (22510),Liver,70.79743574,,Hungary,biota,1.5168667516300212,1.58417544013166
124,21549,21549,LIFE APEX,Real Sample,LIFE APEX 22 Otter liver from North East UK,"Fri, 01/01/2016 - 22:00","Fri, 11/27/2015 - 22:00",LC-Bruker maXis QTOF: Submission #11,Newcastle upon Tyne,UK,55.016114,-1.396547,1,Dry weight,Otter,,,North East UK,,Coastal region,,North East UK,,Other (22510),Liver,,,UK,biota,1.5350747947583547,1.8077153918527367
125,19897,19897,LIFE APEX,Real Sample,LIFE APEX 120 Otter liver from England and Wales (2007),"Mon, 01/01/2007 - 22:00","Mon, 11/27/2006 - 22:00",LC-Bruker maXis QTOF: Submission #11,London,UK,51.57467,-1.067028,0,Wet weight,"Eurasian Otter, Lutra lutra",,,UK,,River,,,,Other (22510),Liver,68.0,,Canada,biota,1.5551193406048371,2.0538020679007634
126,19894,19894,LIFE APEX,Real Sample,LIFE APEX 122 Otter liver from England and Wales (2009),"Thu, 01/01/2009 - 22:00","Thu, 11/27/2008 - 22:00",LC-Bruker maXis QTOF: Submission #10,London,UK,51.57467,-1.067028,0,Wet weight,"Eurasian Otter, Lutra lutra",,,UK,,River,,,,Other (22510),Liver,67.0,,Canada,biota,1.5686871318247677,2.2203736963223255
127,19174,19174,LIFE APEX,Real Sample,"LIFE APEX 136 Eurasian lynx Muscle pooled from Dalarna, Jamtland","Sun, 01/01/2017 - 22:00","Sun, 11/27/2016 - 22:00",LC-Bruker maXis QTOF: Submission #11,Ostersund,Sweden,63.126679,14.443638,1,Wet weight,Eurasian lynx,,,,1.0,Terrestrial environment,,,,Other (22510),Muscle,71.0,,Sweden,biota,1.4252660257035341,0.45959430272515567
128,21592,21592,LIFE APEX,Real Sample,LIFE APEX 02 Bream Muscle from Elbe,"Thu, 01/01/2015 - 22:00","Thu, 11/27/2014 - 22:00",LC-Bruker maXis QTOF: Submission #10,Wittenberge,Germany,53.01,11.75,1,Dry weight,Bream,,,Elbe river basin,,Coastal region,,Elbe river basin,,Fish (22486),Muscle,,,Germany,biota,5.246962044683998,-4.335759728207284
129,21541,21541,LIFE APEX,Real Sample,LIFE APEX 26 Harbour Porpoise liver from UK 01,"Sun, 01/01/2017 - 22:00","Sun, 11/27/2016 - 22:00",LC-Bruker maXis QTOF: Submission #11,Kingston upon Hull,UK,54.474762,0.765404,1,Dry weight,Harbour Porpoise,,,Marine water of UK,,Marine environment,,Marine water of UK,,Fish (22486),Liver,,,UK,biota,5.266384590631324,-4.097309338301917
130,19952,19952,LIFE APEX,Real Sample,LIFE APEX 95 Harbour Seal liver from North Sea (2015),"Thu, 01/01/2015 - 22:00","Thu, 11/27/2014 - 22:00",LC-Bruker maXis QTOF: Submission #10,Cuxhaven,Germany,54.082933,8.48307,1,Wet weight,"Harbour Seal, Phoca vitulina",,,North Sea,,Coastal region,,North Sea Basin,,Other (22510),Liver,71.0,,Germany,biota,1.541430839519798,1.8857484857495328
131,21518,21518,LIFE APEX,Real Sample,LIFE APEX 39 Harbour Seal liver from Noord-Holland,"Mon, 01/01/2018 - 22:00","Mon, 11/27/2017 - 22:00",LC-Bruker maXis QTOF: Submission #10,Amsterdam,Netherlands,52.399878,5.075807,1,Dry weight,Harbour Seal,,,Noord-Holland,,Coastal region,,Noord-Holland,,Other (22510),Liver,,,Netherlands,biota,1.52612454584191,1.6978332811516323
132,19106,19106,LIFE APEX,Real Sample,LIFE APEX 149 Eurasian Otter liver pooled from Jutland,"Fri, 01/01/2016 - 22:00","Fri, 11/27/2015 - 22:00",LC-Bruker maXis QTOF: Submission #11,Copenhagen,Denmark,55.60806,12.502279,1,Wet weight,Eurasian Otter,,,,2.0,Terrestrial environment,,,,Other (22510),Liver,70.89108329,,Denmark,biota,1.5008577738365991,1.3876333901255686
133,21593,21593,LIFE APEX,Real Sample,LIFE APEX 01 Bream Muscle from Danube Jochenstein,"Thu, 01/01/2015 - 22:00","Thu, 11/27/2014 - 22:00",LC-Bruker maXis QTOF: Submission #11,Dessau,Germany,51.83,12.22,1,Dry weight,Bream,,,Danube river basin,,Coastal region,,Danube river basin,,Fish (22486),Muscle,,,Germany,biota,5.271345442458283,-4.0364050132144
134,19128,19128,LIFE APEX,Real Sample,"LIFE APEX 179 Harbour Seal liver pooled from Belgium, France","Sun, 01/01/2017 - 22:00","Sun, 11/27/2016 - 22:00",LC-Bruker maXis QTOF: Submission #11,Antwerp,Belgium,51.481579,3.498073,1,Wet weight,Harbour Seal,,,,1.0,Marine environment,,,,Other (22510),Liver,70.34679809,,Belgium,biota,1.3505183724458147,-0.4580818408731806
135,19061,19061,LIFE APEX,Real Sample,"LIFE APEX 191 Buzzard liver pooled from Tienen, Sint-Truiden","Tue, 02/02/2021 - 22:00","Tue, 12/29/2020 - 22:00",LC-Bruker maXis QTOF: Submission #10,Tienen,Belgium,50.810677,4.994232,1,Wet weight,Buzzard,,,,1.0,Terrestrial environment,,,,Bird (22511),Liver,74.62585662,,Belgium,biota,-22.84877670616743,-1.3057208325741059
136,19870,19870,LIFE APEX,Real Sample,LIFE APEX 134 Otter liver from England and Wales (2015),"Thu, 01/01/2015 - 22:00","Thu, 11/27/2014 - 22:00",LC-Bruker maXis QTOF: Submission #10,London,UK,51.57467,-1.067028,0,Wet weight,"Eurasian Otter, Lutra lutra",,,UK,,River,,,,Other (22510),Liver,67.32055329,,Canada,biota,1.535033904502363,1.8072133826150676
137,19120,19120,LIFE APEX,Real Sample,LIFE APEX 142 Eurasian Otter liver pooled from Eastern Austria,"Fri, 01/01/2016 - 22:00","Fri, 11/27/2015 - 22:00",LC-Bruker maXis QTOF: Submission #11,Innsbruck,Austria,47.264397,11.323576,1,Wet weight,Eurasian Otter,,,,1.0,Terrestrial environment,,,,Other (22510),Liver,68.45807939,,Austria,biota,1.433047737529663,0.5551302960035662
138,19175,19175,LIFE APEX,Real Sample,"LIFE APEX 136 Eurasian lynx Muscle pooled from Dalarna, Jamtland","Sun, 01/01/2017 - 22:00","Sun, 11/27/2016 - 22:00",LC-Bruker maXis QTOF: Submission #10,Ostersund,Sweden,63.126679,14.443638,1,Wet weight,Eurasian lynx,,,,1.0,Terrestrial environment,,,,Other (22510),Muscle,71.0,,Sweden,biota,1.519436658332185,1.6157261573658872
139,21544,21544,LIFE APEX,Real Sample,LIFE APEX 25 Otter liver from North Wales,"Sun, 01/01/2017 - 22:00","Sun, 11/27/2016 - 22:00",LC-Bruker maXis QTOF: Submission #10,Liverpool,UK,52.746127,-3.96748,1,Dry weight,Otter,,,North Wales,,River,,North Wales,,Other (22510),Liver,,,UK,biota,1.5241526315202019,1.6736241100087321
140,19887,19887,LIFE APEX,Real Sample,LIFE APEX 125 Otter liver from England and Wales (2012),"Sun, 01/01/2012 - 22:00","Sun, 11/27/2011 - 22:00",LC-Bruker maXis QTOF: Submission #11,London,UK,51.57467,-1.067028,0,Wet weight,"Eurasian Otter, Lutra lutra",,,UK,,River,,,,Other (22510),Liver,67.0,,Canada,biota,1.5571196484097345,2.078359825534664
141,19994,19994,LIFE APEX,Real Sample,LIFE APEX 75 Bream Muscle from Rhine Bimmen (2010),"Fri, 01/01/2010 - 22:00","Fri, 11/27/2009 - 22:00",LC-Bruker maXis QTOF: Submission #10,Bimmen,Germany,51.86051,6.071775,1,Wet weight,"Bream, Abramis brama",,,Rhine River,,River,,Rhine River Basin,,Fish (22486),Muscle,78.0,,Germany,biota,5.249858484387755,-4.300200168787206
142,21469,21469,LIFE APEX,Real Sample,LIFE APEX 61 Harbour Seal liver from Busum 02,"Thu, 01/01/2015 - 22:00","Thu, 11/27/2014 - 22:00",LC-Bruker maXis QTOF: Submission #11,Heide,Germany,54.145131,8.822839,1,Dry weight,Harbour Seal,,,North Sea,,Coastal region,,North Sea,,Other (22510),Liver,,,Germany,biota,1.4379592151486005,0.6154284544646043
143,19073,19073,LIFE APEX,Real Sample,LIFE APEX 185 Buzzard liver pooled from Madrid,"Mon, 01/01/2018 - 22:00","Mon, 11/27/2017 - 22:00",LC-Bruker maXis QTOF: Submission #10,Madrid,Spain,40.635317,-3.904246,1,Wet weight,Buzzard,,,,3.0,Terrestrial environment,,,,Bird (22511),Liver,66.42649034,,Spain,biota,-22.868453197758416,-1.5472889104439607
144,21505,21505,LIFE APEX,Real Sample,LIFE APEX 45 Buzzard liver from North Rhine-Westphalia,"Mon, 01/01/2018 - 22:00","Mon, 11/27/2017 - 22:00",LC-Bruker maXis QTOF: Submission #11,Dortmund,Germany,51.55107,6.685865,1,Dry weight,Buzzard,,,North Rhine-Westphalia,,Terrestrial environment,,North Rhine-Westphalia,,Other (22510),Liver,,,Germany,biota,1.5220249230683254,1.647502255987625
145,19078,19078,LIFE APEX,Real Sample,LIFE APEX 182 Buzzard liver pooled from Crete,"Tue, 01/01/2019 - 22:00","Tue, 11/27/2018 - 22:00",LC-Bruker maXis QTOF: Submission #11,Heraklion,Greece,35.192863,25.22803,1,Wet weight,Buzzard,,,,2.0,Terrestrial environment,,,,Bird (22511),Liver,75.08587954,,Greece,biota,-22.82838187215157,-1.0553336723975162
146,19079,19079,LIFE APEX,Real Sample,LIFE APEX 182 Buzzard liver pooled from Crete,"Tue, 01/01/2019 - 22:00","Tue, 11/27/2018 - 22:00",LC-Bruker maXis QTOF: Submission #10,Heraklion,Greece,35.192863,25.22803,1,Wet weight,Buzzard,,,,2.0,Terrestrial environment,,,,Bird (22511),Liver,75.08587954,,Greece,biota,-22.84757120685874,-1.2909209303896554
147,19964,19964,LIFE APEX,Real Sample,LIFE APEX 89 Harbour Seal liver from North Sea (2009),"Thu, 01/01/2009 - 22:00","Thu, 11/27/2008 - 22:00",LC-Bruker maXis QTOF: Submission #10,Cuxhaven,Germany,54.082933,8.48307,1,Wet weight,"Harbour Seal, Phoca vitulina",,,North Sea,,Coastal region,,North Sea Basin,,Other (22510),Liver,74.0,,Germany,biota,1.5385615612743955,1.8505223872646055
148,19050,19050,LIFE APEX,Real Sample,LIFE APEX 196 Buzzard liver pooled from Cluj-Napoca,"Tue, 01/01/2019 - 22:00","Tue, 11/27/2018 - 22:00",LC-Bruker maXis QTOF: Submission #11,Cluj-Napoca,Romania,46.735113,23.563525,1,Wet weight,Buzzard,,,,1.0,Terrestrial environment,,,,Bird (22511),Liver,77.5,,Romania,biota,-22.87519711268712,-1.6300838822574277
149,19157,19157,LIFE APEX,Real Sample,LIFE APEX 163 Grey Seal liver pooled from east and north Scotland,"Thu, 01/01/2015 - 22:00","Thu, 11/27/2014 - 22:00",LC-Bruker maXis QTOF: Submission #10,Glasgow,UK,55.935933,-4.564525,1,Wet weight,Grey Seal,,,,6.0,Marine environment,,,,Other (22510),Liver,68.88072709,,UK,biota,1.521723023330148,1.6437958361146694
150,21531,21531,LIFE APEX,Real Sample,LIFE APEX 31 Buzzard liver from Friesland,"Fri, 01/01/2016 - 22:00","Fri, 11/27/2015 - 22:00",LC-Bruker maXis QTOF: Submission #11,Leeuwarden,Netherlands,53.263884,6.097295,1,Dry weight,Buzzard,,,Friesland (NL),,Marine environment,,Friesland (NL),,Other (22510),Liver,,,Netherlands,biota,1.5408306905606288,1.8783804633643992
151,21559,21559,LIFE APEX,Real Sample,LIFE APEX 17 Roach Muscle from River Lea (Wheathampstead),"Fri, 01/01/2016 - 22:00","Fri, 11/27/2015 - 22:00",LC-Bruker maXis QTOF: Submission #11,Luton,UK,51.813566,-0.292979,1,Dry weight,Roach,,,Lea River Basin,,River,,Lea River Basin,,Fish (22486),Muscle,,,UK,biota,5.255016147287093,-4.236879596258853
152,19961,19961,LIFE APEX,Real Sample,LIFE APEX 90 Harbour Seal liver from North Sea (2010),"Fri, 01/01/2010 - 22:00","Fri, 11/27/2009 - 22:00",LC-Bruker maXis QTOF: Submission #11,Cuxhaven,Germany,54.082933,8.48307,1,Wet weight,"Harbour Seal, Phoca vitulina",,,North Sea,,Coastal region,,North Sea Basin,,Other (22510),Liver,73.0,,Germany,biota,1.4495951596010992,0.7582828206807409
153,19053,19053,LIFE APEX,Real Sample,"LIFE APEX 195 Buzzard liver pooled from Coimbra, Viseu","Sun, 02/02/2020 - 22:00","Sun, 12/29/2019 - 22:00",LC-Bruker maXis QTOF: Submission #10,Coimbra,Portugal,40.224815,-8.319192,1,Wet weight,Buzzard,,,,2.0,Terrestrial environment,,,,Bird (22511),Liver,72.0,,Portugal,biota,-22.866228826114362,-1.5199803234413638
154,19947,19947,LIFE APEX,Real Sample,LIFE APEX 97 Harbour Seal liver from North Sea (2017),"Sun, 01/01/2017 - 22:00","Sun, 11/27/2016 - 22:00",LC-Bruker maXis QTOF: Submission #11,Cuxhaven,Germany,54.082933,8.48307,1,Wet weight,"Harbour Seal, Phoca vitulina",,,North Sea,,Coastal region,,North Sea Basin,,Other (22510),Liver,70.0,,Germany,biota,1.523939893200173,1.6710123239180101
155,19921,19921,LIFE APEX,Real Sample,LIFE APEX 109 Buzzard liver from England (2015),"Thu, 01/01/2015 - 22:00","Thu, 11/27/2014 - 22:00",LC-Bruker maXis QTOF: Submission #11,London,UK,51.329021,0.379717,0,Wet weight,"Buzzard, Buteo buteo",,,UK,,Terrestrial environment,,,,Other (22510),Liver,70.85348733,,Canada,biota,1.4907348884394138,1.2633548338294898
156,19119,19119,LIFE APEX,Real Sample,LIFE APEX 143 Eurasian Otter liver pooled from Eastern Austria,"Sun, 01/01/2017 - 22:00","Sun, 11/27/2016 - 22:00",LC-Bruker maXis QTOF: Submission #10,Innsbruck,Austria,47.265963,11.276432,1,Wet weight,Eurasian Otter,,,,1.0,Terrestrial environment,,,,Other (22510),Liver,68.78474838,,Austria,biota,1.506482903347405,1.4566930452685973
157,19965,19965,LIFE APEX,Real Sample,LIFE APEX 88 Harbour Seal liver from North Sea (2008),"Tue, 01/01/2008 - 22:00","Tue, 11/27/2007 - 22:00",LC-Bruker maXis QTOF: Submission #11,Cuxhaven,Germany,54.082933,8.48307,1,Wet weight,"Harbour Seal, Phoca vitulina",,,North Sea,,Coastal region,,North Sea Basin,,Other (22510),Liver,69.0,,Germany,biota,1.4821490703886495,1.1579468369885226
158,21481,21481,LIFE APEX,Real Sample,LIFE APEX 57 Harbour Seal liver from Baltic Proper,"Fri, 01/01/2016 - 22:00","Fri, 11/27/2015 - 22:00",LC-Bruker maXis QTOF: Submission #11,Kalmar,Sweden,56.538313,17.286339,1,Dry weight,Otter Seal,,,Baltic Sea,,Coastal region,,Baltic Sea,,Other (22510),Liver,,,Sweden,biota,1.5033329839638152,1.418021518516911
159,19991,19991,LIFE APEX,Real Sample,LIFE APEX 76 Bream Muscle from Rhine Bimmen (2012),"Sun, 01/01/2012 - 22:00","Sun, 11/27/2011 - 22:00",LC-Bruker maXis QTOF: Submission #11,Bimmen,Germany,51.86051,6.071775,1,Wet weight,"Bream, Abramis brama",,,Rhine River,,River,,Rhine River Basin,,Fish (22486),Muscle,77.0,,Germany,biota,5.272774530814147,-4.018860110677495
160,21493,21493,LIFE APEX,Real Sample,LIFE APEX 51 Otter liver from Skane,"Mon, 01/01/2018 - 22:00","Mon, 11/27/2017 - 22:00",LC-Bruker maXis QTOF: Submission #11,Malmo,Sweden,55.6989,13.034828,1,Dry weight,Otter,,,Skane,,River,,Skane,,Other (22510),Liver,,,Sweden,biota,1.5583967630150763,2.094038947953657
161,19910,19910,LIFE APEX,Real Sample,LIFE APEX 115 Buzzard liver from England (2016),"Fri, 01/01/2016 - 22:00","Fri, 11/27/2015 - 22:00",LC-Bruker maXis QTOF: Submission #10,London,UK,51.329021,0.379717,0,Wet weight,"Buzzard, Buteo buteo",,,UK,,Terrestrial environment,,,,Other (22510),Liver,74.42920709,,Canada,biota,1.5490097572141808,1.978794777630111
162,19141,19141,LIFE APEX,Real Sample,LIFE APEX 171 Short-beaked common dolphin liver pooled from Galicia,"Fri, 01/01/2016 - 22:00","Fri, 11/27/2015 - 22:00",LC-Bruker maXis QTOF: Submission #10,Santiago de Compostela,Spain,42.779569,-8.93292,1,Wet weight,Short-beaked common dolphin,,,,2.0,Marine environment,,,,Fish (22486),Liver,72.85091218,,Spain,biota,5.269563170108846,-4.058285951882097
163,21578,21578,LIFE APEX,Real Sample,LIFE APEX 09 Eelpout Muscle from Baltic Sea Darsser Ort,"Thu, 01/01/2015 - 22:00","Thu, 11/27/2014 - 22:00",LC-Bruker maXis QTOF: Submission #10,Ribnitz-Damgarten,Germany,54.24,12.43,1,Dry weight,Eelpout,,,Baltic Sea,,Coastal region,,Baltic Sea,,Fish (22486),Muscle,,,Germany,biota,5.26509846027739,-4.1130991469703675
164,19129,19129,LIFE APEX,Real Sample,"LIFE APEX 179 Harbour Seal liver pooled from Belgium, France","Sun, 01/01/2017 - 22:00","Sun, 11/27/2016 - 22:00",LC-Bruker maXis QTOF: Submission #10,Antwerp,Belgium,51.481579,3.498073,1,Wet weight,Harbour Seal,,,,1.0,Marine environment,,,,Other (22510),Liver,70.34679809,,Belgium,biota,1.4904864556897472,1.2603048276056985
165,19934,19934,LIFE APEX,Real Sample,LIFE APEX 103 Buzzard liver from England (2009),"Thu, 01/01/2009 - 22:00","Thu, 11/27/2008 - 22:00",LC-Bruker maXis QTOF: Submission #10,London,UK,51.329021,0.379717,0,Wet weight,"Buzzard, Buteo buteo",,,UK,,Terrestrial environment,,,,Other (22510),Liver,71.72999687,,Canada,biota,1.5444851454833757,1.923246167560998
166,19150,19150,LIFE APEX,Real Sample,LIFE APEX 166 Bottlenose dolphin liver pooled from Western Isles,"Sun, 02/02/2020 - 22:00","Sun, 12/29/2019 - 22:00",LC-Bruker maXis QTOF: Submission #11,Leverburgh,UK,57.763929,-7.020016,1,Wet weight,Bottlenose dolphin,,,,8.0,Marine environment,,,,Fish (22486),Liver,70.00701805,,UK,biota,5.290002590095675,-3.8073514102150927
167,21512,21512,LIFE APEX,Real Sample,LIFE APEX 42 Buzzard liver from Lower Saxony,"Mon, 01/01/2018 - 22:00","Mon, 11/27/2017 - 22:00",LC-Bruker maXis QTOF: Submission #10,Hanover,Germany,52.378424,9.695191,1,Dry weight,Buzzard,,,Lower Saxony,,Terrestrial environment,,Lower Saxony,,Other (22510),Liver,,,Germany,biota,1.537108983760082,1.8326891085796906
168,20001,20001,LIFE APEX,Real Sample,LIFE APEX 71 Bream Muscle from Rhine Bimmen (2002),"Tue, 01/01/2002 - 22:00","Tue, 11/27/2001 - 22:00",LC-Bruker maXis QTOF: Submission #11,Bimmen,Germany,51.86051,6.071775,1,Wet weight,"Bream, Abramis brama",,,Rhine River,,River,,Rhine River Basin,,Fish (22486),Muscle,82.0,,Germany,biota,5.332379977566171,-3.2870846752096456
169,19048,19048,LIFE APEX,Real Sample,LIFE APEX 197 Buzzard liver pooled from Cluj-Napoca,"Tue, 01/01/2019 - 22:00","Tue, 11/27/2018 - 22:00",LC-Bruker maXis QTOF: Submission #11,Cluj-Napoca,Romania,46.733445,23.664026,1,Wet weight,Buzzard,,,,1.0,Terrestrial environment,,,,Bird (22511),Liver,72.0,,Romania,biota,-22.855080439255396,-1.383111696611915
170,21506,21506,LIFE APEX,Real Sample,LIFE APEX 45 Buzzard liver from North Rhine-Westphalia,"Mon, 01/01/2018 - 22:00","Mon, 11/27/2017 - 22:00",LC-Bruker maXis QTOF: Submission #10,Dortmund,Germany,51.55107,6.685865,1,Dry weight,Buzzard,,,North Rhine-Westphalia,,Terrestrial environment,,North Rhine-Westphalia,,Other (22510),Liver,,,Germany,biota,1.5277414751116414,1.7176843045896768
171,21462,21462,LIFE APEX,Real Sample,LIFE APEX 65 Otter liver from Germany 02,"Mon, 01/01/2018 - 22:00","Mon, 11/27/2017 - 22:00",LC-Bruker maXis QTOF: Submission #10,Greifswald,Germany,54.129048,13.463002,1,Dry weight,Otter,,,,,Coastal region,,,,Other (22510),Liver,,,Germany,biota,1.5383792588036997,1.8482842617719644
172,21489,21489,LIFE APEX,Real Sample,LIFE APEX 53 Otter liver from Harjedalen-Jamtland,"Sun, 01/01/2017 - 22:00","Sun, 11/27/2016 - 22:00",LC-Bruker maXis QTOF: Submission #11,Ostersund,Sweden,63.138889,14.43978,1,Dry weight,Otter,,,Harjedalen-Jamtland,,River,,Harjedalen-Jamtland,,Other (22510),Liver,,,Sweden,biota,1.5805533185850105,2.3660547449009073
173,19908,19908,LIFE APEX,Real Sample,LIFE APEX 116 Buzzard liver from England (2017),"Sun, 01/01/2017 - 22:00","Sun, 11/27/2016 - 22:00",LC-Bruker maXis QTOF: Submission #10,London,UK,51.329021,0.379717,0,Wet weight,"Buzzard, Buteo buteo",,,UK,,Terrestrial environment,,,,Other (22510),Liver,74.68418549,,Canada,biota,1.5378904328035616,1.842282950170249
174,19997,19997,LIFE APEX,Real Sample,LIFE APEX 73 Bream Muscle from Rhine Bimmen (2006),"Sun, 01/01/2006 - 22:00","Sun, 11/27/2005 - 22:00",LC-Bruker maXis QTOF: Submission #11,Bimmen,Germany,51.86051,6.071775,1,Wet weight,"Bream, Abramis brama",,,Rhine River,,River,,Rhine River Basin,,Fish (22486),Muscle,79.0,,Germany,biota,5.28063765598552,-3.9223246066260837
175,19989,19989,LIFE APEX,Real Sample,LIFE APEX 77 Bream Muscle from Rhine Bimmen (2014),"Wed, 01/01/2014 - 22:00","Wed, 11/27/2013 - 22:00",LC-Bruker maXis QTOF: Submission #11,Bimmen,Germany,51.86051,6.071775,1,Wet weight,"Bream, Abramis brama",,,Rhine River,,River,,Rhine River Basin,,Fish (22486),Muscle,80.0,,Germany,biota,5.294739016872005,-3.749202349086066
176,19890,19890,LIFE APEX,Real Sample,LIFE APEX 124 Otter liver from England and Wales (2011),"Sat, 01/01/2011 - 22:00","Sat, 11/27/2010 - 22:00",LC-Bruker maXis QTOF: Submission #10,London,UK,51.57467,-1.067028,0,Wet weight,"Eurasian Otter, Lutra lutra",,,UK,,River,,,,Other (22510),Liver,68.0,,Canada,biota,1.531088721751751,1.758778415969378
177,19132,19132,LIFE APEX,Real Sample,"LIFE APEX 177 Harbour Porpoise liver pooled from Belgium, France","Sun, 01/01/2017 - 22:00","Sun, 11/27/2016 - 22:00",LC-Bruker maXis QTOF: Submission #11,Antwerp,Belgium,51.411497,3.673056,1,Wet weight,Harbour Porpoise,,,,1.0,Marine environment,,,,Fish (22486),Liver,73.54919207,,Belgium,biota,5.245102296582086,-4.358591835863285
178,19996,19996,LIFE APEX,Real Sample,LIFE APEX 74 Bream Muscle from Rhine Bimmen (2008),"Tue, 01/01/2008 - 22:00","Tue, 11/27/2007 - 22:00",LC-Bruker maXis QTOF: Submission #10,Bimmen,Germany,51.86051,6.071775,1,Wet weight,"Bream, Abramis brama",,,Rhine River,,River,,Rhine River Basin,,Fish (22486),Muscle,78.0,,Germany,biota,5.263915916131581,-4.127617228864052
179,21530,21530,LIFE APEX,Real Sample,LIFE APEX 32 Buzzard liver from Friesland,"Mon, 01/01/2018 - 22:00","Mon, 11/27/2017 - 22:00",LC-Bruker maXis QTOF: Submission #10,Leeuwarden,Netherlands,53.006056,5.567012,1,Dry weight,Buzzard,,,Friesland (NL),,Marine environment,,Friesland (NL),,Other (22510),Liver,,,Netherlands,biota,1.5362120216080972,1.8216771137844803
180,19092,19092,LIFE APEX,Real Sample,LIFE APEX 158 Eurasian Otter liver pooled from South Hungary,"Thu, 01/01/2015 - 22:00","Thu, 11/27/2014 - 22:00",LC-Bruker maXis QTOF: Submission #11,Szeged,Hungary,46.340018,20.093273,1,Wet weight,Eurasian Otter,,,,2.0,Terrestrial environment,,,,Other (22510),Liver,70.26754886,,Hungary,biota,1.509636849721486,1.4954140113396794
181,19922,19922,LIFE APEX,Real Sample,LIFE APEX 109 Buzzard liver from England (2015),"Thu, 01/01/2015 - 22:00","Thu, 11/27/2014 - 22:00",LC-Bruker maXis QTOF: Submission #10,London,UK,51.329021,0.379717,0,Wet weight,"Buzzard, Buteo buteo",,,UK,,Terrestrial environment,,,,Other (22510),Liver,70.85348733,,Canada,biota,1.531955821473763,1.769423790029184
182,21484,21484,LIFE APEX,Real Sample,LIFE APEX 56 Harbour Seal liver from Oresund,"Thu, 01/01/2015 - 22:00","Thu, 11/27/2014 - 22:00",LC-Bruker maXis QTOF: Submission #10,Malmo,Sweden,55.653598,12.900543,1,Dry weight,Otter Seal,,,Oresund,,Coastal region,,Oresund,,Other (22510),Liver,,,Sweden,biota,1.5470015158146104,1.9541396193388834
183,19967,19967,LIFE APEX,Real Sample,LIFE APEX 87 Harbour Seal liver from North Sea (2007),"Mon, 01/01/2007 - 22:00","Mon, 11/27/2006 - 22:00",LC-Bruker maXis QTOF: Submission #11,Cuxhaven,Germany,54.082933,8.48307,1,Wet weight,"Harbour Seal, Phoca vitulina",,,North Sea,,Coastal region,,North Sea Basin,,Other (22510),Liver,70.0,,Germany,biota,1.4475672496651404,0.7333861919774817
184,19949,19949,LIFE APEX,Real Sample,LIFE APEX 96 Harbour Seal liver from North Sea (2016),"Fri, 01/01/2016 - 22:00","Fri, 11/27/2015 - 22:00",LC-Bruker maXis QTOF: Submission #11,Cuxhaven,Germany,54.082933,8.48307,1,Wet weight,"Harbour Seal, Phoca vitulina",,,North Sea,,Coastal region,,North Sea Basin,,Other (22510),Liver,74.0,,Germany,biota,1.5625281817178722,2.1447603314022357
185,19874,19874,LIFE APEX,Real Sample,LIFE APEX 132 Otter liver from England and Wales (2008),"Tue, 01/01/2008 - 22:00","Tue, 11/27/2007 - 22:00",LC-Bruker maXis QTOF: Submission #10,London,UK,51.57467,-1.067028,0,Wet weight,"Eurasian Otter, Lutra lutra",,,UK,,River,,,,Other (22510),Liver,67.2673737,,Canada,biota,1.531864169356304,1.768298577958312
186,19086,19086,LIFE APEX,Real Sample,LIFE APEX 176 Eurasian Otter liver pooled from Jonkopings lan,"Fri, 01/01/2016 - 22:00","Fri, 11/27/2015 - 22:00",LC-Bruker maXis QTOF: Submission #11,Jonkoping,Sweden,57.78885,14.152215,1,Wet weight,Eurasian Otter,,,,4.0,Terrestrial environment,,,,Other (22510),Liver,69.91941118,,Sweden,biota,1.4150896443568552,0.33465897722664695
187,19966,19966,LIFE APEX,Real Sample,LIFE APEX 88 Harbour Seal liver from North Sea (2008),"Tue, 01/01/2008 - 22:00","Tue, 11/27/2007 - 22:00",LC-Bruker maXis QTOF: Submission #10,Cuxhaven,Germany,54.082933,8.48307,1,Wet weight,"Harbour Seal, Phoca vitulina",,,North Sea,,Coastal region,,North Sea Basin,,Other (22510),Liver,69.0,,Germany,biota,1.5265515094571316,1.7030751089122638
188,21536,21536,LIFE APEX,Real Sample,LIFE APEX 29 Harbour Porpoise liver from UK 04,"Sun, 01/01/2017 - 22:00","Sun, 11/27/2016 - 22:00",LC-Bruker maXis QTOF: Submission #10,Aberdeen,UK,57.196258,-1.669999,1,Dry weight,Harbour Porpoise,,,Marine water of UK,,Marine environment,,Marine water of UK,,Fish (22486),Liver,,,UK,biota,5.308833368595728,-3.5761661429627583
189,19101,19101,LIFE APEX,Real Sample,LIFE APEX 152 Eurasian Otter liver pooled from Northern Moravia,"Fri, 01/01/2016 - 22:00","Fri, 11/27/2015 - 22:00",LC-Bruker maXis QTOF: Submission #10,Olomouc,Czech Republic,49.548002,17.270283,1,Wet weight,Eurasian Otter,,,,1.0,Terrestrial environment,,,,Other (22510),Liver,68.58435661,,Czech Republic,biota,1.5163616054550515,1.5779737659172501
190,21513,21513,LIFE APEX,Real Sample,LIFE APEX 41 Buzzard liver from Berlin,"Mon, 01/01/2018 - 22:00","Mon, 11/27/2017 - 22:00",LC-Bruker maXis QTOF: Submission #11,Berlin,Germany,52.553125,13.223138,1,Dry weight,Buzzard,,,Berlin area,,Terrestrial environment,,Berlin area,,Other (22510),Liver,,,Germany,biota,1.5495021821923385,1.9848402738469357
191,21528,21528,LIFE APEX,Real Sample,LIFE APEX 33 Otter liver from Overijssel,"Mon, 01/01/2018 - 22:00","Mon, 11/27/2017 - 22:00",LC-Bruker maXis QTOF: Submission #10,Almelo,Netherlands,52.583347,6.099912,1,Dry weight,Otter,,,Overijssel,,River,,Overijssel,,Other (22510),Liver,,,Netherlands,biota,1.5268210911729403,1.706384760768244
192,19917,19917,LIFE APEX,Real Sample,LIFE APEX 111 Buzzard liver from England (2017),"Sun, 01/01/2017 - 22:00","Sun, 11/27/2016 - 22:00",LC-Bruker maXis QTOF: Submission #11,London,UK,51.329021,0.379717,0,Wet weight,"Buzzard, Buteo buteo",,,UK,,Terrestrial environment,,,,Other (22510),Liver,72.49956908,,Canada,biota,1.5248520631806992,1.6822110250617435
193,19146,19146,LIFE APEX,Real Sample,LIFE APEX 168 Ringed Seal liver pooled from Olav V Land,"Sun, 02/02/2020 - 22:00","Sun, 12/29/2019 - 22:00",LC-Bruker maXis QTOF: Submission #11,Longyearbyen,Norway,78.236198,15.563032,1,Wet weight,Ringed Seal,,,,2.0,Marine environment,,,,Fish (22486),Liver,69.2612674,,Norway,biota,5.355751896389027,-3.000147876539765
194,19122,19122,LIFE APEX,Real Sample,LIFE APEX 141 Eurasian Otter liver pooled from Marseille,"Wed, 01/01/2014 - 22:00","Wed, 11/27/2013 - 22:00",LC-Bruker maXis QTOF: Submission #11,Marseille,France,43.21771,5.321604,1,Wet weight,Eurasian Otter,,,,1.0,Terrestrial environment,,,,Other (22510),Liver,71.73679779,,France,biota,1.5231027370051626,1.6607345662205688
195,21566,21566,LIFE APEX,Real Sample,LIFE APEX 14 Buzzard liver from Sussex-Hampshire,"Sun, 01/01/2017 - 22:00","Sun, 11/27/2016 - 22:00",LC-Bruker maXis QTOF: Submission #10,Farnborough,UK,50.943334,-0.924196,1,Dry weight,Buzzard,,,Sussex/Hampshire,,Terrestrial environment,,Sussex/Hampshire,,Other (22510),Liver,,,UK,biota,1.534432957075908,1.7998355574554359
196,21586,21586,LIFE APEX,Real Sample,LIFE APEX 05 Bream Muscle from Saar Gudingen,"Thu, 01/01/2015 - 22:00","Thu, 11/27/2014 - 22:00",LC-Bruker maXis QTOF: Submission #10,Saarbrucken,Germany,49.25,6.97,1,Dry weight,Bream,,,Rhine river basin,,River,,Rhine river basin,,Fish (22486),Muscle,,,Germany,biota,5.275142565788946,-3.9897877704921627
197,21460,21460,LIFE APEX,Real Sample,LIFE APEX 66 Otter liver from Bosdorf,"Mon, 01/01/2018 - 22:00","Mon, 11/27/2017 - 22:00",LC-Bruker maXis QTOF: Submission #10,Eutin,Germany,54.13129,10.452888,1,Dry weight,Otter,,,Ploner Lake,,River,,Ploner Lake,,Other (22510),Liver,,,Germany,biota,1.5852720443231951,2.423986490573079
198,21591,21591,LIFE APEX,Real Sample,LIFE APEX 02 Bream Muscle from Elbe,"Thu, 01/01/2015 - 22:00","Thu, 11/27/2014 - 22:00",LC-Bruker maXis QTOF: Submission #11,Wittenberge,Germany,53.01,11.75,1,Dry weight,Bream,,,Elbe river basin,,Coastal region,,Elbe river basin,,Fish (22486),Muscle,,,Germany,biota,5.244072337500507,-4.371236632547323
199,21535,21535,LIFE APEX,Real Sample,LIFE APEX 29 Harbour Porpoise liver from UK 04,"Sun, 01/01/2017 - 22:00","Sun, 11/27/2016 - 22:00",LC-Bruker maXis QTOF: Submission #11,Aberdeen,UK,57.196258,-1.669999,1,Dry weight,Harbour Porpoise,,,Marine water of UK,,Marine environment,,Marine water of UK,,Fish (22486),Liver,,,UK,biota,5.320572883526859,-3.4320402430822465
200,19888,19888,LIFE APEX,Real Sample,LIFE APEX 125 Otter liver from England and Wales (2012),"Sun, 01/01/2012 - 22:00","Sun, 11/27/2011 - 22:00",LC-Bruker maXis QTOF: Submission #10,London,UK,51.57467,-1.067028,0,Wet weight,"Eurasian Otter, Lutra lutra",,,UK,,River,,,,Other (22510),Liver,67.0,,Canada,biota,1.5443107133015623,1.9211046655211177
201,20006,20006,LIFE APEX,Real Sample,LIFE APEX 69 Bream Muscle from Rhine Bimmen (1998),"Thu, 01/01/1998 - 22:00","Thu, 11/27/1997 - 22:00",LC-Bruker maXis QTOF: Submission #10,Bimmen,Germany,51.86051,6.071775,1,Wet weight,"Bream, Abramis brama",,,Rhine River,,River,,Rhine River Basin,,Fish (22486),Muscle,80.0,,Germany,biota,5.26884132523021,-4.0671480337753705
202,19165,19165,LIFE APEX,Real Sample,LIFE APEX 156 Harbour Porpoise liver pooled from Varangerfjorden,"Sun, 01/01/2017 - 22:00","Sun, 11/27/2016 - 22:00",LC-Bruker maXis QTOF: Submission #10,Varangerfjorden,Norway,70.142798,28.886762,1,Wet weight,Harbour Porpoise,,,,1.0,Marine environment,,,,Fish (22486),Liver,72.717324,,Norway,biota,5.293295013037251,-3.7669303687983877
203,21564,21564,LIFE APEX,Real Sample,LIFE APEX 15 Buzzard liver from South Wales-Somerset-Hertfordshire,"Sun, 01/01/2017 - 22:00","Sun, 11/27/2016 - 22:00",LC-Bruker maXis QTOF: Submission #10,Oxford,UK,51.76,-1.26,1,Dry weight,Buzzard,,,South Wales-Somerset-Hertfordshire,,Terrestrial environment,,South Wales-Somerset-Hertfordshire,,Other (22510),Liver,,,UK,biota,1.5367750600629566,1.8285895309034133
204,21479,21479,LIFE APEX,Real Sample,LIFE APEX 58 Grey Seal liver from Baltic Proper,"Sun, 01/01/2017 - 22:00","Sun, 11/27/2016 - 22:00",LC-Bruker maXis QTOF: Submission #11,Kalmar,Sweden,55.961274,16.058707,1,Dry weight,Grey Seal,,,Baltic Sea,,Coastal region,,Baltic Sea,,Other (22510),Liver,,,Sweden,biota,1.509716283662945,1.4963892209934273
205,19072,19072,LIFE APEX,Real Sample,LIFE APEX 185 Buzzard liver pooled from Madrid,"Mon, 01/01/2018 - 22:00","Mon, 11/27/2017 - 22:00",LC-Bruker maXis QTOF: Submission #11,Madrid,Spain,40.635317,-3.904246,1,Wet weight,Buzzard,,,,3.0,Terrestrial environment,,,,Bird (22511),Liver,66.42649034,,Spain,biota,-22.85871544034087,-1.4277385662555069
206,19916,19916,LIFE APEX,Real Sample,LIFE APEX 112 Buzzard liver from England (2018),"Mon, 01/01/2018 - 22:00","Mon, 11/27/2017 - 22:00",LC-Bruker maXis QTOF: Submission #10,London,UK,51.329021,0.379717,0,Wet weight,"Buzzard, Buteo buteo",,,UK,,Terrestrial environment,,,,Other (22510),Liver,72.98142928,,Canada,biota,1.5238062503008252,1.6693715914646534
207,21496,21496,LIFE APEX,Real Sample,LIFE APEX 50 Otter liver from Uppland,"Mon, 01/01/2018 - 22:00","Mon, 11/27/2017 - 22:00",LC-Bruker maXis QTOF: Submission #10,Stockholm,Sweden,59.319383,18.109282,1,Dry weight,Otter,,,Uppland,,River,,Uppland,,Other (22510),Liver,,,Sweden,biota,1.5389308865835636,1.8550565901551268
208,19164,19164,LIFE APEX,Real Sample,LIFE APEX 156 Harbour Porpoise liver pooled from Varangerfjorden,"Sun, 01/01/2017 - 22:00","Sun, 11/27/2016 - 22:00",LC-Bruker maXis QTOF: Submission #11,Varangerfjorden,Norway,70.142798,28.886762,1,Wet weight,Harbour Porpoise,,,,1.0,Marine environment,,,,Fish (22486),Liver,72.717324,,Norway,biota,6.040252521977752,5.4034590195214935
209,21520,21520,LIFE APEX,Real Sample,LIFE APEX 38 Harbour Seal liver from Zuid-Holland,"Tue, 01/01/2019 - 22:00","Tue, 11/27/2018 - 22:00",LC-Bruker maXis QTOF: Submission #10,Rotterdam,Netherlands,51.901053,4.284472,1,Dry weight,Harbour Seal,,,Zuid-Holland,,Coastal region,,Zuid-Holland,,Other (22510),Liver,,,Netherlands,biota,1.5381724193540933,1.8457448960503888
210,19064,19064,LIFE APEX,Real Sample,LIFE APEX 189 Buzzard liver pooled from Midle Saxony,"Thu, 01/01/2015 - 22:00","Thu, 11/27/2014 - 22:00",LC-Bruker maXis QTOF: Submission #11,Dresden,Germany,51.100723,13.825774,1,Wet weight,Buzzard,,,,2.0,Terrestrial environment,,,,Bird (22511),Liver,73.03709437,,Germany,biota,-22.84244240253443,-1.2279546542795041
211,21582,21582,LIFE APEX,Real Sample,LIFE APEX 07 Herring gull eggs from North Sea Trischen,"Thu, 01/01/2015 - 22:00","Thu, 11/27/2014 - 22:00",LC-Bruker maXis QTOF: Submission #10,Cuxhaven,Germany,53.87,8.69,1,Dry weight,Herring gull,,,North sea,,River,,North sea,,Other (22510),Other,,,Germany,biota,1.5142061495944656,1.5515112572546315
212,19125,19125,LIFE APEX,Real Sample,"LIFE APEX 139 Eurasian Otter liver pooled from Basilicata, Abruzzo region","Wed, 01/01/2014 - 22:00","Wed, 11/27/2013 - 22:00",LC-Bruker maXis QTOF: Submission #10,Pescara,Italy,42.436459,14.270927,1,Wet weight,Eurasian Otter,,,,1.0,Terrestrial environment,,,,Other (22510),Liver,70.56015773,,Italy,biota,1.5278266085173888,1.7187294865059055
213,21563,21563,LIFE APEX,Real Sample,LIFE APEX 15 Buzzard liver from South Wales-Somerset-Hertfordshire,"Sun, 01/01/2017 - 22:00","Sun, 11/27/2016 - 22:00",LC-Bruker maXis QTOF: Submission #11,Oxford,UK,51.76,-1.26,1,Dry weight,Buzzard,,,South Wales-Somerset-Hertfordshire,,Terrestrial environment,,South Wales-Somerset-Hertfordshire,,Other (22510),Liver,,,UK,biota,1.5493054912737576,1.982425501532544
214,19047,19047,LIFE APEX,Real Sample,LIFE APEX 198 Buzzard liver pooled from Warmian-Masurian Voivodeship,"Sun, 02/02/2020 - 22:00","Sun, 12/29/2019 - 22:00",LC-Bruker maXis QTOF: Submission #10,Olsztyn,Poland,53.803289,20.464641,1,Wet weight,Buzzard,,,,2.0,Terrestrial environment,,,,Bird (22511),Liver,69.5,,Poland,biota,-8.806579127586671,-2.8903728698981075
215,19058,19058,LIFE APEX,Real Sample,LIFE APEX 192 Buzzard liver pooled from Sint-Truiden,"Tue, 02/02/2021 - 22:00","Tue, 12/29/2020 - 22:00",LC-Bruker maXis QTOF: Submission #11,Sint-Truiden,Belgium,50.871641,5.215332,1,Wet weight,Buzzard,,,,2.0,Terrestrial environment,,,,Bird (22511),Liver,74.89249187,,Belgium,biota,-22.830409790141896,-1.0802303999848317
216,19930,19930,LIFE APEX,Real Sample,LIFE APEX 105 Buzzard liver from England (2011),"Sat, 01/01/2011 - 22:00","Sat, 11/27/2010 - 22:00",LC-Bruker maXis QTOF: Submission #10,London,UK,51.329021,0.379717,0,Wet weight,"Buzzard, Buteo buteo",,,UK,,Terrestrial environment,,,,Other (22510),Liver,71.10651161,,Canada,biota,1.5401470996848332,1.869988025456735
217,20000,20000,LIFE APEX,Real Sample,LIFE APEX 72 Bream Muscle from Rhine Bimmen (2004),"Thu, 01/01/2004 - 22:00","Thu, 11/27/2003 - 22:00",LC-Bruker maXis QTOF: Submission #10,Bimmen,Germany,51.86051,6.071775,1,Wet weight,"Bream, Abramis brama",,,Rhine River,,River,,Rhine River Basin,,Fish (22486),Muscle,79.0,,Germany,biota,5.259328270115602,-4.183939710181547
218,19090,19090,LIFE APEX,Real Sample,LIFE APEX 159 Eurasian Otter liver pooled from Western Hungary,"Fri, 01/01/2016 - 22:00","Fri, 11/27/2015 - 22:00",LC-Bruker maXis QTOF: Submission #11,Zalaegerszeg,Hungary,46.864745,16.862463,1,Wet weight,Eurasian Otter,,,,3.0,Terrestrial environment,,,,Other (22510),Liver,71.52992421,,Hungary,biota,1.532658136663954,1.778046106145243
219,19109,19109,LIFE APEX,Real Sample,LIFE APEX 148 Eurasian Otter liver pooled from Southern Denmark,"Mon, 01/01/2018 - 22:00","Mon, 11/27/2017 - 22:00",LC-Bruker maXis QTOF: Submission #10,Vejle,Denmark,55.693697,9.590751,1,Wet weight,Eurasian Otter,,,,1.0,Terrestrial environment,,,,Other (22510),Liver,71.32909839,,Denmark,biota,1.5284337668812351,1.7261835632776368
220,19875,19875,LIFE APEX,Real Sample,LIFE APEX 131 Otter liver from England and Wales (2018),"Mon, 01/01/2018 - 22:00","Mon, 11/27/2017 - 22:00",LC-Bruker maXis QTOF: Submission #11,London,UK,51.57467,-1.067028,0,Wet weight,"Eurasian Otter, Lutra lutra",,,UK,,River,,,,Other (22510),Liver,67.46431726,,Canada,biota,1.548076544873011,1.967337739648562
221,21474,21474,LIFE APEX,Real Sample,LIFE APEX 59 Harbour Seal liver from Amrum,"Thu, 01/01/2015 - 22:00","Thu, 11/27/2014 - 22:00",LC-Bruker maXis QTOF: Submission #10,Husum,Germany,54.663544,8.356468,1,Dry weight,Harbour Seal,,,North Sea,,Coastal region,,North Sea,,Other (22510),Liver,,,Germany,biota,1.5358097915694617,1.8167389398807858
222,19893,19893,LIFE APEX,Real Sample,LIFE APEX 122 Otter liver from England and Wales (2009),"Thu, 01/01/2009 - 22:00","Thu, 11/27/2008 - 22:00",LC-Bruker maXis QTOF: Submission #11,London,UK,51.57467,-1.067028,0,Wet weight,"Eurasian Otter, Lutra lutra",,,UK,,River,,,,Other (22510),Liver,67.0,,Canada,biota,1.5609540460446867,2.1254346844943863
223,19112,19112,LIFE APEX,Real Sample,LIFE APEX 146 Eurasian Otter liver pooled from Midlands England,"Sun, 01/01/2017 - 22:00","Sun, 11/27/2016 - 22:00",LC-Bruker maXis QTOF: Submission #11,Birmingham,UK,52.479417,-1.933885,1,Wet weight,Eurasian Otter,,,,3.0,Terrestrial environment,,,,Other (22510),Liver,68.16586162,,UK,biota,1.5083797602943423,1.479980737820313
224,19915,19915,LIFE APEX,Real Sample,LIFE APEX 112 Buzzard liver from England (2018),"Mon, 01/01/2018 - 22:00","Mon, 11/27/2017 - 22:00",LC-Bruker maXis QTOF: Submission #11,London,UK,51.329021,0.379717,0,Wet weight,"Buzzard, Buteo buteo",,,UK,,Terrestrial environment,,,,Other (22510),Liver,72.98142928,,Canada,biota,1.5313658357301596,1.7621805413335123
225,19117,19117,LIFE APEX,Real Sample,LIFE APEX 144 Eurasian Otter liver pooled from Wales,"Thu, 01/01/2015 - 22:00","Thu, 11/27/2014 - 22:00",LC-Bruker maXis QTOF: Submission #10,Cardiff,UK,51.464898,-3.13467,1,Wet weight,Eurasian Otter,,,,1.0,Terrestrial environment,,,,Other (22510),Liver,67.50842257,,UK,biota,1.5043043048107034,1.4299464142175455
226,21459,21459,LIFE APEX,Real Sample,LIFE APEX 66 Otter liver from Bosdorf,"Mon, 01/01/2018 - 22:00","Mon, 11/27/2017 - 22:00",LC-Bruker maXis QTOF: Submission #11,Eutin,Germany,54.13129,10.452888,1,Dry weight,Otter,,,Ploner Lake,,River,,Ploner Lake,,Other (22510),Liver,,,Germany,biota,1.60811907039801,2.7044791865611364
227,19907,19907,LIFE APEX,Real Sample,LIFE APEX 116 Buzzard liver from England (2017),"Sun, 01/01/2017 - 22:00","Sun, 11/27/2016 - 22:00",LC-Bruker maXis QTOF: Submission #11,London,UK,51.329021,0.379717,0,Wet weight,"Buzzard, Buteo buteo",,,UK,,Terrestrial environment,,,,Other (22510),Liver,74.68418549,,Canada,biota,1.530467469980144,1.7511513145805102
228,19919,19919,LIFE APEX,Real Sample,LIFE APEX 110 Buzzard liver from England (2016),"Fri, 01/01/2016 - 22:00","Fri, 11/27/2015 - 22:00",LC-Bruker maXis QTOF: Submission #11,London,UK,51.329021,0.379717,0,Wet weight,"Buzzard, Buteo buteo",,,UK,,Terrestrial environment,,,,Other (22510),Liver,73.06873892,,Canada,biota,1.517687964021069,1.5942574559174931
229,21583,21583,LIFE APEX,Real Sample,LIFE APEX 06 Herring gull eggs from North Sea Mellum,"Thu, 01/01/2015 - 22:00","Thu, 11/27/2014 - 22:00",LC-Bruker maXis QTOF: Submission #11,Wilhelmshaven,Germany,53.54,8.11,1,Dry weight,Herring gull,,,North sea,,River,,North sea,,Other (22510),Other,,,Germany,biota,1.517908137259458,1.5969605204222712
230,19054,19054,LIFE APEX,Real Sample,"LIFE APEX 194 Buzzard liver pooled from Presov, Kosice, Trebisov, Humenne","Mon, 01/01/2018 - 22:00","Mon, 11/27/2017 - 22:00",LC-Bruker maXis QTOF: Submission #11,Presov,Slovakia,48.975857,21.195856,1,Wet weight,Buzzard,,,,1.0,Terrestrial environment,,,,Bird (22511),Liver,72.07331331,,Slovakia,biota,-22.854549973574915,-1.3765991750980904
231,19110,19110,LIFE APEX,Real Sample,LIFE APEX 147 Eurasian Otter liver pooled from East Anglia,"Thu, 01/01/2015 - 22:00","Thu, 11/27/2014 - 22:00",LC-Bruker maXis QTOF: Submission #11,Norwich,UK,52.623224,1.329637,1,Wet weight,Eurasian Otter,,,,4.0,Terrestrial environment,,,,Other (22510),Liver,67.71874195,,UK,biota,1.4852500013340664,1.1960169332060908
232,21523,21523,LIFE APEX,Real Sample,LIFE APEX 36 Otter liver from Harich,"Mon, 01/01/2018 - 22:00","Mon, 11/27/2017 - 22:00",LC-Bruker maXis QTOF: Submission #11,Sneek,Netherlands,52.937049,5.542928,1,Dry weight,Otter,,,Harich,,River,,Harich,,Other (22510),Liver,,,Netherlands,biota,1.5187110992417496,1.6068184761337883
233,21488,21488,LIFE APEX,Real Sample,LIFE APEX 54 Harbour Seal liver from Kattegat,"Fri, 01/01/2016 - 22:00","Fri, 11/27/2015 - 22:00",LC-Bruker maXis QTOF: Submission #10,Goteborg,Sweden,56.951607,11.301717,1,Dry weight,Otter Seal,,,Kattegat,,Coastal region,,Kattegat,,Other (22510),Liver,,,Sweden,biota,1.531144143275948,1.7594588254323384
234,21492,21492,LIFE APEX,Real Sample,LIFE APEX 52 Otter liver from Norrbotten,"Mon, 01/01/2018 - 22:00","Mon, 11/27/2017 - 22:00",LC-Bruker maXis QTOF: Submission #10,Kiruna,Sweden,67.934516,20.379767,1,Dry weight,Otter,,,Norrbotten,,River,,Norrbotten,,Other (22510),Liver,,,Sweden,biota,1.5432743227769865,1.9083809100799969
235,19093,19093,LIFE APEX,Real Sample,LIFE APEX 158 Eurasian Otter liver pooled from South Hungary,"Thu, 01/01/2015 - 22:00","Thu, 11/27/2014 - 22:00",LC-Bruker maXis QTOF: Submission #10,Szeged,Hungary,46.340018,20.093273,1,Wet weight,Eurasian Otter,,,,2.0,Terrestrial environment,,,,Other (22510),Liver,70.26754886,,Hungary,biota,1.5204147699127286,1.6277344228311512
236,19068,19068,LIFE APEX,Real Sample,LIFE APEX 187 Buzzard liver pooled from Northern Sardinia,"Sun, 02/02/2020 - 22:00","Sun, 12/29/2019 - 22:00",LC-Bruker maXis QTOF: Submission #11,Cagliari,Italy,39.421881,9.329993,1,Wet weight,Buzzard,,,,3.0,Terrestrial environment,,,,Bird (22511),Liver,73.57061438,,Italy,biota,-22.866824589746273,-1.5272945072103996
237,21562,21562,LIFE APEX,Real Sample,LIFE APEX 16 Roach Muscle from River Thames (Shepperton-Sunbury),"Fri, 01/01/2016 - 22:00","Fri, 11/27/2015 - 22:00",LC-Bruker maXis QTOF: Submission #10,London,UK,51.386399,-0.451476,1,Dry weight,Roach,,,Thames River Basin,,River,,Thames River Basin,,Fish (22486),Muscle,,,Canada,biota,5.2407541110651685,-4.411974463182267
238,19069,19069,LIFE APEX,Real Sample,LIFE APEX 187 Buzzard liver pooled from Northern Sardinia,"Sun, 02/02/2020 - 22:00","Sun, 12/29/2019 - 22:00",LC-Bruker maXis QTOF: Submission #10,Cagliari,Italy,39.421881,9.329993,1,Wet weight,Buzzard,,,,3.0,Terrestrial environment,,,,Bird (22511),Liver,73.57061438,,Italy,biota,-22.86233007315982,-1.4721153749076745
239,20004,20004,LIFE APEX,Real Sample,LIFE APEX 70 Bream Muscle from Rhine Bimmen (2000),"Sat, 01/01/2000 - 22:00","Sat, 11/27/1999 - 22:00",LC-Bruker maXis QTOF: Submission #10,Bimmen,Germany,51.86051,6.071775,1,Wet weight,"Bream, Abramis brama",,,Rhine River,,River,,Rhine River Basin,,Fish (22486),Muscle,80.0,,Germany,biota,5.268360019676055,-4.073057016941553
240,21519,21519,LIFE APEX,Real Sample,LIFE APEX 38 Harbour Seal liver from Zuid-Holland,"Tue, 01/01/2019 - 22:00","Tue, 11/27/2018 - 22:00",LC-Bruker maXis QTOF: Submission #11,Rotterdam,Netherlands,51.901053,4.284472,1,Dry weight,Harbour Seal,,,Zuid-Holland,,Coastal region,,Zuid-Holland,,Other (22510),Liver,,,Netherlands,biota,1.5320445035562602,1.7705125390123013
241,19867,19867,LIFE APEX,Real Sample,LIFE APEX 135 Otter liver from England and Wales (2015),"Thu, 01/01/2015 - 22:00","Thu, 11/27/2014 - 22:00",LC-Bruker maXis QTOF: Submission #11,London,UK,51.57467,-1.067028,0,Wet weight,"Eurasian Otter, Lutra lutra",,,UK,,River,,,,Other (22510),Liver,67.41630136,,Canada,biota,1.5610688875543477,2.126844592486049
242,19876,19876,LIFE APEX,Real Sample,LIFE APEX 131 Otter liver from England and Wales (2018),"Mon, 01/01/2018 - 22:00","Mon, 11/27/2017 - 22:00",LC-Bruker maXis QTOF: Submission #10,London,UK,51.57467,-1.067028,0,Wet weight,"Eurasian Otter, Lutra lutra",,,UK,,River,,,,Other (22510),Liver,67.46431726,,Canada,biota,1.5486766305830155,1.9747049855246308
243,19878,19878,LIFE APEX,Real Sample,LIFE APEX 130 Otter liver from England and Wales (2017),"Sun, 01/01/2017 - 22:00","Sun, 11/27/2016 - 22:00",LC-Bruker maXis QTOF: Submission #10,London,UK,51.57467,-1.067028,0,Wet weight,"Eurasian Otter, Lutra lutra",,,UK,,River,,,,Other (22510),Liver,68.67848587,,Canada,biota,1.5475036190208094,1.9603039350581597
244,19869,19869,LIFE APEX,Real Sample,LIFE APEX 134 Otter liver from England and Wales (2015),"Thu, 01/01/2015 - 22:00","Thu, 11/27/2014 - 22:00",LC-Bruker maXis QTOF: Submission #11,London,UK,51.57467,-1.067028,0,Wet weight,"Eurasian Otter, Lutra lutra",,,UK,,River,,,,Other (22510),Liver,67.32055329,,Canada,biota,1.561177894665128,2.128182871625405
245,19062,19062,LIFE APEX,Real Sample,"LIFE APEX 190 Buzzard liver pooled from Reutlingen, Oberhausen, Lichtenstein","Mon, 01/01/2018 - 22:00","Mon, 11/27/2017 - 22:00",LC-Bruker maXis QTOF: Submission #11,Reutlingen,Germany,48.466091,9.165925,1,Wet weight,Buzzard,,,,3.0,Terrestrial environment,,,,Bird (22511),Liver,73.0,,Germany,biota,-22.838224661479,-1.1761734922267972
246,19144,19144,LIFE APEX,Real Sample,LIFE APEX 169 Bearded Seal liver pooled from Olav V Land,"Tue, 01/01/2019 - 22:00","Tue, 11/27/2018 - 22:00",LC-Bruker maXis QTOF: Submission #11,Longyearbyen,Norway,78.247999,15.694319,1,Wet weight,Bearded Seal,,,,2.0,Marine environment,,,,Fish (22486),Liver,69.4853781,,Norway,biota,5.326900361114664,-3.354357868072326
247,19051,19051,LIFE APEX,Real Sample,LIFE APEX 196 Buzzard liver pooled from Cluj-Napoca,"Tue, 01/01/2019 - 22:00","Tue, 11/27/2018 - 22:00",LC-Bruker maXis QTOF: Submission #10,Cluj-Napoca,Romania,46.735113,23.563525,1,Wet weight,Buzzard,,,,1.0,Terrestrial environment,,,,Bird (22511),Liver,77.5,,Romania,biota,-22.870898784303844,-1.5773133504368961
248,19108,19108,LIFE APEX,Real Sample,LIFE APEX 148 Eurasian Otter liver pooled from Southern Denmark,"Mon, 01/01/2018 - 22:00","Mon, 11/27/2017 - 22:00",LC-Bruker maXis QTOF: Submission #11,Vejle,Denmark,55.693697,9.590751,1,Wet weight,Eurasian Otter,,,,1.0,Terrestrial environment,,,,Other (22510),Liver,71.32909839,,Denmark,biota,1.492645458666057,1.2868108841704693
249,19111,19111,LIFE APEX,Real Sample,LIFE APEX 147 Eurasian Otter liver pooled from East Anglia,"Thu, 01/01/2015 - 22:00","Thu, 11/27/2014 - 22:00",LC-Bruker maXis QTOF: Submission #10,Norwich,UK,52.623224,1.329637,1,Wet weight,Eurasian Otter,,,,4.0,Terrestrial environment,,,,Other (22510),Liver,67.71874195,,UK,biota,1.5532957941981504,2.03141440807153
250,19920,19920,LIFE APEX,Real Sample,LIFE APEX 110 Buzzard liver from England (2016),"Fri, 01/01/2016 - 22:00","Fri, 11/27/2015 - 22:00",LC-Bruker maXis QTOF: Submission #10,London,UK,51.329021,0.379717,0,Wet weight,"Buzzard, Buteo buteo",,,UK,,Terrestrial environment,,,,Other (22510),Liver,73.06873892,,Canada,biota,1.505008017773317,1.4385858907708677
251,21527,21527,LIFE APEX,Real Sample,LIFE APEX 33 Otter liver from Overijssel,"Mon, 01/01/2018 - 22:00","Mon, 11/27/2017 - 22:00",LC-Bruker maXis QTOF: Submission #11,Almelo,Netherlands,52.583347,6.099912,1,Dry weight,Otter,,,Overijssel,,River,,Overijssel,,Other (22510),Liver,,,Netherlands,biota,1.5066206065143772,1.4583836255839027
252,20003,20003,LIFE APEX,Real Sample,LIFE APEX 70 Bream Muscle from Rhine Bimmen (2000),"Sat, 01/01/2000 - 22:00","Sat, 11/27/1999 - 22:00",LC-Bruker maXis QTOF: Submission #11,Bimmen,Germany,51.86051,6.071775,1,Wet weight,"Bream, Abramis brama",,,Rhine River,,River,,Rhine River Basin,,Fish (22486),Muscle,80.0,,Germany,biota,5.249658993697834,-4.3026493138644755
253,19163,19163,LIFE APEX,Real Sample,LIFE APEX 160 Striped dolphin Muscle pooled from Bay of Biscay,"Sun, 01/01/2017 - 22:00","Sun, 11/27/2016 - 22:00",LC-Bruker maXis QTOF: Submission #10,Bilbao,Spain,43.353601,-3.133122,1,Wet weight,Striped dolphin,,,,1.0,Marine environment,,,,Fish (22486),Muscle,71.7277261,,Spain,biota,5.275400711280745,-3.98661852103643
254,19055,19055,LIFE APEX,Real Sample,"LIFE APEX 194 Buzzard liver pooled from Presov, Kosice, Trebisov, Humenne","Mon, 01/01/2018 - 22:00","Mon, 11/27/2017 - 22:00",LC-Bruker maXis QTOF: Submission #10,Presov,Slovakia,48.975857,21.195856,1,Wet weight,Buzzard,,,,1.0,Terrestrial environment,,,,Bird (22511),Liver,72.07331331,,Slovakia,biota,-22.88470089683877,-1.7467617391492216
255,19056,19056,LIFE APEX,Real Sample,"LIFE APEX 193 Buzzard liver pooled from Santa Maria da Feira, Gondomar, Braga","Sun, 02/02/2020 - 22:00","Sun, 12/29/2019 - 22:00",LC-Bruker maXis QTOF: Submission #11,Porto,Portugal,41.077999,-8.436219,1,Wet weight,Buzzard,,,,1.0,Terrestrial environment,,,,Bird (22511),Liver,76.42775344,,Portugal,biota,-22.869159130080572,-1.5559556340508358
256,21524,21524,LIFE APEX,Real Sample,LIFE APEX 36 Otter liver from Harich,"Mon, 01/01/2018 - 22:00","Mon, 11/27/2017 - 22:00",LC-Bruker maXis QTOF: Submission #10,Sneek,Netherlands,52.937049,5.542928,1,Dry weight,Otter,,,Harich,,River,,Harich,,Other (22510),Liver,,,Netherlands,biota,1.5358421177399055,1.8171358079314996
257,19993,19993,LIFE APEX,Real Sample,LIFE APEX 75 Bream Muscle from Rhine Bimmen (2010),"Fri, 01/01/2010 - 22:00","Fri, 11/27/2009 - 22:00",LC-Bruker maXis QTOF: Submission #11,Bimmen,Germany,51.86051,6.071775,1,Wet weight,"Bream, Abramis brama",,,Rhine River,,River,,Rhine River Basin,,Fish (22486),Muscle,78.0,,Germany,biota,5.222921331021601,-4.630907314004826
258,19972,19972,LIFE APEX,Real Sample,LIFE APEX 85 Harbour Seal liver from North Sea (2005),"Sat, 01/01/2005 - 22:00","Sat, 11/27/2004 - 22:00",LC-Bruker maXis QTOF: Submission #10,Cuxhaven,Germany,54.082933,8.48307,1,Wet weight,"Harbour Seal, Phoca vitulina",,,North Sea,,Coastal region,,North Sea Basin,,Other (22510),Liver,69.0,,Germany,biota,1.5208580596316994,1.6331766859937795
259,21508,21508,LIFE APEX,Real Sample,LIFE APEX 44 Buzzard liver from Baden-Wurttemberg,"Mon, 01/01/2018 - 22:00","Mon, 11/27/2017 - 22:00",LC-Bruker maXis QTOF: Submission #10,Stuttgart,Germany,54.20943,12.816105,1,Dry weight,Buzzard,,,Baden-Wurttemberg,,Terrestrial environment,,Baden-Wurttemberg,,Other (22510),Liver,,,Germany,biota,1.5427012267868117,1.901345016707345
260,19873,19873,LIFE APEX,Real Sample,LIFE APEX 132 Otter liver from England and Wales (2008),"Tue, 01/01/2008 - 22:00","Tue, 11/27/2007 - 22:00",LC-Bruker maXis QTOF: Submission #11,London,UK,51.57467,-1.067028,0,Wet weight,"Eurasian Otter, Lutra lutra",,,UK,,River,,,,Other (22510),Liver,67.2673737,,Canada,biota,1.5276794016050879,1.7169222288100041
261,19153,19153,LIFE APEX,Real Sample,LIFE APEX 165 Harbour Porpoise liver pooled from east and north and west Scotland,"Mon, 01/01/2018 - 22:00","Mon, 11/27/2017 - 22:00",LC-Bruker maXis QTOF: Submission #10,Glasgow,UK,55.927337,-4.486307,1,Wet weight,Harbour Porpoise,,,,7.0,Marine environment,,,,Fish (22486),Liver,69.26636388,,UK,biota,5.2672980626976775,-4.086094651464136
262,21548,21548,LIFE APEX,Real Sample,LIFE APEX 23 Otter liver from South Wales-Somerset-Hertfordshire,"Fri, 01/01/2016 - 22:00","Fri, 11/27/2015 - 22:00",LC-Bruker maXis QTOF: Submission #10,Bath,UK,51.334841,-2.616951,1,Dry weight,Otter,,,South Wales-Somerset-Hertfordshire,,Coastal region,,South Wales-Somerset-Hertfordshire,,Other (22510),Liver,,,UK,biota,1.5146682978429364,1.5571850463830976
263,19167,19167,LIFE APEX,Real Sample,LIFE APEX 155 Harbour Porpoise liver pooled from Varangerfjorden,"Sun, 01/01/2017 - 22:00","Sun, 11/27/2016 - 22:00",LC-Bruker maXis QTOF: Submission #10,Varangerfjorden,Norway,70.08034,28.898893,1,Wet weight,Harbour Porpoise,,,,1.0,Marine environment,,,,Fish (22486),Liver,70.53119999,,Norway,biota,5.276147609900303,-3.977448854632227
264,21594,21594,LIFE APEX,Real Sample,LIFE APEX 01 Bream Muscle from Danube Jochenstein,"Thu, 01/01/2015 - 22:00","Thu, 11/27/2014 - 22:00",LC-Bruker maXis QTOF: Submission #10,Dessau,Germany,51.83,12.22,1,Dry weight,Bream,,,Danube river basin,,Coastal region,,Danube river basin,,Fish (22486),Muscle,,,Germany,biota,5.275036513024225,-3.9910897791561086
265,21555,21555,LIFE APEX,Real Sample,LIFE APEX 19 Roach Muscle from River Thames (Standford-Abington),"Sun, 01/01/2017 - 22:00","Sun, 11/27/2016 - 22:00",LC-Bruker maXis QTOF: Submission #11,Northampton,UK,52.233289,-0.858002,1,Dry weight,Roach,,,Thames River Basin,,River,,Thames River Basin,,Fish (22486),Muscle,,,UK,biota,5.209433308009542,-4.796499628987641
266,21584,21584,LIFE APEX,Real Sample,LIFE APEX 06 Herring gull eggs from North Sea Mellum,"Thu, 01/01/2015 - 22:00","Thu, 11/27/2014 - 22:00",LC-Bruker maXis QTOF: Submission #10,Wilhelmshaven,Germany,53.54,8.11,1,Dry weight,Herring gull,,,North sea,,River,,North sea,,Other (22510),Other,,,Germany,biota,1.5132544166859727,1.539826842465073
267,19970,19970,LIFE APEX,Real Sample,LIFE APEX 86 Harbour Seal liver from North Sea (2006),"Sun, 01/01/2006 - 22:00","Sun, 11/27/2005 - 22:00",LC-Bruker maXis QTOF: Submission #10,Cuxhaven,Germany,54.082933,8.48307,1,Wet weight,"Harbour Seal, Phoca vitulina",,,North Sea,,Coastal region,,North Sea Basin,,Other (22510),Liver,73.0,,Germany,biota,1.5424631212954623,1.8984217981239315
268,19985,19985,LIFE APEX,Real Sample,LIFE APEX 79 Bream Muscle from Rhine Bimmen (2018),"Mon, 01/01/2018 - 22:00","Mon, 11/27/2017 - 22:00",LC-Bruker maXis QTOF: Submission #11,Bimmen,Germany,51.86051,6.071775,1,Wet weight,"Bream, Abramis brama",,,Rhine River,,River,,Rhine River Basin,,Fish (22486),Muscle,78.0,,Germany,biota,5.280071954970605,-3.929269711966258
269,19909,19909,LIFE APEX,Real Sample,LIFE APEX 115 Buzzard liver from England (2016),"Fri, 01/01/2016 - 22:00","Fri, 11/27/2015 - 22:00",LC-Bruker maXis QTOF: Submission #11,London,UK,51.329021,0.379717,0,Wet weight,"Buzzard, Buteo buteo",,,UK,,Terrestrial environment,,,,Other (22510),Liver,74.42920709,,Canada,biota,1.5374235939598646,1.8365515746542016
270,19980,19980,LIFE APEX,Real Sample,LIFE APEX 81 Harbour Seal liver from North Sea (2001),"Mon, 01/01/2001 - 22:00","Mon, 11/27/2000 - 22:00",LC-Bruker maXis QTOF: Submission #10,Cuxhaven,Germany,54.082933,8.48307,1,Wet weight,"Harbour Seal, Phoca vitulina",,,North Sea,,Coastal region,,North Sea Basin,,Other (22510),Liver,71.0,,Germany,biota,1.5220636097970741,1.6479772125447674
271,19149,19149,LIFE APEX,Real Sample,LIFE APEX 167 Harbour Porpoise liver pooled from Odessa,"Sun, 02/02/2020 - 22:00","Sun, 12/29/2019 - 22:00",LC-Bruker maXis QTOF: Submission #10,Odessa,Ukraine,46.469803,30.767571,1,Wet weight,Harbour Porpoise,,,,1.0,Marine environment,,,,Fish (22486),Liver,72.94176098,,USA,biota,5.262660670321188,-4.143027868320493
272,21590,21590,LIFE APEX,Real Sample,LIFE APEX 03 Bream Muscle from Rhine Bimmen,"Thu, 01/01/2015 - 22:00","Thu, 11/27/2014 - 22:00",LC-Bruker maXis QTOF: Submission #10,Emmerich,Germany,51.85,6.24,1,Dry weight,Bream,,,Rhine river basin,,River,,Rhine river basin,,Fish (22486),Muscle,,,Germany,biota,5.255038093002537,-4.236610168943859
273,21458,21458,LIFE APEX,Real Sample,LIFE APEX 67 Otter liver from Hohn,"Fri, 01/01/2016 - 22:00","Fri, 11/27/2015 - 22:00",LC-Bruker maXis QTOF: Submission #10,Rendsburg,Germany,54.30341,9.478417,1,Dry weight,Otter,,,Hohner Lake,,River,,Hohner Lake,,Other (22510),Liver,,,Germany,biota,1.4983483815126848,1.3568256072692577
274,19103,19103,LIFE APEX,Real Sample,LIFE APEX 151 Eurasian Otter liver pooled from Jutland,"Thu, 01/01/2015 - 22:00","Thu, 11/27/2014 - 22:00",LC-Bruker maXis QTOF: Submission #10,Copenhagen,Denmark,55.730737,12.58783,1,Wet weight,Eurasian Otter,,,,2.0,Terrestrial environment,,,,Other (22510),Liver,68.94836476,,Denmark,biota,1.494870711803505,1.314130293258187
275,19130,19130,LIFE APEX,Real Sample,"LIFE APEX 178 Harbour Porpoise liver pooled from Belgium, France","Thu, 01/01/2015 - 22:00","Thu, 11/27/2014 - 22:00",LC-Bruker maXis QTOF: Submission #11,Antwerp,Belgium,51.414713,3.479625,1,Wet weight,Harbour Porpoise,,,,1.0,Marine environment,,,,Fish (22486),Liver,72.94562321,,Belgium,biota,5.341433123716751,-3.1759392962604935
276,19096,19096,LIFE APEX,Real Sample,LIFE APEX 154 Eurasian Otter liver pooled from Southern Moravia,"Fri, 01/01/2016 - 22:00","Fri, 11/27/2015 - 22:00",LC-Bruker maXis QTOF: Submission #11,Brno,Czech Republic,49.104827,16.631006,1,Wet weight,Eurasian Otter,,,,3.0,Terrestrial environment,,,,Other (22510),Liver,68.67873375,,Czech Republic,biota,1.5232553305965955,1.6626079561186629
277,19107,19107,LIFE APEX,Real Sample,LIFE APEX 149 Eurasian Otter liver pooled from Jutland,"Fri, 01/01/2016 - 22:00","Fri, 11/27/2015 - 22:00",LC-Bruker maXis QTOF: Submission #10,Copenhagen,Denmark,55.60806,12.502279,1,Wet weight,Eurasian Otter,,,,2.0,Terrestrial environment,,,,Other (22510),Liver,70.89108329,,Denmark,biota,1.5265841701144522,1.7034760834545553
278,19074,19074,LIFE APEX,Real Sample,LIFE APEX 184 Buzzard liver pooled from Central and South Slovenia,"Sun, 01/01/2017 - 22:00","Sun, 11/27/2016 - 22:00",LC-Bruker maXis QTOF: Submission #11,Ljubljana,Slovenia,45.992352,14.383558,1,Wet weight,Buzzard,,,,2.0,Terrestrial environment,,,,Bird (22511),Liver,72.46723918,,Slovenia,biota,-22.853512910359992,-1.3638671610445359
279,19140,19140,LIFE APEX,Real Sample,LIFE APEX 171 Short-beaked common dolphin liver pooled from Galicia,"Fri, 01/01/2016 - 22:00","Fri, 11/27/2015 - 22:00",LC-Bruker maXis QTOF: Submission #11,Santiago de Compostela,Spain,42.779569,-8.93292,1,Wet weight,Short-beaked common dolphin,,,,2.0,Marine environment,,,,Fish (22486),Liver,72.85091218,,Spain,biota,5.260273888997455,-4.172330357232423
280,19134,19134,LIFE APEX,Real Sample,LIFE APEX 174 Bottlenose dolphin liver pooled from Galicia,"Thu, 01/01/2015 - 22:00","Thu, 11/27/2014 - 22:00",LC-Bruker maXis QTOF: Submission #11,Santiago de Compostela,Spain,42.677202,-9.036299,1,Wet weight,Bottlenose dolphin,,,,2.0,Marine environment,,,,Fish (22486),Liver,70.13206725,,Spain,biota,5.5619299320624425,-0.46890232667446224
281,19083,19083,LIFE APEX,Real Sample,"LIFE APEX 180 Buzzard liver pooled from Presov, Kosice, Trebisov, Humenne","Mon, 01/01/2018 - 22:00","Mon, 11/27/2017 - 22:00",LC-Bruker maXis QTOF: Submission #10,Kosice,Slovakia,48.808014,21.190465,1,Wet weight,Buzzard,,,,1.0,Terrestrial environment,,,,Bird (22511),Liver,72.07331331,,Slovakia,biota,-22.844143209258384,-1.2488354403304198
282,19960,19960,LIFE APEX,Real Sample,LIFE APEX 91 Harbour Seal liver from North Sea (2011),"Sat, 01/01/2011 - 22:00","Sat, 11/27/2010 - 22:00",LC-Bruker maXis QTOF: Submission #10,Cuxhaven,Germany,54.082933,8.48307,1,Wet weight,"Harbour Seal, Phoca vitulina",,,North Sea,,Coastal region,,North Sea Basin,,Other (22510),Liver,74.0,,Germany,biota,1.532967512937749,1.781844315366252
283,19077,19077,LIFE APEX,Real Sample,"LIFE APEX 183 Buzzard liver pooled from Central, South and West Slovenia","Thu, 01/01/2015 - 22:00","Thu, 11/27/2014 - 22:00",LC-Bruker maXis QTOF: Submission #10,Ljubljana,Slovenia,45.979648,14.492887,1,Wet weight,Buzzard,,,,1.0,Terrestrial environment,,,,Bird (22511),Liver,74.45485339,,Slovenia,biota,-22.867780120536583,-1.5390255485547253
284,19145,19145,LIFE APEX,Real Sample,LIFE APEX 169 Bearded Seal liver pooled from Olav V Land,"Tue, 01/01/2019 - 22:00","Tue, 11/27/2018 - 22:00",LC-Bruker maXis QTOF: Submission #10,Longyearbyen,Norway,78.247999,15.694319,1,Wet weight,Bearded Seal,,,,2.0,Marine environment,,,,Fish (22486),Liver,69.4853781,,Norway,biota,5.2868450512889815,-3.846116480543127
285,19923,19923,LIFE APEX,Real Sample,LIFE APEX 108 Buzzard liver from England (2014),"Wed, 01/01/2014 - 22:00","Wed, 11/27/2013 - 22:00",LC-Bruker maXis QTOF: Submission #11,London,UK,51.329021,0.379717,0,Wet weight,"Buzzard, Buteo buteo",,,UK,,Terrestrial environment,,,,Other (22510),Liver,71.57467406,,Canada,biota,1.5244927024930126,1.677799157723153
286,19868,19868,LIFE APEX,Real Sample,LIFE APEX 135 Otter liver from England and Wales (2015),"Thu, 01/01/2015 - 22:00","Thu, 11/27/2014 - 22:00",LC-Bruker maXis QTOF: Submission #10,London,UK,51.57467,-1.067028,0,Wet weight,"Eurasian Otter, Lutra lutra",,,UK,,River,,,,Other (22510),Liver,67.41630136,,Canada,biota,1.5291131912152802,1.7345248485961715
287,21550,21550,LIFE APEX,Real Sample,LIFE APEX 22 Otter liver from North East UK,"Fri, 01/01/2016 - 22:00","Fri, 11/27/2015 - 22:00",LC-Bruker maXis QTOF: Submission #10,Newcastle upon Tyne,UK,55.016114,-1.396547,1,Dry weight,Otter,,,North East UK,,Coastal region,,North East UK,,Other (22510),Liver,,,UK,biota,1.5438610375770683,1.9155840014367131
288,19986,19986,LIFE APEX,Real Sample,LIFE APEX 79 Bream Muscle from Rhine Bimmen (2018),"Mon, 01/01/2018 - 22:00","Mon, 11/27/2017 - 22:00",LC-Bruker maXis QTOF: Submission #10,Bimmen,Germany,51.86051,6.071775,1,Wet weight,"Bream, Abramis brama",,,Rhine River,,River,,Rhine River Basin,,Fish (22486),Muscle,78.0,,Germany,biota,5.2584715789096546,-4.194457299000554
289,21572,21572,LIFE APEX,Real Sample,LIFE APEX 11 Buzzard liver from the Wash,"Sun, 01/01/2017 - 22:00","Sun, 11/27/2016 - 22:00",LC-Bruker maXis QTOF: Submission #10,Peterborough,UK,52.91546,0.248173,1,Dry weight,Buzzard,,,Wash,,Terrestrial environment,,Wash,,Other (22510),Liver,,,Canada,biota,1.5578485565339637,2.0873086228188757
290,19172,19172,LIFE APEX,Real Sample,"LIFE APEX 137 White-tailed Sea Eagle Muscle pooled from Sodermanland, Uppland","Sun, 01/01/2017 - 22:00","Sun, 11/27/2016 - 22:00",LC-Bruker maXis QTOF: Submission #11,Uppsala,Sweden,59.837659,17.547826,1,Wet weight,White-tailed Sea Eagle,,,,2.0,Terrestrial environment,,,,Bird (22511),Muscle,67.0,,Sweden,biota,-22.555060464155872,2.300230344944196
291,21556,21556,LIFE APEX,Real Sample,LIFE APEX 19 Roach Muscle from River Thames (Standford-Abington),"Sun, 01/01/2017 - 22:00","Sun, 11/27/2016 - 22:00",LC-Bruker maXis QTOF: Submission #10,Northampton,UK,52.233289,-0.858002,1,Dry weight,Roach,,,Thames River Basin,,River,,Thames River Basin,,Fish (22486),Muscle,,,UK,biota,5.242583234617793,-4.389518332791983
292,19881,19881,LIFE APEX,Real Sample,LIFE APEX 128 Otter liver from England and Wales (2015),"Thu, 01/01/2015 - 22:00","Thu, 11/27/2014 - 22:00",LC-Bruker maXis QTOF: Submission #11,London,UK,51.57467,-1.067028,0,Wet weight,"Eurasian Otter, Lutra lutra",,,UK,,River,,,,Other (22510),Liver,68.98686742,,Canada,biota,1.5429742994138924,1.9046975264440575
293,19936,19936,LIFE APEX,Real Sample,LIFE APEX 102 Buzzard liver from England (2008),"Tue, 01/01/2008 - 22:00","Tue, 11/27/2007 - 22:00",LC-Bruker maXis QTOF: Submission #10,London,UK,51.329021,0.379717,0,Wet weight,"Buzzard, Buteo buteo",,,UK,,Terrestrial environment,,,,Other (22510),Liver,70.31883539,,Canada,biota,1.5400545527626304,1.8688518278776867
294,19896,19896,LIFE APEX,Real Sample,LIFE APEX 121 Otter liver from England and Wales (2008),"Tue, 01/01/2008 - 22:00","Tue, 11/27/2007 - 22:00",LC-Bruker maXis QTOF: Submission #10,London,UK,51.57467,-1.067028,0,Wet weight,"Eurasian Otter, Lutra lutra",,,UK,,River,,,,Other (22510),Liver,65.0,,Canada,biota,1.5533603861656966,2.0322074029697
295,19170,19170,LIFE APEX,Real Sample,LIFE APEX 138 Grey Seal liver pooled from Baltic Sea,"Thu, 01/01/2015 - 22:00","Thu, 11/27/2014 - 22:00",LC-Bruker maXis QTOF: Submission #11,Husum,Germany,54.474786,9.007344,1,Wet weight,Grey Seal,,,,1.0,Marine environment,,,,Other (22510),Liver,74.57685002,,Germany,biota,1.034322376348964,-4.340016720072609
296,19924,19924,LIFE APEX,Real Sample,LIFE APEX 108 Buzzard liver from England (2014),"Wed, 01/01/2014 - 22:00","Wed, 11/27/2013 - 22:00",LC-Bruker maXis QTOF: Submission #10,London,UK,51.329021,0.379717,0,Wet weight,"Buzzard, Buteo buteo",,,UK,,Terrestrial environment,,,,Other (22510),Liver,71.57467406,,Canada,biota,1.529902978158511,1.7442210544936947
297,19098,19098,LIFE APEX,Real Sample,LIFE APEX 153 Eurasian Otter liver pooled from Southern Bohemia,"Fri, 01/01/2016 - 22:00","Fri, 11/27/2015 - 22:00",LC-Bruker maXis QTOF: Submission #11,Brno,Czech Republic,49.237417,16.514217,1,Wet weight,Eurasian Otter,,,,2.0,Terrestrial environment,,,,Other (22510),Liver,68.02188089,,Czech Republic,biota,1.50182996404934,1.3995689590213922
298,21526,21526,LIFE APEX,Real Sample,LIFE APEX 35 Otter liver from Zevenhuizen,"Mon, 01/01/2018 - 22:00","Mon, 11/27/2017 - 22:00",LC-Bruker maXis QTOF: Submission #10,Zevenhuizen-Moerkapelle,Netherlands,52.026211,4.558007,1,Dry weight,Otter,,,Zevenhuizen,,River,,Zevenhuizen,,Other (22510),Liver,,,Netherlands,biota,1.5460793474099077,1.942818167648096
299,21472,21472,LIFE APEX,Real Sample,LIFE APEX 60 Harbour Seal liver from Busum 01,"Thu, 01/01/2015 - 22:00","Thu, 11/27/2014 - 22:00",LC-Bruker maXis QTOF: Submission #10,Heide,Germany,54.119344,8.872848,1,Dry weight,Harbour Seal,,,North Sea,,Coastal region,,North Sea,,Other (22510),Liver,,,Germany,biota,1.1433793214183954,-3.0011257660128763
300,19871,19871,LIFE APEX,Real Sample,LIFE APEX 133 Otter liver from England and Wales (2008),"Tue, 01/01/2008 - 22:00","Tue, 11/27/2007 - 22:00",LC-Bruker maXis QTOF: Submission #11,London,UK,51.57467,-1.067028,0,Wet weight,"Eurasian Otter, Lutra lutra",,,UK,,River,,,,Other (22510),Liver,66.50200272,,Canada,biota,1.5212719463036322,1.6382579682606566
301,19087,19087,LIFE APEX,Real Sample,LIFE APEX 176 Eurasian Otter liver pooled from Jonkopings lan,"Fri, 01/01/2016 - 22:00","Fri, 11/27/2015 - 22:00",LC-Bruker maXis QTOF: Submission #10,Jonkoping,Sweden,57.78885,14.152215,1,Wet weight,Eurasian Otter,,,,4.0,Terrestrial environment,,,,Other (22510),Liver,69.91941118,,Sweden,biota,1.4846487983917118,1.1886359710806744
302,21581,21581,LIFE APEX,Real Sample,LIFE APEX 07 Herring gull eggs from North Sea Trischen,"Thu, 01/01/2015 - 22:00","Thu, 11/27/2014 - 22:00",LC-Bruker maXis QTOF: Submission #11,Cuxhaven,Germany,53.87,8.69,1,Dry weight,Herring gull,,,North sea,,River,,North sea,,Other (22510),Other,,,Germany,biota,1.4837831404568105,1.178008297825999
303,19123,19123,LIFE APEX,Real Sample,LIFE APEX 141 Eurasian Otter liver pooled from Marseille,"Wed, 01/01/2014 - 22:00","Wed, 11/27/2013 - 22:00",LC-Bruker maXis QTOF: Submission #10,Marseille,France,43.21771,5.321604,1,Wet weight,Eurasian Otter,,,,1.0,Terrestrial environment,,,,Other (22510),Liver,71.73679779,,France,biota,1.52894510450199,1.7324612498060725
304,19906,19906,LIFE APEX,Real Sample,LIFE APEX 117 Buzzard liver from England (2018),"Mon, 01/01/2018 - 22:00","Mon, 11/27/2017 - 22:00",LC-Bruker maXis QTOF: Submission #10,London,UK,51.329021,0.379717,0,Wet weight,"Buzzard, Buteo buteo",,,UK,,Terrestrial environment,,,,Other (22510),Liver,74.28256256,,Canada,biota,1.5380455437135319,1.8441872451614933
305,19168,19168,LIFE APEX,Real Sample,"LIFE APEX 140 Bottlenose dolphin liver pooled from Pellestrina, Sestri Levante, Genova","Mon, 01/01/2018 - 22:00","Mon, 11/27/2017 - 22:00",LC-Bruker maXis QTOF: Submission #11,Genova,Italy,44.388246,8.990696,1,Wet weight,Bottlenose dolphin,,,,2.0,Marine environment,,,,Fish (22486),Liver,72.82337025,,Italy,biota,5.43661536592242,-2.007387921608209
306,19905,19905,LIFE APEX,Real Sample,LIFE APEX 117 Buzzard liver from England (2018),"Mon, 01/01/2018 - 22:00","Mon, 11/27/2017 - 22:00",LC-Bruker maXis QTOF: Submission #11,London,UK,51.329021,0.379717,0,Wet weight,"Buzzard, Buteo buteo",,,UK,,Terrestrial environment,,,,Other (22510),Liver,74.28256256,,Canada,biota,1.5274551703005597,1.7141693434704426
307,19962,19962,LIFE APEX,Real Sample,LIFE APEX 90 Harbour Seal liver from North Sea (2010),"Fri, 01/01/2010 - 22:00","Fri, 11/27/2009 - 22:00",LC-Bruker maXis QTOF: Submission #10,Cuxhaven,Germany,54.082933,8.48307,1,Wet weight,"Harbour Seal, Phoca vitulina",,,North Sea,,Coastal region,,North Sea Basin,,Other (22510),Liver,73.0,,Germany,biota,1.5205248008719041,1.6290852717461892
308,19162,19162,LIFE APEX,Real Sample,LIFE APEX 160 Striped dolphin Muscle pooled from Bay of Biscay,"Sun, 01/01/2017 - 22:00","Sun, 11/27/2016 - 22:00",LC-Bruker maXis QTOF: Submission #11,Bilbao,Spain,43.353601,-3.133122,1,Wet weight,Striped dolphin,,,,1.0,Marine environment,,,,Fish (22486),Muscle,71.7277261,,Spain,biota,5.265857601617848,-4.103779176812012
309,21588,21588,LIFE APEX,Real Sample,LIFE APEX 04 Bream Muscle from Belauer See,"Thu, 01/01/2015 - 22:00","Thu, 11/27/2014 - 22:00",LC-Bruker maXis QTOF: Submission #10,Neumunster,Germany,54.07,9.98,1,Dry weight,Bream,,,Belauer See,,Lake,,Belauer See,,Fish (22486),Muscle,,,Germany,biota,5.258481302606927,-4.1943379212725365
310,19065,19065,LIFE APEX,Real Sample,LIFE APEX 189 Buzzard liver pooled from Midle Saxony,"Thu, 01/01/2015 - 22:00","Thu, 11/27/2014 - 22:00",LC-Bruker maXis QTOF: Submission #10,Dresden,Germany,51.100723,13.825774,1,Wet weight,Buzzard,,,,2.0,Terrestrial environment,,,,Bird (22511),Liver,73.03709437,,Germany,biota,-22.85163948478858,-1.3408671352411878
311,19926,19926,LIFE APEX,Real Sample,LIFE APEX 107 Buzzard liver from England (2013),"Tue, 01/01/2013 - 22:00","Tue, 11/27/2012 - 22:00",LC-Bruker maXis QTOF: Submission #10,London,UK,51.329021,0.379717,0,Wet weight,"Buzzard, Buteo buteo",,,UK,,Terrestrial environment,,,,Other (22510),Liver,71.55548958,,Canada,biota,1.537511781645736,1.837634253935262
312,19927,19927,LIFE APEX,Real Sample,LIFE APEX 106 Buzzard liver from England (2012),"Sun, 01/01/2012 - 22:00","Sun, 11/27/2011 - 22:00",LC-Bruker maXis QTOF: Submission #11,London,UK,51.329021,0.379717,0,Wet weight,"Buzzard, Buteo buteo",,,UK,,Terrestrial environment,,,,Other (22510),Liver,71.83446945,,Canada,biota,1.4964984572353215,1.3341141066024722
313,19945,19945,LIFE APEX,Real Sample,LIFE APEX 98 Harbour Seal liver from North Sea (2018),"Mon, 01/01/2018 - 22:00","Mon, 11/27/2017 - 22:00",LC-Bruker maXis QTOF: Submission #11,Cuxhaven,Germany,54.082933,8.48307,1,Wet weight,"Harbour Seal, Phoca vitulina",,,North Sea,,Coastal region,,North Sea Basin,,Other (22510),Liver,68.0,,Germany,biota,1.4846078664423992,1.1881334499747205
314,21543,21543,LIFE APEX,Real Sample,LIFE APEX 25 Otter liver from North Wales,"Sun, 01/01/2017 - 22:00","Sun, 11/27/2016 - 22:00",LC-Bruker maXis QTOF: Submission #11,Liverpool,UK,52.746127,-3.96748,1,Dry weight,Otter,,,North Wales,,River,,North Wales,,Other (22510),Liver,,,UK,biota,1.5479947126483937,1.9663330862980153
315,19057,19057,LIFE APEX,Real Sample,"LIFE APEX 193 Buzzard liver pooled from Santa Maria da Feira, Gondomar, Braga","Sun, 02/02/2020 - 22:00","Sun, 12/29/2019 - 22:00",LC-Bruker maXis QTOF: Submission #10,Porto,Portugal,41.077999,-8.436219,1,Wet weight,Buzzard,,,,1.0,Terrestrial environment,,,,Bird (22511),Liver,76.42775344,,Portugal,biota,-22.85966069862814,-1.4393434921895727
316,19154,19154,LIFE APEX,Real Sample,LIFE APEX 164 White-beaked dolphin liver pooled from east and north and west Scotland,"Fri, 01/01/2016 - 22:00","Fri, 11/27/2015 - 22:00",LC-Bruker maXis QTOF: Submission #11,Glasgow,UK,55.94813,-4.74281,1,Wet weight,White-beaked dolphin,,,,7.0,Marine environment,,,,Fish (22486),Liver,69.25500797,,UK,biota,5.272275287520158,-4.024989315285306
317,19933,19933,LIFE APEX,Real Sample,LIFE APEX 103 Buzzard liver from England (2009),"Thu, 01/01/2009 - 22:00","Thu, 11/27/2008 - 22:00",LC-Bruker maXis QTOF: Submission #11,London,UK,51.329021,0.379717,0,Wet weight,"Buzzard, Buteo buteo",,,UK,,Terrestrial environment,,,,Other (22510),Liver,71.72999687,,Canada,biota,1.526166273206159,1.6983455675588306
318,19060,19060,LIFE APEX,Real Sample,"LIFE APEX 191 Buzzard liver pooled from Tienen, Sint-Truiden","Tue, 02/02/2021 - 22:00","Tue, 12/29/2020 - 22:00",LC-Bruker maXis QTOF: Submission #11,Tienen,Belgium,50.810677,4.994232,1,Wet weight,Buzzard,,,,1.0,Terrestrial environment,,,,Bird (22511),Liver,74.62585662,,Belgium,biota,-22.854392062184345,-1.3746604986366286
319,19882,19882,LIFE APEX,Real Sample,LIFE APEX 128 Otter liver from England and Wales (2015),"Thu, 01/01/2015 - 22:00","Thu, 11/27/2014 - 22:00",LC-Bruker maXis QTOF: Submission #10,London,UK,51.57467,-1.067028,0,Wet weight,"Eurasian Otter, Lutra lutra",,,UK,,River,,,,Other (22510),Liver,68.98686742,,Canada,biota,1.5338295861690585,1.792427979253107
320,19137,19137,LIFE APEX,Real Sample,LIFE APEX 173 Bottlenose dolphin liver pooled from Galicia,"Thu, 01/01/2015 - 22:00","Thu, 11/27/2014 - 22:00",LC-Bruker maXis QTOF: Submission #10,Santiago de Compostela,Spain,42.737772,-9.076161,1,Wet weight,Bottlenose dolphin,,,,2.0,Marine environment,,,,Fish (22486),Liver,68.06259917,,Spain,biota,5.294590688980166,-3.7510233690357344
321,19951,19951,LIFE APEX,Real Sample,LIFE APEX 95 Harbour Seal liver from North Sea (2015),"Thu, 01/01/2015 - 22:00","Thu, 11/27/2014 - 22:00",LC-Bruker maXis QTOF: Submission #11,Cuxhaven,Germany,54.082933,8.48307,1,Wet weight,"Harbour Seal, Phoca vitulina",,,North Sea,,Coastal region,,North Sea Basin,,Other (22510),Liver,71.0,,Germany,biota,1.5773740362069735,2.3270227289788257
322,19133,19133,LIFE APEX,Real Sample,"LIFE APEX 177 Harbour Porpoise liver pooled from Belgium, France","Sun, 01/01/2017 - 22:00","Sun, 11/27/2016 - 22:00",LC-Bruker maXis QTOF: Submission #10,Antwerp,Belgium,51.411497,3.673056,1,Wet weight,Harbour Porpoise,,,,1.0,Marine environment,,,,Fish (22486),Liver,73.54919207,,Belgium,biota,5.2547969539817,-4.23957063013667
323,19159,19159,LIFE APEX,Real Sample,LIFE APEX 162 Short-beaked common dolphin liver pooled from Scoltand and western isles,"Thu, 01/01/2015 - 22:00","Thu, 11/27/2014 - 22:00",LC-Bruker maXis QTOF: Submission #10,Glasgow,UK,55.927465,-4.571935,1,Wet weight,Short-beaked common dolphin,,,,5.0,Marine environment,,,,Fish (22486),Liver,66.01463357,,UK,biota,5.25791300524139,-4.2013149019815845
324,19911,19911,LIFE APEX,Real Sample,LIFE APEX 114 Buzzard liver from England (2013),"Tue, 01/01/2013 - 22:00","Tue, 11/27/2012 - 22:00",LC-Bruker maXis QTOF: Submission #11,London,UK,51.329021,0.379717,0,Wet weight,"Buzzard, Buteo buteo",,,UK,,Terrestrial environment,,,,Other (22510),Liver,73.64956985,,Canada,biota,1.5394233900527377,1.8611030500050612
325,19950,19950,LIFE APEX,Real Sample,LIFE APEX 96 Harbour Seal liver from North Sea (2016),"Fri, 01/01/2016 - 22:00","Fri, 11/27/2015 - 22:00",LC-Bruker maXis QTOF: Submission #10,Cuxhaven,Germany,54.082933,8.48307,1,Wet weight,"Harbour Seal, Phoca vitulina",,,North Sea,,Coastal region,,North Sea Basin,,Other (22510),Liver,74.0,,Germany,biota,1.5306851426191783,1.753823679253577
326,19937,19937,LIFE APEX,Real Sample,"LIFE APEX 101 Buzzard liver from England (2005, 2006)","Sun, 01/01/2006 - 22:00","Sun, 11/27/2005 - 22:00",LC-Bruker maXis QTOF: Submission #11,London,UK,51.329021,0.379717,0,Wet weight,"Buzzard, Buteo buteo",,,UK,,Terrestrial environment,,,,Other (22510),Liver,70.65305017,,Canada,biota,1.4277769813396368,0.49042127834864285
327,21554,21554,LIFE APEX,Real Sample,LIFE APEX 20 Roach Muscle from River Welland (Stamford Meadows),"Sun, 01/01/2017 - 22:00","Sun, 11/27/2016 - 22:00",LC-Bruker maXis QTOF: Submission #10,Northampton,UK,52.65425,-0.461188,1,Dry weight,Roach,,,Welland River Basin,,River,,Welland River Basin,,Fish (22486),Muscle,,,UK,biota,5.266598680983086,-4.0946809533316255
328,21532,21532,LIFE APEX,Real Sample,LIFE APEX 31 Buzzard liver from Friesland,"Fri, 01/01/2016 - 22:00","Fri, 11/27/2015 - 22:00",LC-Bruker maXis QTOF: Submission #10,Leeuwarden,Netherlands,53.263884,6.097295,1,Dry weight,Buzzard,,,Friesland (NL),,Marine environment,,Friesland (NL),,Other (22510),Liver,,,Netherlands,biota,1.5467739034380739,1.951345224614359
329,19885,19885,LIFE APEX,Real Sample,LIFE APEX 126 Otter liver from England and Wales (2013),"Tue, 01/01/2013 - 22:00","Tue, 11/27/2012 - 22:00",LC-Bruker maXis QTOF: Submission #11,London,UK,51.57467,-1.067028,0,Wet weight,"Eurasian Otter, Lutra lutra",,,UK,,River,,,,Other (22510),Liver,68.0,,Canada,biota,1.5422338298692566,1.895606789724615
330,19158,19158,LIFE APEX,Real Sample,LIFE APEX 162 Short-beaked common dolphin liver pooled from Scoltand and western isles,"Thu, 01/01/2015 - 22:00","Thu, 11/27/2014 - 22:00",LC-Bruker maXis QTOF: Submission #11,Glasgow,UK,55.927465,-4.571935,1,Wet weight,Short-beaked common dolphin,,,,5.0,Marine environment,,,,Fish (22486),Liver,66.01463357,,UK,biota,5.264405424280058,-4.1216075425344005
331,21487,21487,LIFE APEX,Real Sample,LIFE APEX 54 Harbour Seal liver from Kattegat,"Fri, 01/01/2016 - 22:00","Fri, 11/27/2015 - 22:00",LC-Bruker maXis QTOF: Submission #11,Goteborg,Sweden,56.951607,11.301717,1,Dry weight,Otter Seal,,,Kattegat,,Coastal region,,Kattegat,,Other (22510),Liver,,,Sweden,biota,1.5311278777115738,1.759259133271427
332,20008,20008,LIFE APEX,Real Sample,LIFE APEX 68 Bream Muscle from Rhine Bimmen (1996),"Mon, 01/01/1996 - 22:00","Mon, 11/27/1995 - 22:00",LC-Bruker maXis QTOF: Submission #10,Bimmen,Germany,51.86051,6.071775,1,Wet weight,"Bream, Abramis brama",,,Rhine River,,River,,Rhine River Basin,,Fish (22486),Muscle,82.0,,Germany,biota,5.312277300567112,-3.5338850267995032
333,19953,19953,LIFE APEX,Real Sample,LIFE APEX 94 Harbour Seal liver from North Sea (2014),"Wed, 01/01/2014 - 22:00","Wed, 11/27/2013 - 22:00",LC-Bruker maXis QTOF: Submission #11,Cuxhaven,Germany,54.082933,8.48307,1,Wet weight,"Harbour Seal, Phoca vitulina",,,North Sea,,Coastal region,,North Sea Basin,,Other (22510),Liver,65.0,,Germany,biota,1.5574055020379,2.0818692474856366
334,21558,21558,LIFE APEX,Real Sample,LIFE APEX 18 Roach Muscle from River Anker (Stationfields),"Sun, 01/01/2017 - 22:00","Sun, 11/27/2016 - 22:00",LC-Bruker maXis QTOF: Submission #10,Tamworth,UK,52.63664,-1.682843,1,Dry weight,Roach,,,Anker River Basin,,River,,Anker River Basin,,Fish (22486),Muscle,,,UK,biota,5.249124703126787,-4.30920879351975
335,21580,21580,LIFE APEX,Real Sample,LIFE APEX 08 Eelpout Muscle from North Sea Varel Mellum,"Thu, 01/01/2015 - 22:00","Thu, 11/27/2014 - 22:00",LC-Bruker maXis QTOF: Submission #10,Wilhelmshaven,Germany,53.54,8.11,1,Dry weight,Eelpout,,,North Sea,,Coastal region,,North Sea,,Fish (22486),Muscle,,,Germany,biota,5.270392039807524,-4.048109927411937
336,21547,21547,LIFE APEX,Real Sample,LIFE APEX 23 Otter liver from South Wales-Somerset-Hertfordshire,"Fri, 01/01/2016 - 22:00","Fri, 11/27/2015 - 22:00",LC-Bruker maXis QTOF: Submission #11,Bath,UK,51.334841,-2.616951,1,Dry weight,Otter,,,South Wales-Somerset-Hertfordshire,,Coastal region,,South Wales-Somerset-Hertfordshire,,Other (22510),Liver,,,UK,biota,1.5084697743617477,1.481085839567718
337,19121,19121,LIFE APEX,Real Sample,LIFE APEX 142 Eurasian Otter liver pooled from Eastern Austria,"Fri, 01/01/2016 - 22:00","Fri, 11/27/2015 - 22:00",LC-Bruker maXis QTOF: Submission #10,Innsbruck,Austria,47.264397,11.323576,1,Wet weight,Eurasian Otter,,,,1.0,Terrestrial environment,,,,Other (22510),Liver,68.45807939,,Austria,biota,1.5254215559812236,1.6892026821133894
338,19059,19059,LIFE APEX,Real Sample,LIFE APEX 192 Buzzard liver pooled from Sint-Truiden,"Tue, 02/02/2021 - 22:00","Tue, 12/29/2020 - 22:00",LC-Bruker maXis QTOF: Submission #10,Sint-Truiden,Belgium,50.871641,5.215332,1,Wet weight,Buzzard,,,,2.0,Terrestrial environment,,,,Bird (22511),Liver,74.89249187,,Belgium,biota,-22.863645529794866,-1.488265222017551
339,21515,21515,LIFE APEX,Real Sample,LIFE APEX 40 Bream Muscle from Noord-Holland,"Tue, 01/01/2019 - 22:00","Tue, 11/27/2018 - 22:00",LC-Bruker maXis QTOF: Submission #11,Amsterdam,Netherlands,52.374011,4.913521,1,Dry weight,Bream,,,Noord-Holland,,River,,Noord-Holland,,Fish (22486),Muscle,,,Netherlands,biota,5.854573211189078,3.1238760969235875
340,21516,21516,LIFE APEX,Real Sample,LIFE APEX 40 Bream Muscle from Noord-Holland,"Tue, 01/01/2019 - 22:00","Tue, 11/27/2018 - 22:00",LC-Bruker maXis QTOF: Submission #10,Amsterdam,Netherlands,52.374011,4.913521,1,Dry weight,Bream,,,Noord-Holland,,River,,Noord-Holland,,Fish (22486),Muscle,,,Netherlands,biota,5.477553652923284,-1.5047890077539525
341,21485,21485,LIFE APEX,Real Sample,LIFE APEX 55 Harbour Seal liver from Skagerrak,"Thu, 01/01/2015 - 22:00","Thu, 11/27/2014 - 22:00",LC-Bruker maXis QTOF: Submission #11,Goteborg,Sweden,58.488418,10.71067,1,Dry weight,Otter Seal,,,Skagerrak,,Coastal region,,Skagerrak,,Other (22510),Liver,,,Sweden,biota,1.4936391988307853,1.2990110215974513
342,19948,19948,LIFE APEX,Real Sample,LIFE APEX 97 Harbour Seal liver from North Sea (2017),"Sun, 01/01/2017 - 22:00","Sun, 11/27/2016 - 22:00",LC-Bruker maXis QTOF: Submission #10,Cuxhaven,Germany,54.082933,8.48307,1,Wet weight,"Harbour Seal, Phoca vitulina",,,North Sea,,Coastal region,,North Sea Basin,,Other (22510),Liver,70.0,,Germany,biota,1.5478577022221807,1.9646510107535862
343,19879,19879,LIFE APEX,Real Sample,LIFE APEX 129 Otter liver from England and Wales (2016),"Fri, 01/01/2016 - 22:00","Fri, 11/27/2015 - 22:00",LC-Bruker maXis QTOF: Submission #11,London,UK,51.57467,-1.067028,0,Wet weight,"Eurasian Otter, Lutra lutra",,,UK,,River,,,,Other (22510),Liver,68.82761586,,Canada,biota,1.5641283707160736,2.1644058347043904
344,19100,19100,LIFE APEX,Real Sample,LIFE APEX 152 Eurasian Otter liver pooled from Northern Moravia,"Fri, 01/01/2016 - 22:00","Fri, 11/27/2015 - 22:00",LC-Bruker maXis QTOF: Submission #11,Olomouc,Czech Republic,49.548002,17.270283,1,Wet weight,Eurasian Otter,,,,1.0,Terrestrial environment,,,,Other (22510),Liver,68.58435661,,Czech Republic,biota,1.4990981286699672,1.3660302451407595
345,19067,19067,LIFE APEX,Real Sample,LIFE APEX 188 Buzzard liver pooled from Central Sardinia,"Sun, 02/02/2020 - 22:00","Sun, 12/29/2019 - 22:00",LC-Bruker maXis QTOF: Submission #10,Cagliari,Italy,39.413875,8.673894,1,Wet weight,Buzzard,,,,4.0,Terrestrial environment,,,,Bird (22511),Liver,73.18821329,,Italy,biota,-22.871824974455592,-1.5886841770738958
346,19148,19148,LIFE APEX,Real Sample,LIFE APEX 167 Harbour Porpoise liver pooled from Odessa,"Sun, 02/02/2020 - 22:00","Sun, 12/29/2019 - 22:00",LC-Bruker maXis QTOF: Submission #11,Odesa,Norway,46.469803,30.767571,1,Wet weight,Harbour Porpoise,,,,1.0,Marine environment,,,,Fish (22486),Liver,72.94176098,,Ukraine,biota,5.266974676848265,-4.090064856096119
347,19939,19939,LIFE APEX,Real Sample,LIFE APEX 100 Buzzard liver from England (2003),"Wed, 01/01/2003 - 22:00","Wed, 11/27/2002 - 22:00",LC-Bruker maXis QTOF: Submission #11,London,UK,51.329021,0.379717,0,Wet weight,"Buzzard, Buteo buteo",,,UK,,Terrestrial environment,,,,Other (22510),Liver,69.87417919,,Canada,biota,1.53621265270174,1.8216848617146946
348,19066,19066,LIFE APEX,Real Sample,LIFE APEX 188 Buzzard liver pooled from Central Sardinia,"Sun, 02/02/2020 - 22:00","Sun, 12/29/2019 - 22:00",LC-Bruker maXis QTOF: Submission #11,Cagliari,Italy,39.413875,8.673894,1,Wet weight,Buzzard,,,,4.0,Terrestrial environment,,,,Bird (22511),Liver,73.18821329,,Italy,biota,-22.8508111640532,-1.3306978503874165
349,19088,19088,LIFE APEX,Real Sample,LIFE APEX 175 Eurasian Otter liver pooled from Kalmar-Ostergotlands lan,"Fri, 01/01/2016 - 22:00","Fri, 11/27/2015 - 22:00",LC-Bruker maXis QTOF: Submission #11,Kalmar,Sweden,56.654015,16.347488,1,Wet weight,Eurasian Otter,,,,3.0,Terrestrial environment,,,,Other (22510),Liver,69.71317886,,Sweden,biota,1.4862725167756223,1.2085703444006834
350,19976,19976,LIFE APEX,Real Sample,LIFE APEX 83 Harbour Seal liver from North Sea (2003),"Wed, 01/01/2003 - 22:00","Wed, 11/27/2002 - 22:00",LC-Bruker maXis QTOF: Submission #10,Cuxhaven,Germany,54.082933,8.48307,1,Wet weight,"Harbour Seal, Phoca vitulina",,,North Sea,,Coastal region,,North Sea Basin,,Other (22510),Liver,72.0,,Germany,biota,1.543194882688193,1.9074056249550742
351,21467,21467,LIFE APEX,Real Sample,LIFE APEX 62 Harbour Seal liver from Grothusenkoog,"Thu, 01/01/2015 - 22:00","Thu, 11/27/2014 - 22:00",LC-Bruker maXis QTOF: Submission #11,Heide,Germany,54.292287,8.752707,1,Dry weight,Harbour Seal,,,North Sea,,Coastal region,,North Sea,,Other (22510),Liver,,,Germany,biota,1.2656140354072407,-1.5004514831642648
352,19938,19938,LIFE APEX,Real Sample,"LIFE APEX 101 Buzzard liver from England (2005, 2006)","Sun, 01/01/2006 - 22:00","Sun, 11/27/2005 - 22:00",LC-Bruker maXis QTOF: Submission #10,London,UK,51.329021,0.379717,0,Wet weight,"Buzzard, Buteo buteo",,,UK,,Terrestrial environment,,,,Other (22510),Liver,70.65305017,,Canada,biota,1.5317458710311427,1.7668462306792199
353,19895,19895,LIFE APEX,Real Sample,LIFE APEX 121 Otter liver from England and Wales (2008),"Tue, 01/01/2008 - 22:00","Tue, 11/27/2007 - 22:00",LC-Bruker maXis QTOF: Submission #11,London,UK,51.57467,-1.067028,0,Wet weight,"Eurasian Otter, Lutra lutra",,,UK,,River,,,,Other (22510),Liver,65.0,,Canada,biota,1.5616374407377545,2.1338247138685125
354,21504,21504,LIFE APEX,Real Sample,LIFE APEX 46 Herring Muscle from Angskarsklubb,"Mon, 01/01/2018 - 22:00","Mon, 11/27/2017 - 22:00",LC-Bruker maXis QTOF: Submission #10,Norrtalje,Sweden,59.767709,18.805003,1,Dry weight,Herring,,,Angskarsklubb,,Coastal region,,Angskarsklubb,,Other (22510),Muscle,,,Sweden,biota,1.4981502273150773,1.3543928702939652
355,21490,21490,LIFE APEX,Real Sample,LIFE APEX 53 Otter liver from Harjedalen-Jamtland,"Sun, 01/01/2017 - 22:00","Sun, 11/27/2016 - 22:00",LC-Bruker maXis QTOF: Submission #10,Ostersund,Sweden,63.138889,14.43978,1,Dry weight,Otter,,,Harjedalen-Jamtland,,River,,Harjedalen-Jamtland,,Other (22510),Liver,,,Sweden,biota,1.5525518873694233,2.022281471851608
356,20007,20007,LIFE APEX,Real Sample,LIFE APEX 68 Bream Muscle from Rhine Bimmen (1996),"Mon, 01/01/1996 - 22:00","Mon, 11/27/1995 - 22:00",LC-Bruker maXis QTOF: Submission #11,Bimmen,Germany,51.86051,6.071775,1,Wet weight,"Bream, Abramis brama",,,Rhine River,,River,,Rhine River Basin,,Fish (22486),Muscle,82.0,,Germany,biota,5.614192346376671,0.17272277769726466
357,19929,19929,LIFE APEX,Real Sample,LIFE APEX 105 Buzzard liver from England (2011),"Sat, 01/01/2011 - 22:00","Sat, 11/27/2010 - 22:00",LC-Bruker maXis QTOF: Submission #11,London,UK,51.329021,0.379717,0,Wet weight,"Buzzard, Buteo buteo",,,UK,,Terrestrial environment,,,,Other (22510),Liver,71.10651161,,Canada,biota,1.500789457444992,1.3867946705127103
358,21561,21561,LIFE APEX,Real Sample,LIFE APEX 16 Roach Muscle from River Thames (Shepperton-Sunbury),"Fri, 01/01/2016 - 22:00","Fri, 11/27/2015 - 22:00",LC-Bruker maXis QTOF: Submission #11,London,UK,51.386399,-0.451476,1,Dry weight,Roach,,,Thames River Basin,,River,,Thames River Basin,,Fish (22486),Muscle,,,Canada,biota,5.273611618219089,-4.0085831975151685
359,21533,21533,LIFE APEX,Real Sample,LIFE APEX 30 Harbour Porpoise liver from UK 05,"Sun, 01/01/2017 - 22:00","Sun, 11/27/2016 - 22:00",LC-Bruker maXis QTOF: Submission #11,Liverpool,UK,53.736376,-3.838481,1,Dry weight,Harbour Porpoise,,,Marine water of UK,,Marine environment,,Marine water of UK,,Fish (22486),Liver,,,UK,biota,5.291573280432462,-3.7880680616652764
360,19969,19969,LIFE APEX,Real Sample,LIFE APEX 86 Harbour Seal liver from North Sea (2006),"Sun, 01/01/2006 - 22:00","Sun, 11/27/2005 - 22:00",LC-Bruker maXis QTOF: Submission #11,Cuxhaven,Germany,54.082933,8.48307,1,Wet weight,"Harbour Seal, Phoca vitulina",,,North Sea,,Coastal region,,North Sea Basin,,Other (22510),Liver,73.0,,Germany,biota,1.5578290620974191,2.087069289829125
361,19901,19901,LIFE APEX,Real Sample,"LIFE APEX 118 Otter liver from England and Wales (2003, 2004)","Thu, 01/01/2004 - 22:00","Thu, 11/27/2003 - 22:00",LC-Bruker maXis QTOF: Submission #11,London,UK,51.57467,-1.067028,0,Wet weight,"Eurasian Otter, Lutra lutra",,,UK,,River,,,,Other (22510),Liver,65.0,,Canada,biota,1.5882877391025334,2.4610101432868094
362,21577,21577,LIFE APEX,Real Sample,LIFE APEX 09 Eelpout Muscle from Baltic Sea Darsser Ort,"Thu, 01/01/2015 - 22:00","Thu, 11/27/2014 - 22:00",LC-Bruker maXis QTOF: Submission #11,Ribnitz-Damgarten,Germany,54.24,12.43,1,Dry weight,Eelpout,,,Baltic Sea,,Coastal region,,Baltic Sea,,Fish (22486),Muscle,,,Germany,biota,5.278460241606653,-3.949056699783937
363,21521,21521,LIFE APEX,Real Sample,LIFE APEX 37 Otter liver from Augustinusga,"Mon, 01/01/2018 - 22:00","Mon, 11/27/2017 - 22:00",LC-Bruker maXis QTOF: Submission #11,Groningen,Netherlands,53.226344,6.167509,1,Dry weight,Otter,,,Augustinusga,,River,,Augustinusga,,Other (22510),Liver,,,Netherlands,biota,1.534391085379661,1.7993214990861597
364,21542,21542,LIFE APEX,Real Sample,LIFE APEX 26 Harbour Porpoise liver from UK 01,"Sun, 01/01/2017 - 22:00","Sun, 11/27/2016 - 22:00",LC-Bruker maXis QTOF: Submission #10,Kingston upon Hull,UK,54.474762,0.765404,1,Dry weight,Harbour Porpoise,,,Marine water of UK,,Marine environment,,Marine water of UK,,Fish (22486),Liver,,,UK,biota,5.261107937503284,-4.162090752602135
365,21568,21568,LIFE APEX,Real Sample,LIFE APEX 13 Buzzard liver from East Anglia,"Sun, 01/01/2017 - 22:00","Sun, 11/27/2016 - 22:00",LC-Bruker maXis QTOF: Submission #10,Norwich,UK,52.631445,1.302006,1,Dry weight,Buzzard,,,East Anglia,,Terrestrial environment,,East Anglia,,Other (22510),Liver,,,UK,biota,1.5340078160829438,1.7946161060090202
366,19102,19102,LIFE APEX,Real Sample,LIFE APEX 151 Eurasian Otter liver pooled from Jutland,"Thu, 01/01/2015 - 22:00","Thu, 11/27/2014 - 22:00",LC-Bruker maXis QTOF: Submission #11,Copenhagen,Denmark,55.730737,12.58783,1,Wet weight,Eurasian Otter,,,,2.0,Terrestrial environment,,,,Other (22510),Liver,68.94836476,,Denmark,biota,1.494655550226083,1.3114887568620366
367,19913,19913,LIFE APEX,Real Sample,LIFE APEX 113 Buzzard liver from England (2011),"Sat, 01/01/2011 - 22:00","Sat, 11/27/2010 - 22:00",LC-Bruker maXis QTOF: Submission #11,London,UK,51.329021,0.379717,0,Wet weight,"Buzzard, Buteo buteo",,,UK,,Terrestrial environment,,,,Other (22510),Liver,72.18055771,,Canada,biota,1.5479455040596382,1.965728952977486
368,21511,21511,LIFE APEX,Real Sample,LIFE APEX 42 Buzzard liver from Lower Saxony,"Mon, 01/01/2018 - 22:00","Mon, 11/27/2017 - 22:00",LC-Bruker maXis QTOF: Submission #11,Hanover,Germany,52.378424,9.695191,1,Dry weight,Buzzard,,,Lower Saxony,,Terrestrial environment,,Lower Saxony,,Other (22510),Liver,,,Germany,biota,1.5315898683956422,1.764930987983435
369,19998,19998,LIFE APEX,Real Sample,LIFE APEX 73 Bream Muscle from Rhine Bimmen (2006),"Sun, 01/01/2006 - 22:00","Sun, 11/27/2005 - 22:00",LC-Bruker maXis QTOF: Submission #10,Bimmen,Germany,51.86051,6.071775,1,Wet weight,"Bream, Abramis brama",,,Rhine River,,River,,Rhine River Basin,,Fish (22486),Muscle,79.0,,Germany,biota,5.2328763580097855,-4.508689553609896
370,19918,19918,LIFE APEX,Real Sample,LIFE APEX 111 Buzzard liver from England (2017),"Sun, 01/01/2017 - 22:00","Sun, 11/27/2016 - 22:00",LC-Bruker maXis QTOF: Submission #10,London,UK,51.329021,0.379717,0,Wet weight,"Buzzard, Buteo buteo",,,UK,,Terrestrial environment,,,,Other (22510),Liver,72.49956908,,Canada,biota,1.5371621507781337,1.8333418394943095
371,19136,19136,LIFE APEX,Real Sample,LIFE APEX 173 Bottlenose dolphin liver pooled from Galicia,"Thu, 01/01/2015 - 22:00","Thu, 11/27/2014 - 22:00",LC-Bruker maXis QTOF: Submission #11,Santiago de Compostela,Spain,42.737772,-9.076161,1,Wet weight,Bottlenose dolphin,,,,2.0,Marine environment,,,,Fish (22486),Liver,68.06259917,,Spain,biota,5.260888248116961,-4.164787876860071
372,19990,19990,LIFE APEX,Real Sample,LIFE APEX 77 Bream Muscle from Rhine Bimmen (2014),"Wed, 01/01/2014 - 22:00","Wed, 11/27/2013 - 22:00",LC-Bruker maXis QTOF: Submission #10,Bimmen,Germany,51.86051,6.071775,1,Wet weight,"Bream, Abramis brama",,,Rhine River,,River,,Rhine River Basin,,Fish (22486),Muscle,80.0,,Germany,biota,5.253280783559858,-4.258184638270782
373,19142,19142,LIFE APEX,Real Sample,LIFE APEX 170 Grey Seal liver pooled from Baltic Sea,"Fri, 01/01/2016 - 22:00","Fri, 11/27/2015 - 22:00",LC-Bruker maXis QTOF: Submission #11,Gdynia,Poland,54.517322,18.562618,1,Wet weight,Grey Seal,,,,1.0,Marine environment,,,,Other (22510),Liver,67.47252697,,Poland,biota,1.353372134068247,-0.4230462398039116
374,21514,21514,LIFE APEX,Real Sample,LIFE APEX 41 Buzzard liver from Berlin,"Mon, 01/01/2018 - 22:00","Mon, 11/27/2017 - 22:00",LC-Bruker maXis QTOF: Submission #10,Berlin,Germany,52.553125,13.223138,1,Dry weight,Buzzard,,,Berlin area,,Terrestrial environment,,Berlin area,,Other (22510),Liver,,,Germany,biota,1.5378645571535412,1.8419652750904685
375,21470,21470,LIFE APEX,Real Sample,LIFE APEX 61 Harbour Seal liver from Busum 02,"Thu, 01/01/2015 - 22:00","Thu, 11/27/2014 - 22:00",LC-Bruker maXis QTOF: Submission #10,Heide,Germany,54.145131,8.822839,1,Dry weight,Harbour Seal,,,North Sea,,Coastal region,,North Sea,,Other (22510),Liver,,,Germany,biota,1.4871568768026167,1.2194276230409142
376,19988,19988,LIFE APEX,Real Sample,LIFE APEX 78 Bream Muscle from Rhine Bimmen (2016),"Fri, 01/01/2016 - 22:00","Fri, 11/27/2015 - 22:00",LC-Bruker maXis QTOF: Submission #10,Bimmen,Germany,51.86051,6.071775,1,Wet weight,"Bream, Abramis brama",,,Rhine River,,River,,Rhine River Basin,,Fish (22486),Muscle,80.0,,Germany,biota,5.2657495326778605,-4.105105938038351
377,21461,21461,LIFE APEX,Real Sample,LIFE APEX 65 Otter liver from Germany 02,"Mon, 01/01/2018 - 22:00","Mon, 11/27/2017 - 22:00",LC-Bruker maXis QTOF: Submission #11,Greifswald,Germany,54.129048,13.463002,1,Dry weight,Otter,,,,,Coastal region,,,,Other (22510),Liver,,,Germany,biota,1.541708473885699,1.8891569999051911
378,19104,19104,LIFE APEX,Real Sample,LIFE APEX 150 Eurasian Otter liver pooled from Jutland,"Thu, 01/01/2015 - 22:00","Thu, 11/27/2014 - 22:00",LC-Bruker maXis QTOF: Submission #11,Copenhagen,Denmark,55.606169,12.431239,1,Wet weight,Eurasian Otter,,,,2.0,Terrestrial environment,,,,Other (22510),Liver,71.52235932,,Denmark,biota,1.4926392117345992,1.286734190659225
379,19973,19973,LIFE APEX,Real Sample,LIFE APEX 84 Harbour Seal liver from North Sea (2004),"Thu, 01/01/2004 - 22:00","Thu, 11/27/2003 - 22:00",LC-Bruker maXis QTOF: Submission #11,Cuxhaven,Germany,54.082933,8.48307,1,Wet weight,"Harbour Seal, Phoca vitulina",,,North Sea,,Coastal region,,North Sea Basin,,Other (22510),Liver,72.0,,Germany,biota,1.5483565064810774,1.9707748253318438
380,19957,19957,LIFE APEX,Real Sample,LIFE APEX 92 Harbour Seal liver from North Sea (2012),"Sun, 01/01/2012 - 22:00","Sun, 11/27/2011 - 22:00",LC-Bruker maXis QTOF: Submission #11,Cuxhaven,Germany,54.082933,8.48307,1,Wet weight,"Harbour Seal, Phoca vitulina",,,North Sea,,Coastal region,,North Sea Basin,,Other (22510),Liver,73.0,,Germany,biota,1.534629666721372,1.8022505596794334
381,19071,19071,LIFE APEX,Real Sample,LIFE APEX 186 Buzzard liver pooled from Madrid,"Sun, 02/02/2020 - 22:00","Sun, 12/29/2019 - 22:00",LC-Bruker maXis QTOF: Submission #10,Madrid,Spain,40.707833,-3.853027,1,Wet weight,Buzzard,,,,3.0,Terrestrial environment,,,,Bird (22511),Liver,72.30854819,,Spain,biota,-22.855520144012118,-1.3885099472312228
382,20005,20005,LIFE APEX,Real Sample,LIFE APEX 69 Bream Muscle from Rhine Bimmen (1998),"Thu, 01/01/1998 - 22:00","Thu, 11/27/1997 - 22:00",LC-Bruker maXis QTOF: Submission #11,Bimmen,Germany,51.86051,6.071775,1,Wet weight,"Bream, Abramis brama",,,Rhine River,,River,,Rhine River Basin,,Fish (22486),Muscle,80.0,,Germany,biota,5.380396994321061,-2.6975802714956423
383,21509,21509,LIFE APEX,Real Sample,LIFE APEX 43 Buzzard liver from Baden-Wurttemberg,"Mon, 01/01/2018 - 22:00","Mon, 11/27/2017 - 22:00",LC-Bruker maXis QTOF: Submission #11,Stuttgart,Germany,48.748195,9.26744,1,Dry weight,Buzzard,,,Baden-Wurttemberg,,Terrestrial environment,,Baden-Wurttemberg,,Other (22510),Liver,,,Germany,biota,1.520171471483589,1.6247474506057527
384,19872,19872,LIFE APEX,Real Sample,LIFE APEX 133 Otter liver from England and Wales (2008),"Tue, 01/01/2008 - 22:00","Tue, 11/27/2007 - 22:00",LC-Bruker maXis QTOF: Submission #10,London,UK,51.57467,-1.067028,0,Wet weight,"Eurasian Otter, Lutra lutra",,,UK,,River,,,,Other (22510),Liver,66.50200272,,Canada,biota,1.5551236030589008,2.053854398003779
385,19968,19968,LIFE APEX,Real Sample,LIFE APEX 87 Harbour Seal liver from North Sea (2007),"Mon, 01/01/2007 - 22:00","Mon, 11/27/2006 - 22:00",LC-Bruker maXis QTOF: Submission #10,Cuxhaven,Germany,54.082933,8.48307,1,Wet weight,"Harbour Seal, Phoca vitulina",,,North Sea,,Coastal region,,North Sea Basin,,Other (22510),Liver,70.0,,Germany,biota,1.5331344558960758,1.783893872288984
386,21500,21500,LIFE APEX,Real Sample,LIFE APEX 48 Herring Muscle from Vaderoarna,"Mon, 01/01/2018 - 22:00","Mon, 11/27/2017 - 22:00",LC-Bruker maXis QTOF: Submission #10,Goteborg,Sweden,58.582636,11.075436,1,Dry weight,Herring,,,Vaderoarna,,Coastal region,,Vaderoarna,,Other (22510),Muscle,,,Sweden,biota,1.5179092690410954,1.5969744152931895
387,19124,19124,LIFE APEX,Real Sample,"LIFE APEX 139 Eurasian Otter liver pooled from Basilicata, Abruzzo region","Wed, 01/01/2014 - 22:00","Wed, 11/27/2013 - 22:00",LC-Bruker maXis QTOF: Submission #11,Pescara,Italy,42.436459,14.270927,1,Wet weight,Eurasian Otter,,,,1.0,Terrestrial environment,,,,Other (22510),Liver,70.56015773,,Italy,biota,1.5189656488418957,1.6099435788659673
388,21463,21463,LIFE APEX,Real Sample,LIFE APEX 64 Otter liver from Plon,"Sun, 01/01/2017 - 22:00","Sun, 11/27/2016 - 22:00",LC-Bruker maXis QTOF: Submission #11,Ascheberg,Germany,54.153311,10.42232,1,Dry weight,Otter,,,Ploner Lake,,River,,Ploner Lake,,Other (22510),Liver,,,Germany,biota,1.5197027418019184,1.6189928612923454
389,19075,19075,LIFE APEX,Real Sample,LIFE APEX 184 Buzzard liver pooled from Central and South Slovenia,"Sun, 01/01/2017 - 22:00","Sun, 11/27/2016 - 22:00",LC-Bruker maXis QTOF: Submission #10,Ljubljana,Slovenia,45.992352,14.383558,1,Wet weight,Buzzard,,,,2.0,Terrestrial environment,,,,Bird (22511),Liver,72.46723918,,Slovenia,biota,-22.86239015324639,-1.472852977491334
390,21502,21502,LIFE APEX,Real Sample,LIFE APEX 47 Herring Muscle from Utlangan,"Mon, 01/01/2018 - 22:00","Mon, 11/27/2017 - 22:00",LC-Bruker maXis QTOF: Submission #10,Karlskrona,Sweden,56.016137,15.773463,1,Dry weight,Herring,,,Utlangan,,Coastal region,,Utlangan,,Other (22510),Muscle,,,Sweden,biota,1.5054169828790327,1.443606751021654
391,19954,19954,LIFE APEX,Real Sample,LIFE APEX 94 Harbour Seal liver from North Sea (2014),"Wed, 01/01/2014 - 22:00","Wed, 11/27/2013 - 22:00",LC-Bruker maXis QTOF: Submission #10,Cuxhaven,Germany,54.082933,8.48307,1,Wet weight,"Harbour Seal, Phoca vitulina",,,North Sea,,Coastal region,,North Sea Basin,,Other (22510),Liver,65.0,,Germany,biota,1.525095841302672,1.685203886470902
392,19899,19899,LIFE APEX,Real Sample,"LIFE APEX 119 Otter liver from England and Wales (2005, 2006)","Sat, 01/01/2005 - 22:00","Sat, 11/27/2004 - 22:00",LC-Bruker maXis QTOF: Submission #11,London,UK,51.57467,-1.067028,0,Wet weight,"Eurasian Otter, Lutra lutra",,,UK,,River,,,,Other (22510),Liver,62.0,,Canada,biota,1.5553080007221796,2.0561182461536296
393,21539,21539,LIFE APEX,Real Sample,LIFE APEX 27 Harbour Porpoise liver from UK 02,"Sun, 01/01/2017 - 22:00","Sun, 11/27/2016 - 22:00",LC-Bruker maXis QTOF: Submission #11,Kingston upon Hull,UK,53.248961,0.58746,1,Dry weight,Harbour Porpoise,,,Marine water of UK,,Marine environment,,Marine water of UK,,Fish (22486),Liver,,,UK,biota,5.285093399093881,-3.867621495901717
394,19161,19161,LIFE APEX,Real Sample,LIFE APEX 161 Striped dolphin liver pooled from Bay of Biscay,"Sun, 01/01/2017 - 22:00","Sun, 11/27/2016 - 22:00",LC-Bruker maXis QTOF: Submission #10,Bilbao,Spain,43.379766,-3.020877,1,Wet weight,Striped dolphin,,,,1.0,Marine environment,,,,Fish (22486),Liver,74.44633562,,Spain,biota,5.262572115316097,-4.144115057175515
