Liver,Muscle,Other,Egg,id
True,False,False,False,"3,3-Bis(methylthio)butan-2-one"
True,True,False,False,"N-[2-(2h-1,3-benzodioxol-5-yl)ethyl]-1-[2-(1h-imidazol-1-yl)-6-methylpyrimidin-4-yl]pyrrolidine-2-carboxamide"
True,False,False,False,"Benzo-1,3-dioxol-5-ol acetate"
True,False,False,False,Naftopidil
True,True,True,True,"1,4,5,8-Tetramethylnaphthalene"
True,True,False,False,"9,11-Octadecadienoic acid"
True,True,False,False,Zinc bis[butylbenzoate]
True,True,True,True,4-Piperidone
True,False,False,False,12-Oxo-10Z-octadecenoic acid
True,False,False,False,Dihydroroseoside
True,False,False,False,4-Methoxybutyric acid
True,False,False,False,"1,1-Dipropoxytrimethylamine"
True,True,False,False,"5,​8,​11,​14-​Eicosatetraenoic acid"
True,True,False,False,1-Vinylcyclohexene
True,True,True,True,"Trans-4-[3-(4-fluorophenyl)-2,3-dihydro-6-(trifluoromethyl)-1H-inden-1-yl]piperazine-1-ethanol dihydrochloride"
True,True,True,True,4-[(4-Fluorophenyl)methylene]-2-phenyloxazol-5(4H)-one
True,False,False,False,Epi-inositol
True,True,False,False,"3-(Butylthio)propane-1,2-diol"
True,True,False,False,Geranyl octanoate
True,False,False,False,N-{4-[(Morpholin-4-yl)acetyl]phenyl}ethanimidic acid
True,False,False,False,2-Methoxyethyl methacrylate
True,False,False,False,"2-Propanone, 1-(4-methoxyphenyl)-"
True,False,False,False,"[4-[[4-Anilino-1-naphthyl][4-(dimethylamino)phenyl]methylene]cyclohexa-2,5-dien-1-ylidene]dimethylammonium sulphamate"
True,False,False,False,Bicyclo[2.2.1]hept-5-en-2-ylmethyl bicyclo[2.2.1]hept-5-ene-2-carboxylate
True,True,True,True,Ethotoin
True,True,False,False,Ethyl 4-hydroxycyclohexanecarboxylate
True,True,True,True,N-(Phenylmethyl)glycine
True,True,True,True,2-Vinylphenol
True,True,False,False,UWA-101
True,True,True,True,Vinorine
True,False,False,False,Valeranilide
True,True,True,True,Etofamide
True,False,False,False,"2H-1-Benzopyran-2-one, 7-(ethylamino)-4-methyl-"
True,False,False,False,(((2-Chloroethyl)sulphonyl)methyl)benzene
True,True,False,False,NS00077407
True,True,False,False,"1-(3,5,5-Trimethyl-3-cyclohexen-1-yl)ethan-1-one"
True,False,False,False,7-Hydroxy-3-(2-hydroxyethyl)-4-methyl-2h-chromen-2-one
True,False,False,False,(1-Oxohexadecyl)acetic acid
True,True,True,True,Naringenin
True,False,False,False,"Endo-1,7,7-trimethylbicyclo[2.2.1]hept-2-yl propionate"
True,True,False,False,N-(3-(Ethyl(3-phenylpropyl)amino)phenyl)acetamide
True,False,False,False,Propyl propionate
True,False,False,False,"(2S,4aR,4bS,6aS,7aS,8aS,8bS,10aR)-2,10a-Dihydroxy-4a,6a-dimethyl-2,3,4,4a,4b,5,6,6a,7a,8,8a,8b,8c,10a-tetradecahydrocyclopropa[4,5]cyclopenta[1,2-a]phenanthren-7(1H)-one"
True,False,False,False,Prinomastat
True,True,False,False,"Urea, N-(aminoiminomethyl)-, sulfate (1:?)"
True,False,False,False,"1,6,8,12-Tetradecatetraen-5-one, 9,13-dimethyl-"
True,True,True,True,"Phenol, 4-(pentyloxy)-"
True,False,False,False,Sodium (6R-cis)-3-(hydroxymethyl)-7-methoxy-8-oxo-7-(2-thienylacetamido)-5-thia-1-azabicyclo[4.2.0]oct-2-ene-2-carboxylate
True,True,True,True,N-(2-chloro-4-fluorobenzoyl)-n'-(5-hydroxy-2-methoxyphenyl)urea
True,True,False,False,4-Amino-a-diethylamino-o-cresol dihydrochloride
True,True,True,True,1-Ethylhexyl 2-methylcrotonate
True,False,False,False,"Propanenitrile, 3-(methylamino)-"
True,True,True,True,"Octahydro-4,7-methano-1H-indenemethyl Formate."
True,True,True,True,Decylammonium acetate
True,True,True,True,"2,3-Dihydro-3-(oxiranylmethoxy)-2-phenyl-1H-isoindol-1-one"
True,True,True,True,3-Methyl-1-vinyl-1H-imidazolium chloride
True,False,False,False,"4,6-O-ethylidene-D-glucose"
True,True,True,True,Herqueichrysin
True,True,True,True,"2-Propen-1-amine, N,N-dimethyl-"
True,False,False,False,Ethyl p-tolylacetate
True,False,False,False,Diquat dichloride
True,False,False,False,"Disodium 4,4'-[(4,6-dihydroxy-1,3-phenylene)bis(azo)]bis(benzenesulphonate)"
True,True,False,False,"Benzenesulfonamide, 4-chloro-N-methyl-3-nitro-"
True,True,True,True,[4-Ammonio-2-hydroxyphenyl]ammonium sulphate
True,True,True,True,"1H-Imidazole, 2-ethyl-"
True,True,False,False,"Pyrazine, 2-ethoxy-3-methyl-"
True,False,False,False,Sodium 3-amino-4-hydroxy-5-nitrobenzenesulphonate
True,False,False,False,"Exo-1,7,7-trimethylbicyclo[2.2.1]hept-2-yl isobutyrate"
True,True,False,False,"Acetic acid, 2-(cyclohexyloxy)-, methyl ester"
True,False,False,False,3-Hydroxypyridine-2-methanol
True,False,False,False,"3,4-Dimethylaniline"
True,False,False,False,Bis(1-Chloropropan-2-yl) hydrogen phosphate
True,True,True,True,α-Methylhistamine
True,True,True,True,"1,4-Benzenediamine, 2,5-dichloro-"
True,True,False,False,Leucylproline
True,True,False,False,Methyl 2-[(methylsulfonyl)amino]benzoate
True,False,False,False,Trimethobenzamide
True,True,False,False,3-(4-Piperidyl)-1H-indole
True,True,False,False,"Phosphoric acid, isooctyl diphenyl ester"
True,False,True,True,Benzyl nicotinate
True,False,False,False,"2,3,4,5-Tetramethyl-1H-pyrrole"
True,True,False,False,1-Methoxy-4-(1-methoxy-1-methylethyl)-1-methylcyclohexane
True,True,False,False,N-(4-Fluorophenyl)-1-(2-phenylethyl)piperidin-4-amine
True,True,True,True,1-Fluorotetradecane
True,True,False,False,Octahydropentalenol
True,False,False,False,4-Ethoxy-3-methoxyphenylacetic acid
True,True,True,True,1-(Allyloxy)-3-aminopropan-2-ol
True,False,False,False,Gallocatechin gallate
True,True,True,True,Tert-Butyl bicyclo[2 2 2]phosphorothionate
True,True,False,False,Ximelagatran
True,True,False,False,Adamantane-1-carboxylic acid-5-dimethylamino-naphthalene-1-sulfonylamino-butyl-amide
True,True,False,False,Acetyl asulam
True,True,False,False,"Isobutyl 1,2,3,4,5,6,7,8-octahydro-2,8,8-trimethyl-2-naphthoate"
True,False,False,False,3-(1-Methylethyl)-5-[[[(4-methylphenyl)sulphonyl]oxy]methyl]oxazolidin-2-one
True,True,True,True,N-ethyl-2-isopropylcycloheptanecarboxamide
True,False,False,False,Ethyl N-benzyl-beta-alaninate
True,True,False,False,"N,N'-(4,6-Dichloropyrimidine-2,5-diyl)diformamide"
True,True,False,False,"N1,N1-Dimethyl-N2-(5-nitroquinolin-8-yl)ethane-1,2-diamine"
True,True,True,True,"8-(Cyclopentylmethyl)-2-hydroperoxy-6-(4-hydroxyphenyl)-2-[(4-hydroxyphenyl)methyl]-2h,3h,7h,8h-imidazo[1,2-a]pyrazin-3-one"
True,False,False,False,N-Cyano-N''-methyl-N'-(2-{[(4-methyl-1H-imidazol-5-yl)methyl]sulfanyl}ethyl)guanidine--hydrogen chloride (1/1)
True,False,False,False,N-(4-acetyl-2-fluorophenyl)acetamide
True,True,False,False,2-(Acryloyloxy)ethyl 6-hydroxyhexanoate
True,False,False,False,Methyl tetrahydro-5-methyl-4-oxo-3-furoate
True,False,False,False,"N-((1-(1,1'-Biphenyl)-4-yl-1-methylethoxy)carbonyl)-L-isoleucine"
True,True,True,True,"N-(2-Hydroxyethyl)octadeca-9,12,15-trienamide"
True,True,True,True,4-Tert-butylphenol-formaldehyde copolymer
True,True,True,True,2-Ethoxybenzamide
True,True,False,False,"1-Heptanesulfonic acid, sodium salt"
True,False,False,False,1-Cyclohexylpropan-2-ol
True,True,True,True,"1,2,4-Triazolidin-3-one, 4-amino-5-thioxo-, hydrazone"
True,True,True,True,"Octahydro-4,7-methano-1H-indene-5-carboxylic acid"
True,True,False,False,Ammonium 2-amino-4-(hydroxymethylphosphinyl)butyrate
True,False,False,False,"2,2'-[(1-Methylpropyl)imino]bisethanol"
True,True,False,False,"2,2'-[(3,3'-Dimethyl[1,1'-biphenyl]-4,4'-diyl)bis(azo)]bis[3-oxo-N-phenylbutyramide]"
True,True,True,True,2-(Phenylimino)oxazolidine-3-ethanol
True,True,True,True,"Pyridine-2,5-diamine dihydrochloride"
True,True,True,True,"4-(O-tolylazo)benzene-1,3-diamine monohydrochloride"
True,True,True,True,1-Methoxypiperidin-4-ol
True,True,False,False,"Butanenitrile, 4-[2,4-bis(1,1-dimethylpropyl)phenoxy]-"
True,False,False,False,"Benzenediazonium, 2,5-dibutoxy-4-(4-morpholinyl)-, tetrafluoroborate(1-)"
True,True,False,False,Tibolone
True,False,False,False,"2,5-Dimethoxybenzonitrile"
True,False,False,False,Ethyl 2-chloro-2-hydroxyheptanoate
True,True,True,True,Methyl-Phe-Pro-Amino-Cyclohexylglycine
True,True,True,True,2-Benzylideneoctanal (Hexylcinnamaldehyde)
True,False,False,False,"3-(Isopropylamino)propane-1,2-diol"
True,False,False,False,P-Methylpropiophenone
True,True,False,False,(2E)-4-{methyl[3-phenyl-3-(pyridin-2-yl)propyl]amino}-4-oxobut-2-enoic acid
True,True,False,False,"2,​4-​Hexadienoic acid, 1-​methylethyl ester, (2E,​4E)​-"
True,True,False,False,"4-Imidazolidinone, 3-heptyl-1-phenyl-2-thioxo-"
True,True,True,True,"3,7-Dibutyl-9,9-dimethyl-3,7-diazabicyclo[3.3.1]nonane-2,4,6,8-tetrone"
True,True,True,True,Strontium dilaurate
True,True,True,True,"3,7-Dimethyl-2,6-octadienyl 3-methylcrotonate"
True,True,False,False,Isopropyl 2-methylbutyrate
True,False,False,False,(S)-1-phenyl-1-[4-(9h-purin-6-yl)phenyl]methamine
True,False,False,False,2-Methyldecyl acrylate
True,False,False,False,"3-{[(Cyanoimino)(methylthio)methyl]imino}-1,2-dimethyl-5-(methylthio)-2,3-dihydro-1H-1,2,4-triazole"
True,False,False,False,"1H-Imidazol-2-amine, 1-[(6-chloro-3-pyridinyl)methyl]-4,5-dihydro-N-nitroso-"
True,True,True,True,"1-(Isopropyl)-N,N,2-trimethylcyclohexanecarboxamide"
True,False,False,False,1-[10-[3-(Dimethylamino)propyl]-10H-phenothiazin-2-yl]propan-1-one maleate
True,True,False,False,"7-Isopropyl-3,5-dimethyl-a-vinylbicyclo[2.2.2]oct-5-ene-2-methanol"
True,True,True,True,3-Aminopentanenitrile
True,False,False,False,5-Methylcytidine
True,True,False,False,Benzoylagmatine
True,False,False,False,Dinoprostone
True,True,False,False,Butyl ß-D-glucopyranoside
True,False,False,False,Ranitidine-N-oxide
True,False,False,False,"N,N-Dicyclohexylbenzothiazole-2-sulfonamide"
True,True,False,False,4-{[3-(Diethylamino)propyl]amino}-4-oxobut-2-enoic acid
True,False,False,False,3-(Heptafluoropropyl)pentanedioic acid
True,False,False,False,NS00063113
True,True,False,False,3-Cyclohexylaminopropiononitrile
True,True,True,True,[2'-Carboxylethyl]-10-methyl-anthracene endoperoxide
True,False,False,False,"Phenol, 2,4-bis(1,1-dimethylpropyl)-6-[(2-nitrophenyl)azo]-"
True,True,True,True,"Formic acid, compound with 4-[(m-aminophenyl)azo]benzene-1,3-diamine (1:1)"
True,True,False,False,4-Vinylcyclohexene
True,False,False,False,Ethylenebis[phenylphosphine]
True,False,True,True,5-Heptyldihydro-2(3H)-furanone
True,True,False,False,Tert-butyl 1-methyl-1-(3-tolyl)ethyl peroxide
True,False,False,False,2-Pentanamine
True,False,False,False,Progabide
True,False,False,False,4-P-Tolylbutyric acid
True,False,False,False,Mecarbinate
True,False,False,False,9-Deazaguanine
True,True,True,True,"Benzeneacetic acid, 2,4-dihydroxy-, methyl ester"
True,True,True,True,D-Phenylalanine
True,False,False,False,N-Methylacetoacetamide
True,False,False,False,Testosterone isobutyrate
True,False,False,False,Sodium 2-sulphonatoethyl laurate
True,True,False,False,Tenofovir Alafenamide
True,False,False,False,N6-(1-oxodecyl)-L-lysine
True,True,True,True,TP2/Diglycidyl resorcinol ether
True,True,True,True,3-[2-[2-(1-Naphthylamino)ethoxy]ethoxy]propiononitrile
True,False,True,True,Cefedrolor
True,True,False,False,NS00101144
True,False,False,False,Terbutylazine
True,False,False,False,2-(Diethylamino)ethanethiol
True,False,True,True,2-Phenyl-2-pyrrolidin-1-ylacetamide
True,True,True,True,3-Hydroxy-N-(3-nitrophenyl)naphthalene-2-carboxamide
True,True,True,True,4-[2-[4-[Benzylmethyl(ethyl)amino]phenyl]vinyl]-1-(2-hydroxyethyl)pyridinium acetate
True,True,False,False,"N-[3-(5-Bromo-1H-pyrrolo[2,3-b]pyridine-3-carbonyl)-2,4-difluorophenyl]propane-1-sulfonamide"
True,True,False,False,"1-Undecene, 11,11-dimethoxy-"
True,True,False,False,2-Hydroxyethyl myristate
True,False,True,True,"1H-Benzo[de]isoquinoline-1,3(2H)-dione"
True,True,True,True,2'-O-Methylguanosine
True,True,True,True,"5'-(Furan-3-yl)-7-methyl-3,5,5a,7,8,8a-hexahydrospiro[naphtho[1,8-bc]furan-6,3'-oxolane]-2,2'(4H)-dione (Teucvidin)"
True,False,True,True,"Hexahydro-2H-azepin-2-one, sodium salt"
True,True,False,False,Prop-1-enesulphonyl isocyanate
True,False,False,False,1-Hydroxyfluoren-9-one
True,False,False,False,"Dihydro-3-octylfuran-2,5-dione"
True,True,False,False,3-Octyn-1-ol
True,False,False,False,"1,3-Dihydro-1-oxoisobenzofuran-5-carboxylic acid"
True,True,False,False,"N1-(2-Cyanoethyl)-N1-(4-pyridylmethyl)-3,4,5-trimethoxybenzamide"
True,True,False,False,2-Hydroxyethyl cyclohexanecarboxylate
True,False,False,False,(E)-Perfluoro-2-propeneoxyacetic acid (dOPFLCA n=0)
True,True,True,True,Tiaprofenic acid
True,True,False,False,"(5A,8a,9a,11R*)-2,3-dichloro-11-(dimethylamino)-5,6,7,8,9,10-hexahydro-5,9-methanobenzocycloocten-8-ol hydrochloride"
True,True,True,True,"4',5,7-Trihydroxy-3'-methoxyflavone"
True,True,True,True,Imidazolyl-4-propylamine
True,True,True,True,N-(3-Acetyl-4-hydroxyphenyl)heptan-1-amide
True,True,False,False,Thymine
True,True,False,False,Sodium 2-oxobutyrate
True,True,True,True,Meptyldinocap
True,False,False,False,"2-Amino-5-[(3-carboxy-4-imino-2,5-cyclohexadien-1-ylidene)(4-methoxyphenyl)methyl]benzoic acid monohydrochloride"
True,False,False,False,Cicrotoic acid
True,True,False,False,Thioinosine
True,True,True,True,Ammonium naphthalene-2-sulphonate
True,True,False,False,Spiroxamine Isomer 1
True,True,True,True,Cyclarbamate [INN:BAN:DCF]
True,True,True,True,"Galacturonic acid, compound with (9S)-6'-methoxycinchonan-9-ol"
True,True,False,False,"Benzothiazole-2(3H)-thione, compound with triethylamine (1:1)"
True,True,True,True,TP1/Chlorphenesin
True,False,False,False,11-Aminoundecanoic acid
True,False,False,False,3-Ethylaniline
True,False,False,False,STA-11DC
True,True,True,True,2-(Thiomethylene)-4-methylpentanoic acid
True,False,True,True,"(±)-13-Ethyl-3-methoxygona-1,3,5(10),8-tetraen-17-one"
True,True,True,True,"2',4'-Difluoro[1,1'-biphenyl]-4-ol"
True,False,False,False,"Tetrahydro-6-phenyl-2H-1,3-oxazine"
True,True,False,False,"5,7-Dichloro-2-(5-chloro-1,3-dihydro-3-oxo-2H-indol-2-ylidene)-1,2-dihydro-3H-indol-3-one"
True,True,False,False,"Prostaglandin F2α 1,9-lactone"
True,False,False,False,"2,7-Dimethylanthracene"
True,True,True,True,Tenuazonic acid (tautomer)
True,False,False,False,Trans-2-phenylcyclohexanol
True,False,False,False,"2,4-Dithiopyrimidine"
True,False,False,False,NS00100414
True,True,False,False,Sec-butyl 3-methylbenzoate
True,True,True,True,Radicinin
True,True,False,False,"1,1-Cyclopropanedicarboxylic acid, dimethyl ester"
True,True,False,False,N-Phenylhydroxylamine
True,False,False,False,Barium pentafluorobenzenesulphonate
True,True,False,False,"Estra-3,5-dien-17-one, 3-ethoxy-"
True,False,False,False,"1-Pentanone, 1-(4-hydroxyphenyl)-"
True,False,False,False,"2-(3-Carboxypropanoyl)-6-hydroxycyclohexa-2,4-diene-1-carboxylic acid"
True,True,False,False,Linalyl octanoate
True,True,True,True,2-Propylidenecyclopentan-1-one
True,True,False,False,2-Methylbicyclo[2.2.1]heptane-2-carboxylic acid
True,True,False,False,MB 46126
True,False,False,False,ß-Pilocarpine
True,True,True,True,"2,3-Dihydro-5,7-dimethyl-1H-1,4-diazepine monoperchlorate"
True,True,False,False,3-Isopropoxycyclohex-2-en-1-one
True,True,False,False,"7,11-Hexadecadien-1-ol, acetate, (Z,Z)-"
True,False,False,False,"1,4-Cyclohexanedimethanol, dibenzoate"
True,True,False,False,"7,9-Dihydro-1H-purine-2,6,8(3H)-trione, monosodium salt"
True,True,False,False,N-(1-Benzothiophen-3-yl)-N'-(2-pyridinylmethyl)urea
True,True,True,True,"Urea, (3-hydroxyphenyl)-"
True,False,False,False,Tranexamic acid
True,False,False,False,N-[(1-methylpropoxy)methyl]acrylamide
True,False,False,False,Talsaclidine
True,True,True,True,"1H-Indole, 2-methyl-1-octyl-"
True,False,False,False,"Benzenesulfonamide, 4-methyl-N-propyl-"
True,False,False,False,"TP1/1-Propanamine, 3-(1-methylethoxy)-"
True,False,False,False,"17-(2H-1,3-benzodioxol-5-yl)-14-hydroxy-15-methyl-14-(prop-1-yn-1-yl)tetracyclo[8.7.0.0²,?.0¹¹,¹?]heptadeca-1,6-dien-5-one"
True,True,False,False,(E)-hex-2-enyl lactate
True,True,True,True,1-(Methoxymethyl)propylamine
True,True,True,True,"2-(4-Fluoro-2,5-dimethoxyphenyl)ethan-1-amine"
True,True,True,True,5-Methylisoxazole-3-carboxylic acid
True,False,False,False,2-Amino-4-methylbenzonitrile
True,False,False,False,"Glycine, glycyl-"
True,True,False,False,4-Ethylstyrene
True,True,True,True,"[1,1'-Biphenyl]-3,4-diol"
True,False,False,False,DL-tyrosine
True,False,False,False,"4,4'-Bis(2-benzoxazolyl)stilbene"
True,False,False,False,3-{[4-(2-Pyrimidinyl)piperazino]carbonyl}-2-pyrazinecarboxylic acid
True,True,True,True,4-Cyclopentyl-2-methylcyclohexan-1-one
True,True,False,False,"Propanenitrile, 3-[(3-methylphenyl)amino]-"
True,False,False,False,Tert-butyl hydrogen carbonate
True,False,False,False,Esatenolol
True,False,False,False,Rilmenidine
True,False,True,True,2-Ethyl-p-xylene
True,True,False,False,4-[2-[2-[[(Z)-octadec-9-enoyl]amino]ethoxy]ethoxy]-4-oxo-3-sulfobutanoic acid
True,True,True,True,"2-Ethyl-5,6-dihydro-3-methylpyrazine"
True,False,False,False,N-Methyltaurine
True,False,False,False,".Beta.-Alanine, N-[5-(acetylamino)-2-methoxyphenyl]-N-ethyl-, 2-methoxyethyl ester"
True,True,True,True,"4-Thiazolidinecarboxylic acid, D-"
True,False,False,False,Nonylphenyl hydrogen glutarate
True,True,False,False,"Dimethyl 1,4-dihydro-2,6-dimethyl-4-(3-nitrophenyl)pyridine-3,5-dicarboxylate"
True,True,False,False,Oxiranylmethyl 2-ethylhexanoate
True,True,True,True,Isochorismic acid | 22642-82-6
True,True,False,False,"1,6-Diphenylhexane-1,6-dione"
True,True,False,False,Terephthalohydrazide
True,False,False,False,"2,4,5-Trimethylpyridine"
True,True,True,True,Sodium N-methyltaurinate
True,False,False,False,"Propanenitrile, 3-(isooctyloxy)-"
True,False,False,False,"Benzene-1,2,4,5-tetracarboxylic acid, compound with 4,5-dihydro-4-methyl-2-phenyl-1H-imidazole (1:1)"
True,False,False,False,N-Amidino-6-chloro-3-((cyclopropylmethyl)amino)pyrazinecarboxamide
True,True,False,False,Sodium 4-aminobutyrate
True,False,False,False,Isoproterenol
True,False,False,False,Megestrol
True,False,False,False,"3,4-Dihydro-6,7-dimethoxyisoquinoline"
True,False,False,False,"Nonane-2,4-dione"
True,False,False,False,7-Methoxy DiPT
True,True,False,False,N-DL-leucylglycine
True,False,False,False,2-Amino-n-{1-[(3-hydroxy-1-phenylbutan-2-yl)carbamoyl]ethyl}propanamide
True,False,False,False,Jasmonic acid
True,True,False,False,Glasdegib
True,True,True,True,Ethyl 2-methylalaninate
True,True,False,False,"3-Cyclohexene-1-carboxylic acid, ethyl ester"
True,True,False,False,"1,2-Ethanediamine, N-(phenylmethyl)-"
True,True,False,False,Cumene
True,True,True,True,Biopterin
True,True,True,True,TP1/N-(Butoxymethyl)acrylamide
True,False,False,False,N-Arachidonoyl dopamine
True,True,True,True,"4H-pyran-4-one, 2,3-dihydro-3,5-dihydroxy-6-methyl-"
True,True,True,True,Isatin bis-cresol
True,True,False,False,"Pyridine, 4,4'-(1,3,4-thiadiazole-2,5-diyl)di-"
True,False,False,False,"2-(2,4-Bis(1,1-dimethylpropyl)phenoxy)ethyl acrylate"
True,True,False,False,"1-Butylimidazolidine-2,4-dione"
True,False,False,False,NS00079158
True,True,False,False,"(E)-(4-methoxy-2,3,6-trimethylphenyl)-3-buten-2-one"
True,True,True,True,Cropropamide
True,False,False,False,"N,N'-[(octahydro-4,7-methano-1H-indenediyl)dimethylene]bis[4-hydroxy-N-methylbutyramide]"
True,True,False,False,N-glycyl-L-aspartic acid
True,False,False,False,"TP1/N,N-Dimethyltetradecylamine"
True,True,True,True,"4-Formyl-7-methyl-1,4a,5,6,7,7a-hexahydrocyclopenta[c]pyran-1-yl hexopyranoside (Boschnaloside)"
True,False,True,True,N-trans-cinnamoylimidazole
True,False,False,False,"(9Z,11E)-9,11-Octadecadienoic acid"
True,False,False,False,"Ethanol, 2-(ethylphenylamino)-, acetate (ester)"
True,True,False,False,4-Nitrobenzoic acid
True,True,True,True,Ethyl pyridine-4-acetate
True,False,False,False,1-(2-Methoxyphenyl)butan-2-one
True,True,False,False,Hexanoic anhydride
True,False,False,False,C18-DATS
True,True,True,True,2-(Methylamino)butan-1-ol
True,False,False,False,4-Nitroresorcinol
True,True,True,True,Tyrosinal
True,True,False,False,"3-Morpholino-2-(3,4,5-trimethoxybenzyl)acrylonitrile"
True,False,False,False,Isopropyl 3-(2-furanyl)acrylate
True,False,False,False,"9S,13r-12-Oxophytodienoic Acid"
True,True,False,False,"2-(((1,2-Benzisothiazol-3-yloxy)methyl)cyclohexylamino)ethanol"
True,True,True,True,"1-(2,4-Dihydroxyphenyl)undecanone"
True,True,False,False,9-Octadecenoic acid
True,True,False,False,"Hexa-2,4-dienyl propionate"
True,False,False,False,"2-(N-(2,4-Dimethylphenyl)carbamoyl)-3-naphthyl acetate"
True,False,False,False,2-Methylnonyl methacrylate
True,True,False,False,Speciocilatine
True,True,True,True,Epirizole
True,True,False,False,TP2/Cyclohexaneethanol
True,True,False,False,"1-(2,2-Diethoxyethoxy)-4-(1,1-dimethylpropyl)benzene"
True,False,False,False,N-hydroxyphthalimide
True,False,False,False,5-Dodecanolide
True,False,False,False,N-methyl-N-(1-phenylpropan-2-yl)formamide
True,False,False,False,2-(6-Hydroxyhexyl)-3-methylenesuccinic acid
True,False,False,False,Methyl 2-nonynoate
True,True,False,False,4-Morpholinophenol
True,False,True,True,3-Nitro-p-tolualdehyde
True,True,True,True,Tyrphostin 8
True,True,True,True,"(5R)-3-Ethyl-5-phenylimidazolidine-2,4-dione"
True,True,False,False,3-Methylbenzophenone
True,False,False,False,Ammonium toluene-4-sulphonate
True,False,False,False,"Piperazine-1,4-diacetic acid"
True,True,False,False,2-[2-(Acetylphenylamino)vinyl]-3-ethylbenzoxazolium iodide
True,True,True,True,2-Amino-6-methylheptane
True,False,False,False,"A,a,a-trifluoro-3-nitro-4-(phenylthio)toluene"
True,False,False,False,"2,3,4,4'-Tetrahydroxybenzophenone"
True,True,True,True,"Sodium a-(3,5-dibromo-4-oxo-2,5-cyclohexadienylidene)-a-(3,5-dibromo-4-hydroxyphenyl)toluenesulphonate"
True,False,False,False,"1,4-Pentadiene, 3-propyl-"
True,False,False,False,TP3/2-(2-Aminoethoxy)ethanol
True,False,False,False,4-Hexylresorcinol
True,True,False,False,Bicyclo[2.2.1]heptane-2-methanol
True,True,False,False,"4-Tert-Butyl-1,2,4-triazolidine-3,5-dione"
True,False,False,False,Hexahydrocyclopenta[c]pyrrol-2(1H)-amine
True,False,True,True,"2,3-Pentanedione"
True,True,True,True,"(S)-4-Methyloxazolidine-2,5-dione"
True,True,True,True,L-TERT-LEUCINE
True,True,True,True,3-(4-Methyl-1-piperazine)propan-1-ol
True,False,False,False,4-[4-(2-Chlorophenyl)piperazin-1-yl]-4-oxobutanoic acid
True,True,True,True,Isonicotinamide
True,True,False,False,(Z)-hexadec-7-enyl acetate
True,False,True,True,"Acetic acid, sulfo-"
True,True,True,True,Riboflavin monophosphate
True,True,False,False,"(E)-2,6-dimethylocta-5,7-dien-4-one"
True,False,False,False,TP1/Tetradecanenitrile
True,True,False,False,"5,6-Dihydro-6-pentyl-2H-pyran-2-one."
True,True,True,True,"L-2,4-Diaminobutyric acid"
True,False,True,True,"N-(phosphonoamidino)sarcosine, dipotassium salt"
True,False,False,False,"1,3,7-Nonatriene, 4,8-dimethyl-"
True,False,False,False,"4,5-Dihydromethylcyclopenta[de]cinnoline"
True,False,False,False,3-(Hydroxymethyl)piperidine-1-ethanol
True,False,False,False,"(R,S)-N-acetyl-(3,4-dimethoxyphenyl)-alanine, monohydrate"
True,True,False,False,Pelitinib | Ekb-568
True,False,False,False,N~3~-[3-(1h-indol-6-yl)benzyl]pyridine-2
True,True,False,False,4-(3-Oxobutyl)phenyl 2-methylcrotonate
True,False,False,False,Diosgenin
True,True,False,False,(2-Nitrophenyl)acetonitrile
True,True,False,False,N-[N-[(benzyloxy)carbonyl]-L-leucyl]-L-valine
True,True,True,True,2-((Methylthio)methyl)-1H-benzimidazole-5-sulphonic acid
True,True,True,True,"N-(6-Amino-1,2,3,4-tetrahydro-1-methyl-2,4-dioxo-5-pyrimidinyl)formamide"
True,True,True,True,"Nitric acid, 1-methylethyl ester"
True,True,False,False,"4-Methoxybenzyl (6R,7R)-7-amino-3-(chloromethyl)-8-oxo-5-thia-1-azabicyclo[4.2.0]oct-2-ene-2-carboxylate hydrochloride (1:1)"
True,False,False,False,6-(4-Chloro-2-cyclohexylphenoxy)pyridin-3-amine
True,True,False,False,"Ethyl 4,5-bis(2-methoxyethoxy)-2-[(1-methylimidazol-4-yl)sulfonylamino]benzoate"
True,True,False,False,"1,8-Diphenylocta-1,3,5,7-tetraene"
True,True,False,False,(Z)-oct-6-enal
True,True,True,True,"Octane, 1-isocyanato-"
True,True,True,True,Atagabalin
True,True,False,False,1-Methyl-4-(1-methyleneallyl)cyclohexene
True,False,False,False,Propyl nonan-1-oate
True,True,True,True,"1,2,3-Trimethylbenzene"
True,True,False,False,"[2,2'-Biquinoline]-4,4'-dicarboxylic acid"
True,True,True,True,3-Chloro-6-methoxypyridazine
True,False,False,False,Sulfadiazine
True,True,True,True,N-Methylacrylamide
True,False,False,False,Ro 17-6661
True,False,False,False,2-Heptylpyridine
True,True,False,False,"Diphenyl ether, monochloro monoisobutyl derivative"
True,False,False,False,P-methylphenethyl acetate
True,True,False,False,"(Z)-3,7-dimethylocta-2,6-dienyl octanoate"
True,False,False,False,N-Acetyl-L-cysteine
True,True,True,True,(+/-)-Norleucine
True,False,False,False,Pentyl mercaptoacetate
True,True,True,True,Benz[d]isoxazole
True,True,True,True,"1,7,7-Trimethylbicyclo[2.2.1]heptan-2-yl formate"
True,True,True,True,TP2/Ethyl 3-(N-butylacetamido)propionate
True,False,False,False,N-Stearoyl Taurine
True,True,True,True,L-Phenylalanine
True,True,True,True,"TP2/Octadecanamide, N-[2-(diethylamino)ethyl]-"
True,True,True,True,"Sodium 4-[(1,5-dihydroxy-2-naphthyl)azo]naphthalene-1-sulphonate"
True,False,False,False,3-[(4-Fluoro-2-nitrophenyl)amino]propanol
True,False,False,False,Prostaglandin Bx
True,True,True,True,"4H-1,3,5-Oxadiazin-4-one, tetrahydro-3,5-bis(methoxymethyl)-"
True,True,False,False,1-(4-Methylphenyl)propan-2-amine
True,False,False,False,Trans-N-(4-hydroxycyclohexyl)acetamide
True,True,False,False,3-Chloro-2-nitrobenzoic acid
True,True,False,False,6-Methyluracil
True,True,False,False,2-(Furfurylthio)ethylammonium sulphate (2:1)
True,True,True,True,"2-Propanamine, 2-methyl-1-(methylthio)-"
True,False,False,False,Fenozolone
True,True,False,False,"Propanedinitrile, (3-methoxy-2-propenylidene)-"
True,False,True,True,4-Tolyl isobutyrate
True,True,False,False,Deladroxone
True,False,False,False,"1,2,3,4-Tetrahydronaphthalene-1,5-diol"
True,True,False,False,"2,2'-((5-Amino-2-methoxyphenyl)imino)bisethanol"
True,True,True,True,"1-Methyl-4-(1-pyrrolidinyl)-1H-pyrazolo[3,4-d]pyrimidine"
True,True,False,False,Octahydropentalenyl formate
True,False,False,False,4-Phenylcyclohexan-1-ol
True,False,False,False,"5-Acetyl-1,3-phenylene bis(dimethylcarbamate)"
True,False,False,False,Copper bis(2-ethylhexanoate)
True,True,True,True,Sodium bis(2-butoxyethyl) phosphate
True,False,False,False,Diammonium butyl phosphate
True,True,True,True,Isobutyl acetate
True,True,False,False,NS00098988
True,False,False,False,5-[4-(Dimethylamino)phenyl]-6-[(6-morpholin-4-ylpyridin-3-yl)ethynyl]pyrimidin-4-amine
True,True,True,True,6-Thioguanine
True,True,False,False,Hexamethylolmelamine
True,True,True,True,"Tricyclo(3.3.1.1'3,7)decane-1-carboxylic acid"
True,False,False,False,"Carbonic acid, compound with 2-amino-2-(hydroxymethyl)propane-1,3-diol (1:1)"
True,False,False,False,"Benzaldehyde, 3,4-dihydroxy-"
True,False,False,False,"Benzoic acid, 4-(1,1-dimethylethyl)-, 1-methylethyl ester"
True,True,True,True,Dibenzosuberol
True,True,False,False,6-tert-Butyloctahydronaphthalen-2(1H)-one
True,False,False,False,1-Methyl hydrogen 2-sulphonatotetradecanoate
True,True,True,True,Xylose-derived lactam oxime
True,False,False,False,Litronesib
True,False,False,False,"3-[(9,10-Dioxo-9,10-dihydro-1-anthryl)amino]-5,10-dihydroanthra[2,1,9-mna]benz[6,7]indazolo[2,3,4-fgh]acridine-5,10-dione"
True,True,False,False,2-Isopropenyl-5-methylhex-4-enyl acetate
True,True,False,False,2-Fluoropropene
True,True,False,False,Riociguat
True,True,False,False,Sodium 2-aminonaphthalene-1-sulphonate
True,False,False,False,M-Isopropenylchlorobenzene
True,False,False,False,NS00027759
True,False,False,False,Pyrrolidine-1-butyric acid
True,False,False,False,Levocarnitine
True,False,False,False,[4-[[3-Chloro-4-[(2-cyanoethyl)amino]phenyl]azo]phenacyl]trimethylammonium chloride
True,False,False,False,Trans-2-Ethoxy-5-(1-propenyl)phenol
True,True,False,False,"Ethanone, 1-(2-methoxyphenyl)-"
True,True,True,True,"Disodium 7,7'-(carbonyldiimino)bis(4-hydroxynaphthalene-2-sulphonate)"
True,False,False,False,"Butanamide, N-(5-chloro-2,4-dimethoxyphenyl)-3-oxo-"
True,False,False,False,Tert-butylbenzoic acid
True,True,False,False,2-(1-Phenylethyl)-p-xylene
True,True,False,False,(9Z)-Octadec-9-enamide
True,False,False,False,5-Ethyl-2-methylpyridine
True,False,False,False,"2-(2,2,3-Trimethyl-4-oxocyclopentyl)ethyl acetate"
True,False,False,False,(A-methoxybenzyl)oxirane
True,True,False,False,"1,5-Dimethylbicyclo[3.2.1]oct-8-yl isobutyrate"
True,False,False,False,"2-Cyclopenten-1-one, 3-methyl-2-(1-methylethyl)-"
True,False,False,False,Dimethylimidazolidinetrione
True,False,False,False,7-Aminocephalosporanic acid
True,False,True,True,"5,6-Dihydrofluoranthen-6a(4H)-ol"
True,True,True,True,"Phenol, 3-(1,1-dimethylethyl)-4-methoxy-"
True,False,False,False,2-Hydroxy-3-methoxybenzaldehyde
True,False,False,False,N-Ethylaniline
True,True,True,True,4-Amino-8-(2-fluoro-6-methoxyphenyl)-n-propylcinnoline-3-carboxamide
True,True,True,True,Lauryl propionate
True,False,False,False,"N,1-dimethylpropylamine"
True,True,True,True,"1-(9,10-Dihydro-7-octyl-2-phenanthryl)butan-1-one"
True,False,False,False,"3-Dibenzofurancarboxamide, N-(2-ethoxyphenyl)-2-hydroxy-"
True,True,False,False,"Undecenoic acid, heptylester"
True,True,False,False,"[4-[[4-(Dimethylamino)phenyl]imino]cyclohexa-2,5-dien-1-ylidene]dimethylammonium chloride"
True,True,False,False,"Methanone, phenyl-2-pyridinyl-, oxime"
True,False,False,False,"Ethyl 4,4,4-trimethylacetoacetate"
True,True,False,False,"3-([1,1'-Biphenyl]-4-yloxy)propane-1,2-diol"
True,False,False,False,"Alpha,alpha,4-Trimethylcyclohexylmethyl propanoate"
True,True,True,True,Choline methyl sulphate
True,False,False,False,(1-(Aminocarbonyl)hydrazino)acetic acid
True,True,False,False,"2-(Heptadecenyl)-4,5-dihydro-1-(2-hydroxyethyl)-1H-imidazolium acetate"
True,True,False,False,N-[2-(1H-Indol-3-yl)ethyl]-2-thiophenecarboxamide
True,True,False,False,"1-Phenyl-5-(2-tetrahydro-1H-pyrrol-1-ylvinyl)-1H-1,2,3,4-tetraazole"
True,False,False,False,"3,4-DMMC"
True,True,True,True,Tretoquinol
True,True,True,True,Amoxydramine camsilate
True,False,False,False,"N,N-diethyl-3-oxobutyramide"
True,True,False,False,2-Chlorocyclohexyl chloroformate
True,True,True,True,"2-Propanamine, N-ethyl-N-(1-methylethyl)-"
True,False,False,False,Allyl 2-(1H-benzimidazol-2-yl)-2-cyano-N-phenylethanimidothioate
True,True,False,False,"N-Butyl-2,2,6,6-tetramethylpiperidin-4-amine"
True,True,False,False,O-Methylbufotenine
True,True,True,True,5-Chloro-1H-benzimidazole
True,True,True,True,4-Ethylphenyl butyrate
True,True,True,True,Anthramycin
True,True,False,False,"N,N-dimethyl-4-(2-pyridylazo)aniline"
True,False,False,False,3-Oxo-2-pentylcyclopentaneacetic acid
True,True,False,False,"2-Methylbutane-1,2,3,4,-tetrol"
True,False,False,False,Acetamiprid metabolite IM-1-2
True,False,True,True,"3-Hexenoic acid, ethyl ester, (3E)-"
True,True,True,True,Benzyl chloroformate
True,False,False,False,"1-Butyl-1,2-dihydro-6-hydroxy-4-methyl-2-oxonicotinonitrile"
True,False,False,False,"Propanamide, N-[3-[[2-(2-cyanoethoxy)ethyl]amino]-4-methoxyphenyl]-"
True,True,False,False,"Methanesulfonamide, N-(4-(1-hydroxy-2-((1-methylethyl)amino)ethyl)phenyl)-, (R)-"
True,True,False,False,Isopropyl 2-chloropropionate
True,True,True,True,Flurbiprofen | (-)-flurbiprofen
True,False,False,False,2-Methyl-3-(methylthio)furan
True,True,False,False,Gilteritinib
True,False,False,False,Monopotassium (R)-aminophenylacetate
True,False,True,True,Hex-3-enedinitrile
True,False,False,False,2'-C-Methylcytidine
True,False,True,True,Tiapamil hydrochloride
True,True,True,True,"2-Methyl-4-(2,6,6-trimethyl-1-cyclohexen-1-yl)-2-butenal"
True,True,False,False,3-Bicyclo[2.2.1]hept-2-yl-2-butenenitrile
True,False,False,False,Aluminium trilaurate
True,True,True,True,4-Methylbenzoic acid
True,True,False,False,"5-[[4-[Benzylethylamino]phenyl]azo]-1,4-dimethyl-1H-1,2,4-triazolium methyl sulphate"
True,True,False,False,"[1,1'-Biphenyl]-4-carboxaldehyde"
True,True,True,True,"1H-Azepine-1-acetonitrile, hexahydro-"
True,False,False,False,"Estra-1,3,5(10),7-tetraene-3,17a-diol"
True,True,False,False,"1-[(3,7-Dimethyl-6-octenyl)oxy]-1-methoxydecane"
True,True,True,True,"TP1/Piperidine, 1-ethyl-"
True,False,False,False,"5-(3,3-Dimethyloxiranyl)-3-methylpent-2-en-1-yl acetate"
True,False,False,False,N-[(1-chloro-4-hydroxyisoquinolin-3-yl)carbonyl]glycine
True,False,False,False,"1,4-Cyclohexanedione"
True,False,False,False,"2,5-Dibutoxyaniline"
True,False,False,False,Isoandrographolide
True,True,True,True,NS00006719
True,False,False,False,4-Nitro-1H-benzotriazole
True,True,True,True,Ethyl piperazine-1-acetate
True,True,True,True,4-Hydroxy-3-methoxyphenylacetonitrile
True,True,False,False,4-[4-(4-Fluorophenyl)piperazin-1-yl]butan-2-one
True,False,False,False,"N,N-Dimethyl-1,2-diphenylethanamine"
True,False,False,False,"8(S)-Hydroxy-(5Z,9E,11Z,14Z)-eicosatetraenoic acid"
True,False,False,False,2-[(1-Benzyl-4-piperidyl)amino]butyronitrile
True,True,True,True,Carbosulfan
True,False,False,False,N-Ethyl-2-methylallylamine
True,False,False,False,"Ethyl 3-(3,4,5-trimethoxyphenyl)acrylate"
True,False,True,True,Terbutryn
True,False,False,False,5F-CUMYL-PINACA
True,False,False,False,Dipentyl succinate
True,True,False,False,NS00084472
True,False,False,False,"N-nitroso-N-phenylhydroxylamine, ammonium salt"
True,True,True,True,"1,1'-Vinylidenebiscyclopropane"
True,False,False,False,Ethynodiol
True,False,True,True,3-Methylpent-3-en-1-yl benzoate
True,False,False,False,17α-Hydroxypregnenolone
True,False,False,False,Dorzolamide
True,True,False,False,(R)-alpha-Methylbenzenebutanol
True,True,False,False,"3-Methyl-1,5-pentanediol"
True,True,True,True,NS00099436
True,True,True,True,TP2/Oct-1-en-3-yl acetate
True,False,True,True,Allyl 2-pyridyl ether
True,False,False,False,Phenanthridin-6(5H)-one
True,False,False,False,"3-Oxopregna-1,4-diene-20-carboxylic acid"
True,False,False,False,Diethyl 2-(3-amino-1-cyclohexyl-1-hydroxypropyl)nonanedioate
True,False,False,False,Cis-13-Eicosenoic acid
True,False,False,False,Ethyl 2-phenylpropionate
True,False,False,False,Mexenone
True,True,True,True,Latanoprostene Bunod
True,False,False,False,"2,4-Dimethyl-2-(4-methyl-3-pentenyl)-1,3-dioxane"
True,False,False,False,Bis(2-ethoxyethyl) hydrogen phosphate
True,True,False,False,"Benzoic acid, 2-hydroxy-3,5-bis(1-methylethyl)-"
True,True,True,True,4-Methyl-1-oxaspiro[5.5]undecene
True,True,True,True,"Methyl 3-[2-(4,5-dihydro-2-undecyl-1H-imidazol-1-yl)ethoxy]propionate"
True,True,True,True,Squaric acid dibutyl ester
True,True,True,True,"Ethyl (2E,4Z)-undeca-2,4-dienoate"
True,False,False,False,Butyl mandelate
True,False,False,False,"1,1,12,12-Dodecanetetracarboxylic acid"
True,True,True,True,"Benzenamine, 4,4'-[[4-(diethylamino)phenyl]methylene]bis[N,N-diethyl-3-methyl-"
True,False,True,True,N-(4-carbamimidoylbenzyl)-1-(3-phenylpropanoyl)-l-prolinamide
True,False,False,False,"4-Methyl-2-(o-tolyl)-1,3-dioxolane"
True,False,False,False,"3-Amino-2,6-dimethylphenol"
True,False,False,False,TP4/Octyl decyl dimethyl ammonium chloride
True,True,True,True,Bis[(dimethylamino)methyl]phenol
True,False,False,False,"2-Propanamine, N-ethyl-"
True,False,False,False,Hexylphosphonic acid (s)-2-methyl-3-phenylpropyl ester
True,False,False,False,Strychnine
True,False,False,False,"3-(Dodecenyl)dihydro-2,5-furandione"
True,True,True,True,6-Phenyluracil
True,True,False,False,4-(4-Methylpenten-3-yl)cyclohex-3-ene-1-methanol
True,False,False,False,NS00011963
True,True,False,False,2-Ammonio-1-methylethyl sulphate
True,True,False,False,"A6-[(tert-butylamino)methyl]-3-hydroxypyridine-2,6-dimethanol monoacetate"
True,True,True,True,"5-Acetamido-3-fluoro-2,4-dihydroxy-6-(1,2,3-trihydroxypropyl)oxane-2-carboxylic acid"
True,False,False,False,Aminopromazine
True,False,False,False,(3Z)-Hex-3-en-1-yl (2E)-2-methylbut-2-enoate
True,True,True,True,Methyl 2-aminobenzoate
True,True,True,True,"1H-Pyrrole, 1-methyl-2-(tridecafluorohexyl)-"
True,False,False,False,"3-Ethyl-2-methyl-4,5,6,7-tetrahydroindol-4-one"
True,True,False,False,NS00047295
True,True,False,False,"Cinchoninic acid, 2-hydroxy-"
True,True,True,True,"1,1,3,3,4,4,5,5,6,6,6-Undecafluoro-1-methoxyhexan-2-one"
True,False,False,False,2-Amino-N-(2-hydroxyethyl)benzamide
True,False,False,False,"4-Vinylcyclohexene-1,4-dicarbaldehyde"
True,True,True,True,"1H-1,2,3-Triazolo[4,5-d]pyrimidin-7-amine"
True,True,True,True,"1,5-Diazabicyclo(4.3.0)non-5-ene"
True,True,False,False,"2,5-Dihydro-2,5-dimethoxy-2,5-dimethylfuran"
True,False,True,True,1-[(Dodecylphenyl)methyl]quinolinium
True,True,True,True,"2,4,4-Trimethyl-2-pentanamine"
True,True,True,True,5-Ethyl-4-methylthiazol-2(3H)-one
True,True,True,True,"2-(2,6-Dimethylhept-5-enyl)-4-methyl-1,3-dioxolane"
True,True,False,False,"2,5-Dimethylhexane 2,5-dihydroperoxide"
True,True,False,False,3-Hydroxyvalproic acid
True,True,True,True,"Benzoic acid, 2-hydroxy-, bismuth salt (1:?)"
True,True,False,False,Vermixocin B
True,True,False,False,NS00080808
True,False,False,False,NS00041348
True,False,False,False,NS00047666
True,True,True,True,Grayanoside B
True,False,False,False,5-Methoxy methylone
True,False,False,False,Sebacohydrazide
True,True,True,True,NS00000176
True,True,True,True,"3-(4-Oxocyclohexa-2,5-dien-1-ylidene)carbazamidine"
True,True,True,True,"Di-tert-butyl 2,2,4-trimethyldiperoxyadipate"
True,False,False,False,3-Phenylpropyl acetate
True,True,True,True,Isonicotinaldehyde oxime 1-oxide
True,False,True,True,Cyclopentanepropanoic acid
True,False,False,False,1-Cyclohexyl-5-ethylbarbituric acid
True,True,False,False,Methyl 3-methoxybenzo[b]thiophene-3-carboxylate
True,False,False,False,"(1H-Indol-3-yl)(2,2,3,3-tetramethylcyclopropyl)methanone"
True,True,True,True,"4-Bromo-3,5-dimethyl-1H-pyrazole-1-methanol"
True,False,False,False,Dibenzo-p-dioxin
True,False,False,False,Pipequaline
True,True,True,True,"Acetic acid, 2-[(1-ethylpentyl)oxy]-"
True,False,False,False,"5-(Diethylamino)-2-[3-[5-(diethylamino)-1,3-dihydro-3,3-dimethyl-1-propyl-2H-indol-2-ylidene]prop-1-enyl]-3,3-dimethyl-1-propyl-3H-indolium perchlorate"
True,True,True,True,2-Nitro-4-methylacetanilide
True,True,False,False,Pazufloxacin
True,True,False,False,17-Octadecynoic acid
True,True,True,True,Dodecan-4-one
True,True,False,False,Cis-3-vinylcyclohexan-1-ol
True,False,False,False,"20-Ethyl-16-methoxy-4-methylaconitane-1,8,14-triol (Karakoline)"
True,False,False,False,2-Ethylanthracene
True,True,True,True,D-Tryptophan
True,True,True,True,4-Vinylaniline
True,True,False,False,"3,5-Dimethylpiperidine"
True,True,True,True,NS00078815
True,True,True,True,"2-Furancarboxylic acid, tetrahydro-"
True,False,False,False,TP2/3-((Ethylphenylamino)methyl)benzenesulfonic acid
True,True,True,True,4-Nitrosoaniline
True,True,False,False,Teriflunomide
True,True,True,True,"Benzoic acid, compound with 2,2'-iminobisethanol (1:1)"
True,False,False,False,1-(4-(Methoxymethyl)phenyl)ethan-1-one
True,True,True,True,(1-Ethoxy-1-methylethyl)cyclohexane
True,True,False,False,"2,6-Dibutyl-4-(2-methylpropyl)-2H-1,2,6-thiadiazine-3,5(4H,6H)-dione 1,1-dioxide"
True,True,False,False,Octahydro-4H-1-benzopyran-4-one
True,True,False,False,"1-Decanamine, N-2-propenyl-"
True,False,False,False,Methyl N-benzyloxycarbonylglycinate
True,False,True,True,Indoline-4-ol
True,True,True,True,"5-Oxo-L-proline, compound with dicyclohexylamine (1:1)"
True,False,False,False,Diethyl (pyrrolidin-1-ylmethyl)phosphonate
True,True,True,True,"3,7,7,9-Tetramethyl-1-oxaspiro[4.5]decan-2-one"
True,False,False,False,"2,2'-Diethyl dihydrogen 4,4'-carbonylbisphthalate"
True,True,True,True,"P-(4,5-Dihydro-3-methyl-5-oxo-1H-pyrazol-1-yl)benzenesulphonamide"
True,True,False,False,"Sarpagan-10,17-diol"
True,True,False,False,"Nicotinaldehyde N-(6,7-dihydro-5H-cyclopenta[d][1,2,4]triazolo[1,5-a]pyrimidin-8-yl)hydrazone"
True,False,False,False,"Trisodium 3-[[4,5-dihydro-3-methyl-5-oxo-1-(4-sulphonatophenyl)-1H-pyrazol-4-yl]azo]naphthalene-1,5-disulphonate"
True,True,False,False,1-Piperonylpiperazine
True,False,False,False,1-Phenylethyl propionate
True,False,False,False,3-Chloro-4-hydroxymandelic acid
True,True,True,True,"4,5-Dihydro-4,4-dimethyloxazole"
True,True,False,False,"Androst-5-ene-(3ß,17ß)-diol dipropionate"
True,False,False,False,Ethopabate
True,True,True,True,NS00077431
True,True,True,True,"3,6,9,12-Tetraoxahexadecan-1-ol, phosphate"
True,True,False,False,"4-CARBOXY-5-(1-PENTYL)HEXYLSULFANYL-1,2,3-TRIAZOLE"
True,False,False,False,"1,3,3-Trimethyl-3-(p-tolyl)propyl acetate"
True,False,False,False,"7-Chloro-1,8-naphthyridin-2-amine"
True,False,False,False,2-Amino-3-diethoxyphosphoryloxy-propanoic
True,True,True,True,3-Methoxyacetanilide
True,True,True,True,Isonicotinaldehyde oxime
True,True,False,False,"3-Pyrrolidinol, 5-methyl-"
True,True,False,False,"5,5-Dimethyl-1,3-dioxane-2-propionaldehyde"
True,False,False,False,"3-[(1S,2R)-1-Methyl-1-oxidopyrrolidin-2-yl]pyridine"
True,True,False,False,S-benzyl-N-[tert-butoxycarbonyl]-L-cysteine
True,True,True,True,Tert-butyl-m-cresol
True,True,False,False,Tridecyl hydrogen sulfate
True,True,False,False,Dipropyl oxalate
True,True,False,False,"6,7-Dimethoxy-2-methyl-1H-benz(de)isoquinoline-1,3(2H)-dione"
True,True,False,False,4-Amino-6-ethoxy-o-cresol hydrochloride
True,False,False,False,2-((2-(2-Hydroxyethoxy)ethyl)thio)ethanol
True,True,True,True,"2,2-Dichloro-N-ethylacetamide"
True,True,False,False,Heptadec-1-ene
True,True,False,False,Bis((N(1)-methyl-N(2)-methylsulfonyl)guanidinylethyl)disulfide
True,True,True,True,"Methanol, (diethylamino)-"
True,False,False,False,"Ketones, C12-branched"
True,True,False,False,4-[(Methylamino)acetyl]morpholine
True,True,True,True,NS00028223
True,True,False,False,4-Methylindan-5-ol
True,False,False,False,Methyl 1-methoxybicyclo[2.2.2]oct-5-ene-2-carboxylate
True,True,True,True,1-Aminocinnamic acid hydrochloride
True,True,False,False,"2,3-Dihydro-1-hydroxy-1H-phosphole 1-oxide"
True,True,True,True,JWH-250 4-Hydroxypentyl metabolite
True,True,True,True,"1,2,3,4-Tetrahydro-4-methylnaphthalen-1-one"
True,False,False,False,"Pentanoic acid, phenylmethyl ester"
True,True,False,False,"2,5-Dimethyl-1-(2-thienylmethyl)pyrrole-3-carboxylic acid"
True,False,False,False,"Cyclohexyl(2,2-dimethoxyethyl)ammonium chloride"
True,True,True,True,Ethylphenylacetylurea
True,True,True,True,Pectin
True,True,False,False,Isoxaben
True,False,False,False,"Propanenitrile, 3-[[2-(acetyloxy)ethyl][4-[(6-nitro-2-benzothiazolyl)azo]phenyl]amino]-"
True,True,False,False,NS00044080
True,True,False,False,4-Amino-o-anisic acid
True,True,False,False,"2-Butyl-5,6-dihydro-3-methylpyrazine"
True,True,True,True,"8-Oxiranyloctane-1,2-diol"
True,True,True,True,1-(4-(Phenylthio)phenyl)ethan-1-one
True,True,True,True,Methyl 5-methoxy-2-(3-methoxyphenoxy)benzoate
True,True,True,True,"5-Nitro-2,6-dioxo-1,2,3,4-tetrahydropyrimidine-4-carboxylic acid"
True,False,False,False,1-Acetylpyrrolidine-2-ethanol
True,True,True,True,1-(Ethylamino)propan-2-ol
True,True,True,True,"Glycine, N,N-dimethyl-, ethyl ester"
True,True,True,True,N-(2-Aminoethyl)glycine
True,True,False,False,Methyl 6-methylcyclohex-3-ene-1-carboxylate
True,True,True,True,DL-tryptophan
True,True,False,False,"4-Isopropyl-1,3-cyclohexanedione"
True,False,True,True,Octahydro-1H-indole
True,True,False,False,3-Butyl-2-hydroxy-2-cyclopenten-1-one
True,True,True,True,1-Chloro-3-phenoxypropan-2-ol
True,False,True,True,"(1,1-Dimethylethyl)urea"
True,True,False,False,Vinyl 3-butenoate
True,True,False,False,"17-Methyl-7,8-didehydro-4,5-epoxymorphinan-3,6-diyl dipropanoate"
True,False,False,False,5-Methylisatin
True,True,False,False,TP2/N-Ethylcyclohexylamine
True,True,False,False,1-Ethyl-4-methylquinolinium toluene-p-sulphonate
True,False,False,False,N-(4-(Piperidin-1-ylsulphonyl)phenyl)acetamide
True,False,False,False,4-(P-Tolyl)-2-butanone
True,False,True,True,"TP3/1,2-Ethanediamine, N,N,N'-tris(2-aminoethyl)-"
True,True,False,False,Triadimenol
True,False,False,False,N-(4-Hydroxy-2-methylphenyl)acetamide
True,False,False,False,618-311-0
True,True,True,True,"3Î±,7Î±-Dihydroxy-12-oxo-5Î²-cholan-24-oic acid"
True,False,False,False,"Benzaldehyde, 4-butoxy-"
True,False,False,False,Albuterol
True,True,False,False,(E)-9-Octadecenoic acid
True,False,False,False,"N1-[2-(4-Pyridyl)ethyl]-2,2,2-trifluoroacetamide"
True,True,True,True,Ethyl (E)-2-decen-4-ynoate
True,True,True,True,Dimepranol
True,True,False,False,Tris(2-hydroxyethyl)ammonium chloride
True,False,True,True,Pantothenic acid
True,True,False,False,(Tetrahydro-2-furyl)methyl butyrate
True,True,True,True,"Cyclopropanecarbonyl chloride, 3-(2-chloro-3,3,3-trifluoro-1-propen-1-yl)-2,2-dimethyl-"
True,False,False,False,Acetamidine monoacetate
True,True,False,False,"5-Methyl-3-(1,1,3,3-tetramethylbutyl)pyrocatechol"
True,False,False,False,Disodium hydroxy(sulfonato)acetate
True,False,False,False,Fosamprenavir
True,False,True,True,2-Amino-4-methoxy-but-3-enoic
True,True,False,False,2-Propylheptan-1-al
True,False,False,False,Sodium 2-hexyl-5-hydroxycyclopentaneheptanoate
True,False,True,True,"Benzeneethanamine, N,N-dibutyl-, hydrochloride"
True,True,False,False,Oct-1-en-3-one
True,False,False,False,3-Hydroxy-2-[({3-hydroxy-2-methyl-5-[(phosphonooxy)methyl]pyridin-4-yl}methyl)amino]butanoic acid
True,False,False,False,Ethyl N2-acetyl-L-argininate
True,False,False,False,"(E)-1-(1,1-dimethylethoxy)-3,7-dimethylocta-2,6-diene"
True,True,False,False,2-Ethylpentadecanoic acid
True,False,False,False,Prostaglandin A1
True,True,True,True,Methyl caffeate
True,True,True,True,N-Allylacetamide
True,False,False,False,6-Methoxy methylone
True,False,False,False,"1,2-Dimethyl-5-(trifluoromethyl)-1H-benzimidazole"
True,False,False,False,NS00072212
True,False,False,False,"Ethanamine, 2-methoxy-N-(2-methoxyethyl)-"
True,False,False,False,"Benzoic acid, 2-[(octadecylamino)carbonyl]-, monosodium salt"
True,False,False,False,4-(4-Methoxyphenyl)-2-butanone
True,False,False,False,"1,4:3,6-Dianhydro-D-glucitol 2-nitrate"
True,True,False,False,6-Mercaptopurine
True,True,True,True,"4-[[4-(Diphenylmethyl)piperazin-1-yl]methyl]-N-methylbenzene-1,2-diamine"
True,True,True,True,"Butane-1,3-dithiol"
True,True,False,False,"Myristic acid, compound with 2-aminoethanol (1:1)"
True,True,True,True,"2'-Methyl(1,1'-biphenyl)-3-ol"
True,True,True,True,"1,5-Benzothiazepin-4(5H)-one, 2,3-dihydro-2,3-dimethyl-"
True,True,True,True,"1,1-Dimethoxy-3-phenylpropane"
True,True,False,False,Sodium (R)-(4-hydroxyphenyl)(phenylacetamido)acetate
True,False,False,False,NS00099796
True,False,False,False,Tris(bicyclo[2.2.1]hept-5-en-2-ylmethoxy)phosphine
True,True,True,True,Pentaethylene glycol
True,False,False,False,Dibutyl sulphite
True,True,False,False,Ethyl 11-cyclopent-2-enylundecanoate
True,True,False,False,N-sec-butyl-D-gluconamide
True,True,True,True,N-methyl-N-vinylformamide
True,False,False,False,"Lup-20(29)-en-28-oic acid, 3-hydroxy-, (3ß)-"
True,False,False,False,"Benzene, (2,2-diethoxyethoxy)-"
True,True,True,True,1-Tert-butyl L-glutamate
True,False,False,False,"Benzenamine, N,N-dimethyl-2-nitro-"
True,True,True,True,"N-(tert-butoxycarbonyl)-S-(p-methoxybenzyl)-L-cysteine, compound with dicyclohexylamine (1:1)"
True,True,True,True,4-{[(1H-Benzotriazol-1-yl)methyl]sulfamoyl}benzoic acid
True,False,False,False,Sodium isostearoyl-2-lactylate
True,False,False,False,"2-Cyclohexen-1-one, 4-ethynyl-4-hydroxy-3,5,5-trimethyl-"
True,True,False,False,IN-70942
True,False,False,False,"TP1/Ethanol, 2,2'-[[4-[(2-chloro-4-nitrophenyl)azo]phenyl]imino]bis-"
True,True,True,True,"1-Propanone, 1-(4-ethylphenyl)-2-hydroxy-2-methyl-"
True,False,False,False,"2,3-Epoxypropyl 4-(2-methoxyethyl)phenyl ether"
True,True,False,False,Tert-Butyl phenyl glycidyl ether
True,True,True,True,Benzyl lactate
True,True,False,False,"Beta,beta,5,5-Tetramethyl-1,3-dioxane-2-ethanol"
True,False,False,False,S-Methyl 4-methylpentanethioate
True,False,False,False,1-(Allyloxy)-3-methoxypropan-2-ol
True,False,False,False,"Salicylic acid, compound with 1-butyl-1H-imidazole (1:1)"
True,False,False,False,"1,3-Benzenedicarboxamide, 5-nitro-"
True,False,False,False,Ertapenem
True,True,True,True,Hydroquinone dimethyl ether
True,False,False,False,AY 16804
True,False,False,False,2-Butoxyethyl acrylate
True,False,False,False,2-(Dodecyloxy)ethanol
True,False,False,False,4-Aminobutanoic acid
True,True,True,True,3-Phenoxypropyl methacrylate
True,True,True,True,Benzylmorphine
True,True,False,False,"Propanedinitrile, [[4-[[2-(4-cyclohexylphenoxy)ethyl]ethylamino]-2-methylphenyl]methylene]-"
True,False,False,False,Ammonium 1-carboxylatoethyl stearate
True,False,False,False,"Benzene, (3,3-dimethoxy-1-propenyl)-"
True,False,False,False,"2,4-Dimethyl-1H-pyrrole-3-carboxylic acid ethyl ester"
True,False,False,False,"2,4-Diamino-5-cyano-6-bromopyridine"
True,False,False,False,"3,5-Diethyl-1-phenyl-2-propyl-1,2-dihydropyridine"
True,False,False,False,N-[(dimethylamino)propyl]methacrylamide
True,False,False,False,TP1/Methyl 2-bromohexanoate
True,True,True,True,Nonanediyl diacetate
True,False,False,False,3-(Hexyloxy)-2-oxopropionaldehyde
True,False,False,False,"Propane, 1,1,3,3-tetramethoxy-"
True,False,False,False,"2-Naphthalenol, 8-amino-"
True,True,True,True,1-[5-Nitro-2-(1-pyrrolidinyl)benzyl]-1H-imidazole
True,True,False,False,Chanoclavine
True,False,False,False,"Guanosine cyclic 3',5'-(hydrogen phosphate) 2'-(hydrogen succinate)"
True,True,True,True,"2,2-Bis(hydroxymethyl)-1,3-propanediyl dioctanoate"
True,True,False,False,Tetramethyloxamide
True,True,True,True,5-Bromo-DL-tryptophan
True,False,False,False,"2-(Hydroxymethyl)-1,2-benzisothiazol-3(2H)-one 1,1-dioxide"
True,False,False,False,Ternidazole
True,False,False,False,"TP1/Tris(2,3-dibromopropyl) phosphate"
True,False,False,False,"Octahydro-5-hydroxy-4,7-methano-1H-indenecarboxylic acid"
True,False,False,False,"2,6-Dimethylaniline"
True,True,True,True,"Benzaldehyde, 4-ethoxy-3-hydroxy-"
True,True,True,True,2-Methylpentane-2-thiol
True,False,True,True,"O,O-dibutyl hydrogen phosphate, compound with 2-aminoethanol (1:1)"
True,False,False,False,"Decyl dihydrogen phosphate, compound with 2,2'-iminodiethanol (1:2)"
True,True,False,False,"Copper trifluoromethanesulphonate, compound with benzene (2:1)"
True,False,False,False,"2,4-Dichloro-6-methoxyanilinium chloride"
True,True,True,True,2-Isopropylthiazole
True,True,True,True,1-Amino-2-methylbutan-2-ol
True,False,False,False,3-Amino-N-(isopropyl)benzamide
True,True,False,False,"1,3,3-Trimethylspiro[bicyclo[2.2.1]heptane-2,2'-[2H]pyran]-4'(3'H)-one"
True,True,False,False,1-Pentene
True,False,False,False,6-Oxochelidonine
True,True,True,True,3-Hydroxy-2-methylpropiononitrile
True,True,True,True,1-Nitro-2-carboxyanthraquinone
True,False,False,False,"2,3,4,9-Tetrahydro-8-methyl-1H-carbazole"
True,True,False,False,Alpha-Eleostearic acid
True,True,False,False,4-Fluorophenyl 1-(2-isothiocyanatoethyl)piperidin-4-yl ketone
True,False,False,False,"Propanamide, 3,3'-dithiobis[N-methyl-"
True,False,False,False,"1,1-Bis[(dimethylamino)methyl]propyl benzoate monohydrochloride"
True,False,True,True,"Ethanone, 1-(6-methyl-3-pyridinyl)-"
True,True,True,True,Mercury bis(trifluoroacetate)
True,True,False,False,"Lactic acid, compound with N-benzyl-1-methyl-N-phenylpiperidin-4-amine (1:1)"
True,False,False,False,"Calcium bis[3-(2,2-dichlorovinyl)-2,2-dimethylcyclopropanecarboxylate]"
True,False,False,False,5-Phenylvaleric acid
True,False,False,False,"Morpholine, 4-(1-cyclohexen-1-yl)-"
True,False,False,False,"5,9-Dimethyldeca-2,4,8-trienal"
True,False,False,False,"1,9-Dimethylphenanthrene"
True,True,False,False,5-Methyl-1H-4-carboxylic acid
True,True,False,False,Diethyl chloromalonate
True,True,True,True,1-Butyl-2-hydroxy-guanidine
True,True,True,True,"3,3,5-Trimethylcyclohexanone"
True,False,False,False,2-(Dimethylamino)propan-1-ol
True,False,False,False,"(2S)-2-Amino-3-hydroxy-N'-[(2,3,4-trihydroxyphenyl)methyl]propanehydrazide (non-preferred name)"
True,True,True,True,4-Pyrrolidin-1-ylbutyronitrile
True,True,False,False,NS00094014
True,True,False,False,"3-Pentofuranosyl-3H-imidazo[4,5-b]pyridin-7-amine"
True,True,False,False,13-(Cyclopent-2-enyl)tridecanoic acid
True,False,False,False,"N,N-Diisobutylisononylamine"
True,False,False,False,1-Methyltryptophan
True,False,False,False,"Benzyldiethyl[2-[4-(1,1,3,3-tetramethylbutyl)phenoxy]ethyl]ammonium acetate"
True,True,True,True,TP1/N-(2-Methoxyphenyl)-3-oxobutanamide
True,True,True,True,6-Ethyl-3-methyloct-6-en-1-ol
True,False,False,False,"Methyl 5-(2,2-dicyanovinyl)-2,4-dimethoxybenzoate"
True,False,False,False,Methyl 2-oxo-1-pentylcyclopentanecarboxylate
True,False,False,False,(Bicyclo[2.2.1]hept-5-en-2-yl)methyl acrylate
True,True,False,False,Chalcogran
True,True,False,False,".Beta.-Alanine, N-tetradecyl-"
True,False,False,False,"{3,8-Dihydroxy-2,6-dioxabicyclo[3.2.1]octan-4-yl}oxidanesulfonic acid"
True,True,True,True,"Trans-2-bromomethyl-1,3-dioxolane-4-methanol"
True,False,False,False,NS00091655
True,False,False,False,Diethyl pentylmalonate
True,True,False,False,(2-Hydroxyethyl) hydrogen succinate
True,False,False,False,17ß-Hydroxy-2-(hydroxymethylene)androst-4-ene-3-one
True,True,True,True,1-(Thiazol-2-yl)piperazine
True,False,False,False,"3,4-Dihydrocoumarin"
True,False,False,False,"9-Octadecenamide, N-[2-(2-hydroxyethoxy)ethyl]-, (9Z)-"
True,False,False,False,"2-[(2-Cyclopropylphenoxy)methyl]-4,5-dihydro-1H-imidazolium chloride"
True,True,False,False,"Dihydro-3-tetradecylfuran-2,5-dione"
True,False,True,True,"Glycine, N-acetyl-N-phenyl-"
True,False,False,False,Lithium butylnaphthalenesulphonate
True,True,False,False,TP3/Irganox 1010
True,True,False,False,"[1S-[1alpha,1(E),4alpha,6beta]]-1-(5-Hydroxy-3-methyl-3-penten-1-ynyl)-2,2,6-trimethyl-1,4-cyclohexanediol"
True,True,True,True,[2-(Elaidoylamino)ethyl]ethyl(2-hydroxyethyl)ammonium ethyl sulphate
True,True,False,False,Ethyl cyclopent-1-ene-1-acetate
True,False,True,True,"1,3,5-Tri(tert-butyl)-2-nitrobenzene"
True,False,False,False,1-Acetyl-3-methylpiperidine
True,False,False,False,4-{2-[4-(2-Aminoethyl)piperazin-1-yl]pyridin-4-yl}-n-(3-chloro-4-methylphenyl)pyrimidin-2-amine
True,True,False,False,"3,6-Octadienal, 3,7-dimethyl-"
True,True,False,False,"(5Z,8Z,11Z,14Z,17Z)-Eicosapentaenoic acid"
True,False,False,False,Brallobarbital
True,True,True,True,"2,6-Dimethylbenzoyl chloride"
True,False,False,False,N-benzylidene-m-toluidine
True,True,True,True,"1H-Imidazole-4,5-dimethanol, 2-phenyl-"
True,False,False,False,Sodium 5-[[4-acetamido-2-(trifluoromethyl)phenyl]azo]-6-amino-4-hydroxynaphthalene-2-sulphonate
True,True,True,True,"10,11-Dihydro-5-nitroso-5H-dibenz[b,f]azepine"
True,False,True,True,NS00069968
True,True,True,True,"2,6-Diethylaniline"
True,True,True,True,"3,5,5-Trimethylhexanal"
True,False,False,False,"2-Amino-1,5-dihydro-7-methylpteridine-4,6-dione"
True,True,False,False,5-Methylbicyclo[2.2.1]hept-2-ene
True,False,False,False,(S)-Rolipram
True,False,False,False,Alpha-Ecdysone
True,True,False,False,"3,4-Diaminotoluene"
True,True,False,False,3-(Hexyloxy)propiononitrile
True,False,False,False,Diethyl[2-[3-(p-methoxyphenyl)-2-phenylpropionyloxy]ethyl]ammonium chloride
True,False,True,True,Bacilysin
True,True,True,True,4-Cycloocten-1-yl isovalerate
True,True,False,False,"1,3-Diphenylacetone oxime"
True,True,False,False,N-(3-aminophenyl)-3-oxobutyramide monohydrochloride
True,False,False,False,Fluazuron
True,True,False,False,"Benzonitrile, 4-[[(4-butoxyphenyl)methylene]amino]-"
True,True,False,False,2-Methyl-1-(4-methyl-3-cyclohexen-1-yl)pent-1-en-3-ol
True,True,True,True,"1,3-Benzenediol, 4-amino-"
True,False,False,False,Enanthamide
True,True,True,True,2-(4-Methyl-3-cyclohexen-1-yl)propenyl acetate
True,True,True,True,N-(5-hydroxy-2-methylphenyl)acetamide
True,True,False,False,"2,3-Bis(2,4-dimethylphenoxy)propan-1-ol"
True,False,False,False,Mepixanox
True,True,False,False,"2-Ethyl-N,N,3-trimethylvaleramide"
True,False,False,False,4-{4-[(Prop-1-en-2-yl)oxy]benzene-1-sulfonyl}phenol
True,True,True,True,"3-(2-Amino-4,5,6,8-tetrahydro-4,6-dioxopteridin-7(3H)-ylidene)-2-oxopropionic acid"
True,True,False,False,Octadecenylsuccinic acid
True,True,True,True,"1,3-Benzodioxol-5-amine, N-ethyl-"
True,True,False,False,Niflumic acid met 33 -429
True,False,False,False,NS00101981
True,True,True,True,Glucose
True,False,True,True,"Benzeneacetaldehyde, oxime"
True,True,True,True,Diethyl methyl(phenyl)malonate
True,False,False,False,"17-(Methoxymethyl)-15-methyltetracyclo[8.7.0.0²,?.0¹¹,¹?]heptadeca-2,4,6-triene-5,14-diol"
True,False,False,False,NS00086944
True,True,False,False,NS00079357
True,True,True,True,4-Methoxysalicylic acid
True,True,False,False,"4-(But-1-en-1-yl)-15-methyltetracyclo[8.7.0.0²,?.0¹¹,¹?]heptadeca-2,4,6-triene-5,14-diol"
True,False,False,False,"(5S,9R)-14-(hydroxymethyl)-5,9-dimethyltetracyclo[11.2.1.01,10.04,9]hexadec-14-ene-5-carboxylic acid"
True,False,False,False,"3,5-Dimethylaniline"
True,True,True,True,2-Methylallyl 2-methylbutyrate
True,True,True,True,Dinitrodenafil
True,True,True,True,"2 Amino-2-(4-tert-butyl-2-ethoxyphenyl)ethyl 2',6'-difluorobenzoate hydrochloride"
True,False,False,False,NS00047786
True,False,False,False,Glucosamine-6-P
True,False,False,False,Ethyl 3-methyl-3-(4-methylpent-3-enyl)oxirane-2-carboxylate
True,False,False,False,"Bis[1,3-dimethyl-2-[[4-(methylamino)phenyl]azo]-1H-imidazolium] tetrachlorozincate(2-)"
True,True,False,False,Cyclopentanemethylamine
True,True,True,True,"RH-6467 4-(4-chlorophenyl)-2-(methyl-1H-1,2,4-triazole)-4-oxo-2-phenyl butane nitrile"
True,True,True,True,"2,2'-Azobis[2-methylpropionamidine] diacetate"
True,True,False,False,Isobutylmethylxanthine
True,True,True,True,"1-[(2,2,6-Trimethylcyclohexyl)oxy]pentan-2-ol"
True,True,True,True,Venlafaxine met 8 - 309
True,False,False,False,Resmethrin
True,False,False,False,Sodium dodecylbenzenesulfonate
True,False,False,False,"Butanedioic acid, 2,3-dihydroxy- (2R,3R)-, copper(2+) salt (1:1)"
True,False,False,False,"1-Butanamine, 3-methyl-"
True,True,True,True,N1-{1-[5-(tert-Butyl)-1H-benzo[d]imidazol-2-yl]-2-(4-fluorophenyl)vinyl}benzamide
True,False,False,False,Parasorbic acid
True,True,False,False,TP2/Octadecyl isocyanate
True,True,True,True,N-methylene-tert-butylamine
True,False,False,False,Phenyl diphenylcarbamate
True,False,False,False,Isopolinate
True,False,True,True,"1H-Indole-2-carboxylic acid, 7-nitro-"
True,True,False,False,4-Vinylcyclohexan-1-ol
True,False,False,False,5-Hydroxyindole-2-carboxylic acid
True,True,True,True,"Benzenamine, N,N-diethyl-2-methyl-"
True,False,False,False,"1-Propanamine, N,2-dimethyl-"
True,True,True,True,Benzyldimethyl(tridecyl)ammonium chloride
True,False,False,False,TP1/2-Propyl-1-heptanol
True,True,True,True,Ethyl 4-aminopiperidine-1-carboxylate monohydrochloride
True,True,False,False,"Dibenz[a,h]acridine"
True,False,False,False,"4-Methoxy-2,3,6-trimethylbenzaldehyde"
True,True,False,False,"11-[3-(Dimethylamino)propyl]-6,11-dihydrodibenz[b,e]oxepin-11-ol"
True,False,True,True,(R)-(thien-2-ylcarbonyl)propionic acid
True,False,False,False,4-(3-Phenylpropyl)pyridine
True,False,False,False,"2-Hydroxy-3-(phosphonooxy)propyl (9Z,12Z)-octadeca-9,12-dienoate"
True,True,False,False,"2,6-Diallylphenol"
True,False,False,False,4'-Methoxybutyrophenone
True,False,True,True,"Ethanone, 1-phenyl-, oxime"
True,True,True,True,3-(Oxalyl-amino)-naphthalene-2-carboxylic acid
False,True,True,True,"4-Methylpyridine-2,5-diamine dihydrochloride"
False,True,False,False,"Butanal, 4-hydroxy-"
False,True,True,True,"4,4A,5,6,7,8-hexahydro-4a,5-dimethylnaphthalen-2(3H)-one"
False,True,True,True,Cefetamet pivoxil
False,True,True,True,Racemosin
False,True,False,False,Methyl L-norvalinate--hydrogen chloride (1/1)
False,True,True,True,"4-(Isopropyl)-a,ß-dimethylcyclohexylpropan-1-ol"
False,True,False,False,Tert-Butyl L-alaninate
False,True,False,False,Ethyl 3-[2-bromo-4-(trifluoromethyl)phenyl]-2-cyanoacrylate
False,True,True,True,"1-{2-[4-(Diethylamino)phenyl]hydrazono}-1,2-dihydronaphthalen-2-one"
False,True,True,True,TP4/3-[(3Z)-Hex-3-en-1-yloxy]propanenitrile
False,True,False,False,"4,5-Dihydro-2-vinyl-1H-imidazole"
False,True,True,True,(2-Hydroxyethyl)ammonium 2-(dodecyloxy)ethyl sulphate
False,True,False,False,Cinnamaldehyde oxime
False,True,True,True,"Amines, tallow, 5+2 EO (R=CH3)"
False,True,True,True,Roxatidine
False,True,True,True,Isobutyl phenyl carbonate
False,True,False,False,"TP1/1-Propanol, 3-amino-2,2-dimethyl-"
False,True,True,True,2-Heptyltetrahydrofuran
False,True,False,False,"Oxazolidine, 2-ethyl-3-methyl-"
False,True,False,False,"Ethyl N,N-dimethyl-ß-alaninate"
False,True,True,True,TP1/Butyl salicylate
False,True,True,True,1-Benzhydrylpiperazinium acetate
False,True,False,False,4-Hydroxy-3-[[2-methyl-5-[(phenylamino)sulphonyl]phenyl]azo]naphthalene-2-sulphonic acid
False,True,False,False,"1,6-Octadiene, 3-(1-ethoxyethoxy)-3,7-dimethyl-"
False,True,False,False,"1,2,4,5-Tetramethyl-3,6-dinitrobenzene"
False,True,False,False,2-[(Dimethylamino)methyl]cyclohexanone
False,True,False,False,"Propane, 2-methyl-2-nitro-"
False,True,False,False,1-[2-(1-{4-[(4-Carbamoylpiperidin-1-yl)methyl]phenyl}-n-methylformamido)ethyl]piperidin-4-yl n-(2-phenylphenyl)carbamate
False,True,False,False,N-hexyl-N-(3-phenylpropyl)hexan-1-amine
False,True,True,True,Prostaglandin F2α 1-11-lactone
False,True,True,True,"3,4-Furandicarboxylic acid, diethyl ester"
False,True,False,False,3-(Prop-2-Ene-1-Sulfinyl)-Propene-1-Thiol
False,True,True,True,Tert-Butyl perbenzoate
False,True,True,True,5-Isopropyl-m-cresol
False,True,False,False,N-(4-Fluorophenyl)-N-[1-(2-phenylethyl)-4-piperidinyl]-2-furamide
False,True,True,True,1-Phenylcyclopropanecarbonitrile
False,True,False,False,1-Methylpyrrolidine-2-methanol
False,True,True,True,"2,5-Diethoxy-4-(pyrrolidin-1-yl)benzenediazonium tetrafluoroborate"
False,True,True,True,2-Fluoro-6-nitrotoluene
False,True,True,True,"Ethanol, 2,2'-iminobis-, diacetate (ester)"
False,True,False,False,N-[3-(Dimethylamino)propyl]-perfluoropropane-1-sulfonamide (Am-PFSM n=3)
False,True,True,True,Sodium isooctyl phthalate
False,True,True,True,"2',3',4'-Trimethoxyacetophenone"
False,True,True,True,"4-Methyl-1,5-heptadiene"
False,True,True,True,Ropinirole
False,True,False,False,MPBP
False,True,False,False,Fosfocreatinine
False,True,False,False,Cobalt dinicotinate
False,True,True,True,Picoxystrobin metabolite 13
False,True,False,False,Deschloro-N-ethyl-ketamine
False,True,True,True,Tris(2-phenoxyethyl) phosphite
False,True,False,False,"Ethyl 3,5-dimethoxybenzoate"
False,True,True,True,GLYCERYL LINOLENATE
False,True,True,True,Tert-Butyl phenyl carbonate
False,True,False,False,Ethyl 2-methylnicotinate
False,True,False,False,1-Butyl-4-piperidone
False,True,True,True,"Pentanenitrile, 4,4-dimethyl-3-oxo-"
False,True,True,True,Dobutamine hydrobromide
False,True,True,True,D-(+)-Pipecolinic acid
False,True,False,False,NS00073840
False,True,False,False,"Diethyl cyclopropane-1,1-dicarboxylate"
False,True,False,False,Ethyl 2-acetyl-3-oxodecanoate
False,True,False,False,5-(Diethylamino)pent-3-yn-2-ol
False,True,False,False,MGDA (MethylglycindiessigsÃ¤ure)
False,True,True,True,6-(Pent-3-en-1-yl)tetrahydro-2H-pyran-2-one
False,True,False,False,"N-[1-[3-[2-(4-fluorophenyl)-1,3-dioxolan-2-yl]propyl]piperidin-4-yl]benzene-1,4-diamine"
False,True,True,True,Mmi-175
False,True,True,True,(R)-2-(4-Nitrophenyl)oxirane
False,True,True,True,"3H-1,2,3-Triazolo[4,5-b]pyridine, 3-hydroxy-"
False,True,True,True,"Benzonitrile, 2,6-dimethoxy-"
False,True,True,True,"TP1/1,3-Isobenzofurandione, hexahydro-4-methyl-"
False,True,True,True,"Disodium 3-[2-(2-carboxylatoethoxy)ethyl]-2-heptyl-2,3-dihydro-1H-imidazole-1-propionate"
False,True,False,False,Tricyclohexyl(dithiocarboxylato)phosphonium
False,True,False,False,NS00013811
False,True,False,False,Hexyl dihydrogen phosphate
False,True,False,False,"5-Dodecene, (e)-"
False,True,True,True,Cubenol
False,True,False,False,Revenast
False,True,True,True,N-(2-(Dimethylamino)ethyl)methacrylamide
False,True,True,True,N-(diphosphonomethyl)glycine
False,True,False,False,NS00103234
False,True,False,False,"4-(4-Methylpiperazin-1-yl)-n-{5-[2-(thiophen-2-yl)acetyl]-1h,5h-pyrrolo[3,4-c]pyrazol-3-yl}benzamide"
False,True,True,True,3-Ethylheptane
False,True,True,True,7-{[(Cyclohexylamino)carbonyl]amino}heptanoic acid
False,True,True,True,1-Piperidinoacetone
False,True,False,False,"3-(1-Pyrrolidinyl)propane-1,2-diol"
False,True,False,False,4-[2-(Methoxycarbonyl)anilino]-4-oxobut-2-enoic acid
False,True,False,False,2-Methylcyclohexylamine
False,True,False,False,Polyglycerin-3
False,True,True,True,NS00045811
False,True,False,False,"2-(3,3-Dimethylbicyclo[2.2.1]hept-2-ylidene) ethanol."
False,True,True,True,"Trans-4,5-dihydro-2,4,5-trimethyloxazole"
False,True,True,True,3-Methylpiperidin-2-one
False,True,True,True,"2H-1-Benzopyran-2-one, 7-(diethylamino)-"
False,True,True,True,NS00100442
False,True,False,False,"6-Phenyl-1,3,5-triazine-2,4(1H,3H)-dione"
False,True,False,False,Propyl-2-thiourea
False,True,False,False,"Iso-C13 Alcohol, 3 EO"
False,True,False,False,4-Methoxyphenethylamine
False,True,False,False,Guanidinopropionic acid
False,True,True,True,2-[(1-Methylheptyl)amino]ethanol
False,True,True,True,"5-Nitro-m-xylene-alpha,alpha'-diol"
False,True,True,True,"(E)-N,N,N',N'-tetramethylbut-2-ene-1,4-diamine"
False,True,True,True,6-Chloro-1H-indazol-3-amine
False,True,True,True,N-(1-oxobutyl)glycine
False,True,False,False,"N,N-Dimethylacrylamide"
False,True,False,False,&lt;U+03B3&gt;-oxo-a-phenylbenzenebutyronitrile
False,True,True,True,"2-Propenamide, N-[3-(dimethylamino)propyl]-"
False,True,False,False,"5-Methoxyoctahydro-1H-4,7-methanoindene-2-carbaldehyde"
False,True,True,True,Isograyanotoxin II
False,True,True,True,"Aspartic acid, 1,4-diethyl ester"
False,True,True,True,Nonivamide
False,True,True,True,Metallibure
False,True,True,True,"3-Methylcyclopentane-1,2-dione"
False,True,True,True,"(2S,4s)-Alpha-Campholinic Acid"
False,True,True,True,"2-Ethylhexane-1,2,3-triol"
False,True,True,True,"3,3-Dichloro-5-ethyldihydrofuran-2(3H)-one"
False,True,False,False,"Acetamide, N-[2-(tetradecyloxy)phenyl]-"
False,True,True,True,NS00103475
False,True,False,False,N-ethyl-2-hydroxypropionamide
False,True,False,False,Fenpyroximate M-6
False,True,True,True,5-Allyl-5-(2-cyclopenten-1-yl)barbituric acid
False,True,True,True,Ethyl phenethyl carbonate
False,True,True,True,Crystal Violet ion(1+)
False,True,True,True,NS00091152
False,True,False,False,NS00042377
False,True,False,False,(Butyl)[2-(diethylammonio)ethyl](1-naphthoyl)ammonium hydrogen citrate
False,True,False,False,"(E,E)-1,5-Dideoxy-1,5-(hexa-2,4-dien-1-ylimino)-D-glucitol"
False,True,True,True,"1-[(5A,7a)-4,5-epoxy-18,19-dihydro-3,6-dimethoxy-17-methyl-6,14-ethenomorphinan-7-yl]ethanone"
False,True,False,False,Ethylene bis(cyanoacetate)
False,True,True,True,4-Amino-m-cresol
False,True,True,True,"4,5-Dihydro-2-propyloxazole"
False,True,True,True,5:2 Fluorotelomer carboxylic acid
False,True,True,True,12-Methoxyibogamine
False,True,False,False,1-[4-(1-Aminoethyl)phenyl]-2-(tert-butylamino)ethan-1-ol
False,True,True,True,"TP1/1,2-Diethoxybenzene"
False,True,False,False,Ethyl 2-phenylbicyclo[2.2.1]hept-5-ene-2-carboxylate
False,True,True,True,N-Phenyl-2-naphthylamine
False,True,True,True,Sodium 2-methoxy-4-(1-propenyl)phenolate
False,True,True,True,"2-[2-(4-Hydroxy-3,5-dimethoxyphenyl)diazen-1-yl]benzoic acid"
False,True,True,True,Butylate
False,True,False,False,Nicocodine [INN:BAN:DCF]
False,True,True,True,Marizomib
False,True,False,False,"2,2'-Dihydroxy-4-methoxybenzophenone"
False,True,False,False,Ethyl 4-piperidinecarboxylate
False,True,True,True,2-Methyl-3-(methylthio)-5-(1-methylvinyl)cyclohexyl acetate
False,True,True,True,Hydroquinidine
False,True,True,True,Tris(3-Chloropropyl)phosphate
False,True,True,True,"1-(4,5-Dihydrooxazol-2-yl)acetone"
False,True,True,True,N-(4-Dodecylphenyl)-3-oxobutyramide
False,True,True,True,Isopentyl p-tolyl ether
False,True,True,True,"2-Methylcyclohexane-1,3-diamine"
False,True,False,False,"4-Piperidinepropanol, 1-(2-hydroxyethyl)-"
False,True,True,True,Methyl glycidyl ether
False,True,False,False,"5-(Methoxymethyl)-2-methylpyrazolo[1,5-a]pyrimidin-7-ol"
False,True,True,True,Taxine I
False,True,False,False,"1-Amino-3-[(1,1-dimethylethyl)(phenylmethyl)amino]propan-2-ol"
False,True,True,True,"(5-Ethyl-1,3-dioxan-5-yl)methanol"
False,True,False,False,(+)-Malic acid
False,True,False,False,NS00079460
False,True,True,True,Hexyl heptanoate
False,True,True,True,NS00028854
False,True,False,False,D-valine
False,True,False,False,"2,4,5-Trichlorophenyl N-[(benzyloxy)carbonyl]-L-valinate"
False,True,False,False,Ethyl 2-benzylacetoacetate
False,True,True,True,Zolmitriptan
False,True,False,False,4-Amino-5-methyl-1H-pyrimidin-2-one hydrochloride
False,True,False,False,"(1-(5-Hydroxypentyl)-1H-indol-3-yl)(2,2,3,3-tetramethylcyclopropyl)-methanone"
False,True,True,True,"TP3/Nonanoic acid, 2,2-bis[[(1-oxononyl)oxy]methyl]-1,3-propanediyl ester"
False,True,True,True,N-Methylpyrrole-2-carboxylic acid
False,True,True,True,5-(Allyloxy)-3-ethoxydihydro-5-methylfuran-2(3H)-one
False,True,True,True,"6-(2-(2-Ethyl-4-methyl-1H-imidazol-1-yl)ethyl)-1,3,5-triazine-2,4-diamine"
False,True,True,True,(R)-(-)-Vigabatrin
False,True,False,False,Sodium hydrogen 9-sulphonatooctadecenoate
False,True,False,False,Dimethachlor CGA 102935
False,True,False,False,Disodium 4-nitrophenyl phosphate
False,True,False,False,NS00064321
False,True,True,True,6-Methylpiperidin-2-one
False,True,False,False,"Methanesulfonamide, N-(2-phenylethyl)-"
False,True,False,False,4-((Ethylamino)methyl)pyridine
False,True,False,False,Trans-4-aminocyclohexan-1-ol
False,True,True,True,"N,N-Dimethyldecylamine oxide"
False,True,False,False,Cis-propenylphosphonic acid
False,True,True,True,"Carbonic acid, compound with 1-(2-methoxyphenyl)piperazine (1:1)"
False,True,True,True,Methyl N-methyl succinamate
False,True,True,True,Cyclobutylammonium chloride
False,True,False,False,Isooctyl hydrogen glutarate
False,True,False,False,Streptonigrin
False,True,True,True,2-Fluorobenzaldehyde
False,True,True,True,Nitracaine
False,True,False,False,Methyl 2-{4-[4-({4-[(4-hydroxyphenyl)(phenyl)methyl]piperidin-1-yl}oxy)butyl]phenyl}-2-methylpropanoate
False,True,False,False,1-Methylindan
False,True,False,False,"1,3-Benzodioxol-5-amine"
False,True,False,False,Benzododecinium
False,True,True,True,"2,4-Dimethylhepta-2,2-dienal."
False,True,False,False,Benazolin
False,True,True,True,"1-Naphthalenamine, N,N-diethyl-"
False,True,False,False,"Butanoic acid, (3-oxo-1(3H)-isobenzofuranylidene)di-4,1-phenylene ester"
False,True,False,False,Rwj-51084
False,True,False,False,NS00077538
False,True,True,True,Dipropylene glycol monoethyl ether
False,True,True,True,N-(N-glycyl-L-leucyl)-L-tyrosine
False,True,False,False,1-(Isopropyl)-4-methylcyclohex-3-en-1-yl acetate
False,True,True,True,Cortisone acetate
False,True,True,True,1-Aminopyridinium iodide
False,True,False,False,"4,8-Dimethyl-4,9-decadienal"
False,True,True,True,Butyl perbenzoate
False,True,False,False,"6-Hydroxy-5a,9-dimethyl-3-methylidene-3a,4,5,5a,6,7,9a,9b-octahydronaphtho[1,2-b]furan-2(3H)-one (Santamarin)"
False,True,True,True,3-Nitrophenylhydrazine
False,True,False,False,"1,3-Dimethylbutylethyl barbituric acid"
False,True,False,False,Bardoxolone
False,True,False,False,"2-(3,4-Dimethoxyphenyl)-5-{[2-(4-hydroxy-3-methoxyphenyl)ethyl]amino}-2-(propan-2-yl)pentanenitrile"
False,True,False,False,"Sodium 2-[[[2,5-dichloro-4-[[4-(diethylamino)-2-methylphenyl]azo]phenyl]sulphonyl]amino]ethanesulphonate"
False,True,True,True,1-(Butylamino)cyclohexylphosphonic acid dibutyl ester
False,True,False,False,2-[(2E)-2-(Nitromethylidene)pyrrolidin-1-yl]acetonitrile
False,True,True,True,Tetroquinone
False,True,True,True,2-Methoxy-1-[(1-methoxypropan-2-yl)oxy]propane
False,True,False,False,C13 Alkyl amidopropyl amine oxide
False,True,True,True,"(Z)-(2,4-difluorophenyl)piperidin-4-ylmethanone oxime monohydrochloride"
False,True,True,True,Alpha-Hydroxybenzeneacetonitrile
False,True,False,False,"Benzoic acid, 3-amino-4-hydroxy-, methyl ester"
False,True,False,False,3-Hydroxy-N-isopropylpyridine-2-carboxamide
False,True,False,False,"N1-(Tris(hydroxymethyl))methyl-4-nitro-1,2-phenylenediamine"
False,True,True,True,Aflatoxicol
False,True,False,False,"Exo-1,7,7-trimethylbicyclo[2.2.1]hept-2-yl acetate"
False,True,True,True,"Pyrazole, 4-amino-3,5-dimethyl-"
False,True,True,True,Megastigmatrienone C
False,True,True,True,O1-Methyl-4-Deoxy-4-Thio-Beta-D-Glucose
False,True,True,True,(+)-D-Cadinene
False,True,False,False,3-(1-Aminoethyl)nonanedioic acid
False,True,True,True,"N,N'-Anthraquinone-1,5-diyldi(oxamic acid)"
False,True,True,True,"2-Piperidinone, 1-methyl-"
False,True,True,True,Sodium D-glycero-D-ido-heptonate
False,True,False,False,"1,3-Dihydro-2H-inden-2-one"
False,True,True,True,Methyl L-prolinate
False,True,True,True,N-3-Thienylglycine
False,True,True,True,"Ethyl 2,3-epoxy-3,7,11-trimethyldodec-10-enoate"
False,True,True,True,4-Nitrophthalimide
False,True,False,False,Epolamine
False,True,False,False,Triazole lactic acid
False,True,False,False,"2-Nonynoic acid, 2-propenyl ester"
False,True,True,True,"Terephthalic acid, diisobutyl ester"
False,True,True,True,Pteleine
False,True,True,True,Guancidine
False,True,True,True,(2-Chloro-1-methylethyl) bis(2-chloropropyl) phosphate
False,True,False,False,"Butanethioic acid, 3-methyl-, S-(1-methylpropyl) ester"
False,True,True,True,Brigatinib
False,True,True,True,"6-(Methoxymethyl)-2-(4-pyridyl)pyrimidin-4-yl N,N-dimethylcarbamate"
False,True,False,False,"5-(3-HYDROXYPHENYL)ISOTHIAZOL-3(2H)-ONE 1,1-DIOXIDE"
False,True,True,True,"1-(2,2-Dimethoxyethoxy)butane"
False,True,True,True,"Acetamide, N-(2-amino-4-nitrophenyl)-"
False,True,True,True,"2,5-Dimethoxy-4-ethylphenethylamine"
False,True,True,True,"3,5-Dichloroanisole"
False,True,True,True,"7,7-Dichloro-a,a,6-trimethylbicyclo[4.1.0]heptane-3-methanol"
False,True,True,True,N-(1-oxododecyl)-L-serine
False,True,True,True,4-Piperidinepropanol
False,True,False,False,"Benzoic acid, compound with 1-methylhexylamine (1:1)"
False,True,True,True,Methyl propanoate
False,True,True,True,2-Chloro-5-(3-chloro-phenyl)-6-[(4-cyano-phenyl)-(3-methyl-3h-imidazol-4-yl)- methoxymethyl]-nicotinonitrile
False,True,True,True,"2,4-Diisopropylphenol"
False,True,True,True,"Ethyl 4,5,6,7-tetrahydro-2-methylbenzothiazole-5-carboxylate"
False,True,True,True,(E)-Hexadec-9-enoic acid
False,True,True,True,"Propanenitrile, 3-(tetradecyloxy)-"
False,True,False,False,Hydroxy-roquefortine C
False,True,False,False,"Thiazole, 4-butyl-5-methyl-"
False,True,True,True,TP1/Lactonitrile
False,True,True,True,"2-Propenoic acid, 2-methyl-, 2-[2-[2-(2-hydroxyethoxy)ethoxy]ethoxy]ethyl ester"
False,True,False,False,A-[(2-methylpropoxy)methyl]pyrrolidine-1-ethanol
False,True,False,False,N-lauryl iminodipropionate
False,True,False,False,Potassium (R)-(4-hydroxyphenyl)[(3-methoxy-1-methyl-3-oxoprop-1-enyl)amino]acetate
False,True,True,True,2-Hydroxyibuprofen
False,True,False,False,Nandrolone decanoate
False,True,True,True,2-Isopropoxycyclohexan-1-ol
False,True,False,False,"N(2),N(5)-Dibenzoyl-L-ornithine"
False,True,True,True,"(E)-2-(3,7-Dimethylocta-2,6-dien-1-yl)cyclopentan-1-one"
False,True,False,False,"N,N-dimethylbenzene-1,2-diamine dihydrochloride"
False,True,False,False,"Ethanone, 1-(2,4,5-trimethoxyphenyl)-"
False,True,True,True,"TP3/Propanenitrile, 3-[[2-(acetyloxy)ethyl][4-[(4-nitrophenyl)azo]phenyl]amino]-"
False,True,False,False,"2-Azepinethione, hexahydro-, (Z)-"
False,True,False,False,"Methyl 10-[(hydroxyamino)carbonyl]-1,4-dioxa-7-azaspiro[4.5]decane-7-carboxylate"
False,True,False,False,2-Decenoic acid
False,True,False,False,"Cis-3-bromodihydro-3,5-dimethylfuran-2(3H)-one"
False,True,False,False,Hexobendine dihydrochloride
False,True,False,False,"Disodium 1-(1,3-dimethylbutyl) 2-sulphonatosuccinate"
False,True,True,True,"N-(4-chloro-2,5-dimethoxyphenyl)-3-hydroxy-4-[[2-methoxy-5-[(phenylamino)carbonyl]phenyl]azo]naphthalene-2-carboxamide"
False,True,True,True,"4-Ethyl-2,5-dimethyloxazole"
False,True,False,False,"1,4-Benzenediamine, 2,5-diethoxy-N-ethyl-"
False,True,False,False,"Acetamide, N-[3-(diethylamino)phenyl]-"
False,True,False,False,"3-Chloro-4-[[4-[[2-(dimethylamino)ethyl]ethylamino]phenyl]azo]-N,N,N-trimethylanilinium acetate"
False,True,True,True,"1,11,12-Trihydroxy-11,20-epoxypicras-3-ene-2,16-dione (Chaparrinone)"
False,True,False,False,2-(Acetyl-hydroxy-amino)-4-methyl-pentanoic acid methyl ester
False,True,True,True,"Benzamide, N-(5-amino-2,4-dimethylphenyl)-"
False,True,False,False,4-Methylbenzaldehyde
False,True,False,False,"9-ß-D-arabinofuranosyl-1,9-dihydro-6H-purin-6-one"
False,True,True,True,"N,N-dibenzyl-3'-isopropyl-2,2'-spirobi[2H-1-benzopyran]-7-amine"
False,True,True,True,"5-(2-{1-[1-(3-Hydroxy-3-methylbutoxy)ethyl]-7a-methyl-octahydro-1h-inden-4-ylidene}ethylidene)-4-methylidenecyclohexane-1,3-diol"
False,True,True,True,"Benzaldehyde, 4-amino-"
False,True,True,True,Intetrix
False,True,True,True,Sonolisib
False,True,True,True,Nybomycin
False,True,False,False,"3-Nonanone, 1-hydroxy-"
False,True,False,False,"Tert-butyl (S)-2-[[(2,5-dioxo-1-pyrrolidinyl)oxy]carbonyl]pyrrolidine-1-carboxylate"
False,True,True,True,Cefroxadine
False,True,False,False,(P-Aminophenoxy)acetic acid
False,True,True,True,Sodium undec-10-enoate
False,True,True,True,Butyl salicylate
False,True,True,True,"TP2/Guanidine, N,N'''-(iminodi-8,1-octanediyl)bis-"
False,True,True,True,"1,3,5-Trioxane, 2,4,6-tripropyl-"
False,True,False,False,2-(3-Phenoxyphenyl)propiononitrile
False,True,True,True,"5-[4-(5-{1-[2-(2-Carbamimidamido-4-methylpentanamido)acetyl]piperidin-4-yl}-1-methyl-1h-pyrazol-3-yl)-2,3-dichlorophenoxymethyl]furan-2-carboxylic acid"
False,True,False,False,2-Tert-Butylphenol
False,True,False,False,"2,2'-(3-Chlorophenylimino)diethanol"
False,True,False,False,Linsitinib
False,True,False,False,NS00050657
False,True,False,False,Imidazole-4-acetic acid
False,True,True,True,"Aconitane-1,8,14-triol, 20-ethyl-16-methoxy-4-(methoxymethyl)-, 14-acetate, (1a,14a,16ß)-"
False,True,True,True,M-aminobenzamidine dihydrochloride
False,True,False,False,17-Methyl-17-alpha-dihydroequilenin
False,True,False,False,Ethyl 4-(ethoxycarbonyl)piperidine-1-acetate
False,True,True,True,Pinacidil
False,True,False,False,"1-(3,4-Xylyl)piperazine"
False,True,False,False,Propyl-3-tert-butylphenoxyacetate
False,True,False,False,Ethylene glycol monovinyl ether
False,True,False,False,"(E)-3,7-dimethylocta-2,6-dienal"
False,True,True,True,"2-Butanone, 4-diethylamino-"
False,True,True,True,Indazole-3-carboxylic acid
False,True,False,False,"TP1/1,3-Bis(isocyanatomethyl)benzene"
False,True,False,False,Iron saccharate
False,True,False,False,Citalopram hydrobromide
False,True,False,False,"N²-Ethyl-N⁴,N⁶-di(propan-2-yl)-1,3,5-triazinane-2,4,6-triimine"
False,True,True,True,Glutarimide
False,True,False,False,"Ethanol, 2,2'-(cyclohexylimino)bis-"
False,True,True,True,"3,7,7-Trimethylbicyclo[4.1.0]hept-3-ene-2-carbaldehyde"
False,True,True,True,Benzidine
False,True,True,True,(Z)-3-hexenyl octanoate
False,True,False,False,Methenamine camphorate
False,True,True,True,4-Aminohex-4-enoic acid
False,True,False,False,Benzyldiethyl[2-[(1-oxoallyl)oxy]ethyl]ammonium chloride
False,True,True,True,5-Methyl-2-(prop-1-en-2-yl)cyclohexanol
False,True,True,True,Decyl isooctyl phthalate
False,True,True,True,1-Naphthyl ß-D-galactopyranoside
False,True,True,True,Irgarol-descyclopropyl
False,True,False,False,O-Chlorophenethylic alcohol
False,True,True,True,"(3S,5R)-ethyl 3-amino-5-methyloctanoate, trifluoro acetic acid salt"
False,True,True,True,"3-(Octadecylamino)propane-1,2-diol"
False,True,True,True,Dicyclopropylketone
False,True,True,True,N-[3-(trifluoromethyl)phenyl]formamide
False,True,True,True,NS00059841
False,True,True,True,TP1/Triethyl phosphate
False,True,True,True,NS00102834
False,True,False,False,1-S-octyl-beta-d-thioglucopyranoside
False,True,True,True,4-Tert-Butylbenzenesulfonamide
False,True,True,True,2-Methylbutanedioyl dichloride
False,True,True,True,"4,4'-Oxybisbutan-2-ol"
False,True,True,True,"N-hydroxy-N,3-diphenylacrylamide"
False,True,False,False,"2'-Hydroxy-4',6'-dimethylacetophenone"
False,True,True,True,NS00045374
False,True,True,True,Phytosphingosine
False,True,False,False,Fluoroquinolonic acid
False,True,False,False,"Disodium 1-amino-4-[(4-chloro-3-sulphonatophenyl)amino]-9,10-dihydro-9,10-dioxoanthracene-2-sulphonate"
False,True,True,True,Propyl benzoate
False,True,True,True,"9-Fluoro-11ß-hydroxy-6a-methylpregna-1,4-diene-3,20-dione"
False,True,False,False,"2,6,10-Trimethylpentadecane"
False,True,True,True,Roquinimex
False,True,True,True,NS00080904
False,True,True,True,4-(2-Aminopropyl)phenol hydrobromide
False,True,True,True,Benzyltributylammonium 4-hydroxynaphthalene-1-sulfonate
False,True,True,True,"2-[2-(1,3-Benzodioxol-5-ylmethylene)hydrazino]-N-(3,4-dimethylphenyl)-2-oxoacetamide"
False,True,False,False,"Propanoic acid, 2-hydroxy-, 2-methylpropyl ester, (2S)-"
False,True,True,True,Etretinate
False,True,True,True,C.I. Pigment Red 187
False,True,False,False,"(2Z)-2-[(1,1-Dimethylethyl)imino]tetrahydro-3-(1-methylethyl)-5-phenyl-4H-1,3,5-thiadiazin-4-one"
False,True,False,False,"(-)-2,3-Dimethylbutane-1,2,3-tricarboxylic acid"
False,True,True,True,"TP4/1,3-Propanediamine, N,N''-1,2-ethanediylbis-"
False,True,True,True,Methyllycaconitine
False,True,True,True,"1-Acetyl-3-(pyridin-3-ylmethylene)tetrahydropyrazine-2,5-dione"
False,True,True,True,O-Tolyl chloroformate
False,True,False,False,(+-)-Norvaline
False,True,False,False,4-Hydroperoxy-2-nonenal
False,True,False,False,N-formyl-L-aspartic acid
False,True,True,True,Triisobutyl citrate
False,True,True,True,Nipecotic acid
False,True,True,True,(+/-) Propylhexedrine
False,True,False,False,3-Oxazolidineethanol
False,True,False,False,5-Aminovaleric acid
False,True,False,False,Diethylmethyl[1-methyl-1-[(2-methyl-1-oxoallyl)oxy]ethyl]ammonium methyl sulphate
False,True,False,False,"TP2/N'-[3-(Dimethylamino)propyl]-N,N-dimethylpropane-1,3-diamine"
False,True,True,True,Cyclohexylammonium stearate
False,True,False,False,"9-(2-Carboxylatophenyl)-3,6-bis(diethylamino)xanthylium"
False,True,True,True,"D,l-vinylglycine"
False,True,True,True,"Bicyclo[2.2.2]oct-5-ene-2-carboxaldehyde, 6-methyl-8-(1-methylethyl)-"
False,True,True,True,"1,1-Diethoxydecane"
False,True,True,True,"Phenol, 2-(2-methyl-2-propenyl)-6-nitro-"
False,True,True,True,1-(1-Methoxyisopropoxy)pent-2-yne
False,True,False,False,(Methylthio)methyl hexanoate
False,True,True,True,"TP1/Cyclododecane, methoxy-"
False,True,True,True,"3-(Prop-2-en-1-onyl)-2,4,4-trimethylcyclohex-2-en-1-one"
False,True,True,True,Quebrachamine
False,True,True,True,"2-Bromo-12'-hydroxy-5'a-isobutyl-2'-isopropylergotaman-3',6',18-trione monomethanesulphonate"
False,True,True,True,"N,N-Bis(2-hydroxyethyl)nonanamide"
False,True,False,False,C-8 Ceramide-1-phosphate
False,True,True,True,4-((4-Aminophenyl)methyl)-2-chloroaniline
False,True,True,True,"Benzenesulfonic acid, 5-(acetylamino)-3-amino-2-methoxy-"
False,True,True,True,Diphenamid
False,True,False,False,"1,2-Benzenediamine, 4,5-dimethyl-"
False,True,True,True,7-Hydroxyflavanone
False,True,False,False,"1,3-Benzenedimethanamine"
False,True,False,False,NS00013001
False,True,True,True,"Morpholine, 4-cyclohexyl-"
False,True,True,True,Pravastatin
False,True,True,True,Tert-Butyl peroxyacetate
False,True,False,False,"TP2/Glycine, N-(2-hydroxyethyl)-N-[2-[(1-oxododecyl)amino]ethyl]-, monosodium salt"
False,True,True,True,2-(Dibutylamino)ethanol
False,True,False,False,"1,2-Dimethyl-5,6-dinitrobenzimidazole"
False,True,True,True,Metolcarb
False,True,False,False,"Phenol, 2-methoxy(2-propenyl)-"
False,True,False,False,1-Naphthol
False,True,True,True,N-(1-cyanoethyl)formamide
False,True,True,True,"4,4-Dimethyl-2-propyl-1,3-dioxolane"
False,True,False,False,2-(2-Butoxyethoxy)ethyl acetate
False,True,True,True,"1-[3-[3,5-Bis(trifluoromethyl)phenyl]-2-propynyl]-4-(tert-butyl)piperidinium chloride"
False,True,False,False,Methyl(6-methyl-2-pyridylmethyl)amine
False,True,True,True,"N,N-dibenzyl-3'-(2-methylpropyl)-2,2'-spirobi[2H-1-benzopyran]-7-amine"
False,True,True,True,2-Acetylpyridine
False,True,False,False,2-Methylundec-1-ene
False,True,False,False,"L-Serine, methyl ester, hydrochloride (1:1)"
False,True,True,True,Veratronitrile
False,True,True,True,NS00113740
False,True,True,True,Lead fumarate
False,True,False,False,"2-Butanone, 4-hydroxy-"
False,True,True,True,"1,2-Epithiocyclohexane"
False,True,True,True,"2,2'-Dithiobis(4-tert-butyl-1-isopropyl-1H-imidazole)"
False,True,True,True,Trans-3'-Hydroxycotinine
False,True,False,False,"1-Deoxy-1-(ethylamino)-D-glucitol, compound with 4-hydroxy-3-iodo-5-nitrobenzonitrile (1:1)"
False,True,False,False,4-[(5-Hydroxy-3-methylisoxazol-4-yl)methylene]-3-methyl-(4H)isoxazol-5-one
False,True,False,False,"Butyric acid, compound with triethylamine (1:1)"
False,True,True,True,Beta-phenyl-d-phenylalanyl-n-propyl-l-prolinamide
False,True,True,True,Sodium 1-aminoethanesulphonate
False,True,False,False,"Benzenamine, 4-butyl-2-nitro-"
False,True,True,True,Prosulfocarb
False,True,False,False,8-Methyl-8-azabicyclo[3.2.1]octan-3-ol
False,True,True,True,"6,10-Dimethylundecen-2-one"
False,True,False,False,1-Tert-Butyl-4-piperidone
False,True,False,False,2-Methyldodecyl acrylate
False,True,True,True,"4-Pyridinecarboxylic acid, ethyl ester"
False,True,True,True,6-Phenylnicotinic acid
False,True,False,False,4-Methyl-2-phenyl-2-pentenal
False,True,True,True,O-(1-methylheptyl)phenol
False,True,True,True,2-Phenylethyl acetate
False,False,True,True,"4,5-Dihydro-2,4-dimethyl-1H-imidazole"
False,False,True,True,8-(Methylsulfonylamino)quinoline
False,False,True,True,Ethyl hept-2-ynoate
False,False,True,True,Ioxynil
False,False,True,True,6-Methyl-N-(6-methyl-2-pyridyl)pyridin-2-amine
False,False,True,True,N'-{[3-(4-Methoxyphenyl)-1H-pyrazol-4-yl]methylene}nicotinohydrazide
False,False,True,True,"Acetamide, N,N-dipropyl-"
False,False,True,True,"3,4-Dimethyl-8-nitroquinoline"
False,False,True,True,"Methyl 3a-[(ethoxycarbonyl)oxy]-7a,12a-dihydroxycholan-24-oate"
False,False,True,True,1-Acetylimidazolidine-2-thione
False,False,True,True,"(1S)-1,3,3-trimethylbicyclo[2.2.1]heptan-2-one"
False,False,True,True,"[5-(4-Amino-2-oxo-1,2-dihydropyrimidin-1-yl)-3,4-dihydroxyoxolan-2-yl]methyl octadec-9-enoate"
False,False,True,True,Ethyltriglycol methacrylate
False,False,True,True,Secobarbital sodium
False,False,True,True,2-Methoxy-3-aminodibenzofuran
False,False,True,True,2-(Heptafluoropropyl)-1H-pyrrole
False,False,True,True,"2,2-Diethoxyethanol"
False,False,True,True,"5-(4-Thiomorpholinyl)-1,2-dihydro-3H-1,2,4-triazol-3-one"
False,False,True,True,TP1/3-Methyl-5-phenylpentanenitrile
False,False,True,True,Ethyl 1-methylpiperidine-2-carboxylate
False,False,True,True,8-Amino-7-oxononanoate | 8-amino-7-oxononanoic acid
False,False,True,True,"1,1'-Biphenyl, 4,4'-dibromo-"
False,False,True,True,Isoquinolin-6-ol
False,False,True,True,TP1/4-Chloro-2-methylanisole
False,False,True,True,5-Octylfuran-2(5H)-one
False,False,True,True,"2,6-Diamino-8-({[2-(dimethylamino)ethyl]sulfanyl}methyl)-1,4-dihydroquinazolin-4-one"
False,False,True,True,"TP1/Morpholine, 4,4'-(1,2-ethanediyl)bis-"
False,False,True,True,"[2-[[[1,1'-Bicyclohexyl]-1-ylcarbonyl]oxy]ethyl]diethylammonium chloride"
False,False,True,True,Methylumbelliferyl-beta-D-xyloside
False,False,True,True,"2-Amino-5-(5,5-diphenylhydantoin-3-yl)valeric acid"
False,False,True,True,Isopropyl dihydrogen phosphate
False,False,True,True,2-[(Acetyloxy)methyl]-4-(benzyloxy)butyl acetate (non-preferred name)
False,False,True,True,(9S)-1-benzyl-9-hydroxycinchonanium chloride
False,False,True,True,Bicyclo[2.2.1]hept-5-ene-2-carbonitrile
False,False,True,True,"N-[4-[(2,6-dichloro-4-nitrophenyl)azo]phenyl]-N-ethyl-N',N'-dimethylethylenediamine monohydrochloride"
False,False,True,True,"1,1'-{Propane-2,2-diylbis[(4,1-phenylene)oxy]}bis(3-chloropropan-2-ol)"
False,False,True,True,"Glycerol 1,3-dipropionate"
False,False,True,True,"3-(2,6-Dioxocyclohexyl)propanenitrile"
False,False,True,True,1-Methoxy-2-phenyl-1H-indole
False,False,True,True,N-Acetylaminoantipyrine
False,False,True,True,N-[N-[(benzoyloxy)carbonyl]-L-phenylalanyl]-L-valine
False,False,True,True,"Hexanamide, N,N-dimethyl-"
False,False,True,True,"5-Oxo-L-proline, compound with methyl N-lauroyl-L-argininate (1:1)"
False,False,True,True,1-Octylpyridinium chloride
False,False,True,True,"1,2,3,4-Tetramethylnaphthalene"
False,False,True,True,"6'-(Diethylamino)-2'-(dioctylamino)spiro[isobenzofuran-1(3H),9'-[9H]xanthene]-3-one"
False,False,True,True,Guanidine monohydrobromide
False,False,True,True,Propoxycaine
False,False,True,True,Methitural
False,False,True,True,"3-Hydroxytoluene-2,4,6-trisulphonic acid"
False,False,True,True,"Pyridine, 2-(phenylmethyl)-"
False,False,True,True,"2,3-Dihydro-2-methylbenzofuran"
False,False,True,True,"2-Propenoic acid, 2-methyl-, 3-hydroxypropyl ester"
False,False,True,True,"7-Methoxy-1,2,3,4-tetrahydronaphthalen-2-one"
False,False,True,True,Isoquinolin-5-ol
False,False,True,True,Sodium 3-hydroxynaphthalenesulphonate
False,False,True,True,Pivagabine
False,False,True,True,2-Hydroxypropyl phenylacetate
False,False,True,True,Hopantenic acid
False,False,True,True,2-(Methylphenylamino)-2-oxoethyl acetate
False,False,True,True,N'-[3-amino-2-hydroxy-5-(propan-2-ylsulfanyl)pentanoyl]-3-chlorobenzohydrazide
False,False,True,True,"3,3-Dimethyl-1-(methylthio)butan-2-one oxime"
False,False,True,True,3-Butenoic acid
False,False,True,True,"Acetonitrile, [[(4-methylphenyl)sulfonyl]oxy]-"
False,False,True,True,Benzyl (2-oxopropyl)carbamate
False,False,True,True,Hesperetin
False,False,True,True,3-Quinolinamine
False,False,True,True,Benzyltriethylammonium chloride
False,False,True,True,TP1/Cyclopentanol
False,False,True,True,A-methyl-4-phenylpiperidine-4-methanol
False,False,True,True,N2-Methylguanosine
False,False,True,True,"Tetrahydro-1,3,5,5-tetramethyl-1H-pyrimidin-2-one"
False,False,True,True,2-[[1-Methyl-2-[3-(trifluoromethyl)phenyl]ethyl]amino]ethanol
False,False,True,True,"2-(3-Methyl-4-nitrophenyl)-5-(piperidinomethyl)-1,3,4-oxadiazole"
False,False,True,True,1-Ethylpiperidin-4-one
False,False,True,True,Ethyl 3-hexyloxirane-2-carboxylate
False,False,True,True,"(5Alpha)-Androsta-2,16-dien-17-yl acetate"
False,False,True,True,P-Propyltoluene
False,False,True,True,"3-(3,4-Dimethoxyphenyl)-2-hydrazinyl-2-methylpropanoic acid"
False,False,True,True,2-Chlorotoluene
False,False,True,True,Dnc007766
False,False,True,True,"Piperidine, 1-acetyl-"
False,False,True,True,"6-(Tert-butyl)-1,2,3,4-tetrahydroquinoline"
False,False,True,True,1-[2-(2-Methoxy-1-methylethoxy)-1-methylethoxy]-2-propanol
False,False,True,True,Cyclohexyl 2-isobutyl phthalate
False,False,True,True,"N,N-bis(3-methoxy-3-oxopropyl)-N-methylanilinium bromide"
False,False,True,True,Cytochalasin B
False,False,True,True,N-Acetyl-5-aminosalicylic acid
False,False,True,True,"2,3-Dihydro-7-nitro-2-oxo-5-phenyl-1H-1,4-benzodiazepine-3-carboxylic acid"
False,False,True,True,"Ethanone, 1-(3-hydroxyphenyl)-"
False,False,True,True,Valproate pivoxil
False,False,True,True,N-(4-Hydroxyphenyl)-N-methyl-3-oxobutyramide
False,False,True,True,"Benzenepropanol, .alpha.-ethyl-.alpha.-methyl-"
False,False,True,True,"1,4,7,10,13,16-Hexaoxacyclooctadecane-2-methanol"
False,False,True,True,Ethyl 4'-hydroxy-3'-methoxycinnamate
False,False,True,True,"2,2'-[Oxybis(methylenethio)]bisethanol"
False,False,True,True,Purine
False,False,True,True,"Benzoic acid, compound with 2-(diethylamino)ethanol (1:1)"
False,False,True,True,Acexamic acid
False,False,True,True,"4,4'-[(3,3'-Dimethoxy[1,1'-biphenyl]-4,4'-diyl)bis(azo)]bis[2,4-dihydro-5-methyl-2-phenyl-3H-pyrazol-3-one]"
False,False,True,True,Bardoxolone methyl
False,False,True,True,"1,3-Diphenoxy-2-propanol"
False,False,True,True,"Benzenesulfonamide, 4-hydroxy-"
False,False,True,True,"2,4-Hexadienoic acid, 2-phenylethyl ester"
False,False,True,True,Lupinine
False,False,True,True,XMC
False,False,True,True,"3-Hydroxymethylpentane-1,5-diol"
False,False,True,True,N-(4-Methoxyphenyl)-3-oxobutanamide
False,False,True,True,5-[(2-Bromophenyl)methyl]oxazolidin-2-one
False,False,True,True,Ammonium 5-oxo-DL-prolinate
False,False,True,True,"Ethyl 2-amino-4,5-bis(2-methoxyethoxy)benzoate"
False,False,True,True,"Sodium [1,1'-biphenyl]-4-sulphonate"
False,False,True,True,"Salicylic acid, amino-, methyl ester"
False,False,True,True,Dimethyl (2-oxopropyl)phosphonate
False,False,True,True,Ethyl 3-(formylamino)-3-oxopropionate
False,False,True,True,"Tri(2-methyl-2,4-pentanediol)biborate"
False,False,True,True,"Cyclopentanone, 2-(4-methylpentylidene)-"
False,False,True,True,"1,6-Diamino-7H-benz(de)anthracen-7-one"
False,False,True,True,1-Octanesulfonyl fluoride
False,False,True,True,"1,4-Benzenediamine, N1,N1-dimethyl-, hydrochloride (1:1)"
False,False,True,True,"1,2,3,5-Tetramethylbenzene"
False,False,True,True,"Carbonic acid, 2-hydroxypropyl 5-methyl-2-(1-methylethyl)cyclohexyl ester"
False,False,True,True,"4,8,12-Trioxatridecan-1-ol"
False,False,True,True,Pregnandiol
False,False,True,True,4-Methylphenyl heptanoate
False,False,True,True,Propham
False,False,True,True,2-(2-Iminothiazolidin-3-yl)-1-phenylethan-1-one monohydrochloride
False,False,True,True,2-(Dimethylamino)ethyl 3-methoxyisobutyrate
False,False,True,True,NS00088541
False,False,True,True,NS00100350
False,False,True,True,Methyl 3-[[[(dimethylamino)methylene]amino]sulphonyl]-4-phenoxy-5-(1-pyrrolidinyl)benzoate
False,False,True,True,"3-(2-Propynyloxy)propane-1,2-diol"
False,False,True,True,Acetaminosalol
False,False,True,True,Nicotinamide monohydroiodide
False,False,True,True,N-(1-Methyl-4-piperidylidene)aniline
False,False,True,True,"2-Hydroxy-2,3',4'-trimethylpropiophenone"
False,False,True,True,"4H-Pyran-2-carboxylic acid, 5-hydroxy-4-oxo-"
False,False,True,True,Tert-Butyl (3S)-3-hydroxypyrrolidine-1-carboxylate
False,False,True,True,"1,1-Dibutoxytrimethylamine"
False,False,True,True,N'-Cyano-N-[2-(trifluoromethyl)phenyl]pyrrolidine-1-carboximidamide
False,False,True,True,"2-Isobutyl-4-methyl-1,3-dioxane"
False,False,True,True,"Phosphinic acid, [4-(dimethylamino)-2-methylphenyl]-, sodium salt"
False,False,True,True,Nitrocyclohexane
False,False,True,True,"1,2,4-Trimethylpiperazine"
False,False,True,True,Ethyl 3-ethoxy-3-iminopropionate hydrochloride
False,False,True,True,TP2/Linoleic acid
False,False,True,True,N-Methylphenethylamine
False,False,True,True,"(3Z)-3-Dibenz[b,e]oxepin-11(6H)-ylidene-N-methyl-1-propanamine"
False,False,True,True,4-Hydroxybutyl 3-amino-2-butenoate
False,False,True,True,Phenyl 3-ethoxy-3-iminopropionate
False,False,True,True,"Diazinecarboxylic acid, 2-(4-methoxy-(1,1-biphenyl)-3-yl),1-methylethyl ester"
False,False,True,True,7-Hydroxyisoflavone
False,False,True,True,2-Methyl-3-pentyloxirane
False,False,True,True,8-Isopropyl-6-methylbicyclo[2.2.2]oct-5-en-2-yl methyl ketone
False,False,True,True,2-(4-Neopentylphenoxy)aniline
False,False,True,True,"1,2-Bis(4-fluorophenyl)-2-hydroxyethan-1-one"
False,False,True,True,"2,2'-[Methylenebis(phenyleneoxymethylene)]bisoxirane"
False,False,True,True,"3-Pentenoic acid, 4-methyl-, ethyl ester"
False,False,True,True,"Octanoic acid, 2-amino-"
False,False,True,True,3-Hydroxyquinoline
False,False,True,True,Trazeolide
False,False,True,True,Decamethylene diacetate
False,False,True,True,Methyl 4-nitronaphthyl ether
False,False,True,True,4'-Methylbutyrophenone
False,False,True,True,3-Amino-6-methoxy-2-pyridone hydrochloride
False,False,True,True,"2-(2,6-Octadienylthio)ethanol"
False,False,True,True,"Butanenitrile, 4,4-dimethoxy-"
False,False,True,True,N-ethyl-2-methyl-1-(1-methylethyl)cyclopentanecarboxamide
False,False,True,True,2-Oxo-N-vinylpyrrolidine-1-carboxamide
False,False,True,True,"N,N'-(Ethylenebis(oxymethylene))bis(acrylamide)"
False,False,True,True,N-heptylformamide
False,False,True,True,"1,4-Diethylbenzene"
False,False,True,True,"5-[6,8-Bis(phenylthio)benz[cd]indol-2(1H)-ylidene]-1,3-dimethyl-1H,3H,5H-pyrimidine-2,4,6-trione"
False,False,True,True,"(11R*,15R*)-11,15-Dimethyl-1,4,7,10-tetraoxa-13-azacyclopentadecane"
False,False,True,True,"Pyrimidine, 4,6-dimethoxy-5-nitro-"
False,False,True,True,Dipropylaminoacetonitrile
False,False,True,True,Dimethyl terephthalate
False,False,True,True,(2-(Methacryloyloxy)ethyl)dimethylammonium hydrogen sulphate
False,False,True,True,NS00025791
False,False,True,True,"1,6-Dioxaspiro(4.4)nonane-2,7-dione"
False,False,True,True,"Acetic acid, 1,7,7-trimethyl-bicyclo[2.2.1]hept-2-yl ester"
False,False,True,True,4-Hydroxy-beta-ionone
False,False,True,True,"3-[4-[10,11-Dihydro-8-(methylthio)dibenzo[b,f]thiepin-10-yl]piperazinyl]propyl decanoate"
False,False,True,True,"Cis-2-vinyl-1,3-dioxolane-4-methanol"
False,False,True,True,Orphenadrine
False,False,True,True,"(2-Hydroxy-1,1-dimethylethyl)ammonium myristate"
False,False,True,True,4-Nitrobenzamide
False,False,True,True,L-threo-3-Phenylserine
False,False,True,True,Chloromethyl n-octyl disulfide
False,False,True,True,Epoprostenol
False,False,True,True,P-isopropylbenzyl formate
False,False,True,True,NS00079850
False,False,True,True,"2,2'-[Oxybis(methylene)]bis[2-methyloxirane]"
False,False,True,True,2-(2-(2-(2-Phenoxyethoxy)ethoxy)ethoxy)ethanol
False,False,True,True,"3,4-Dihydro-2H-pyrrole-2-carboxylic acid"
False,False,True,True,"7-Oxo-1,2,3,3a,4,5,6,6a,7a,8,9,10,11,11a,11b,11c-hexadecahydrobenzo[e]perimidine-4-carboxylic acid"
False,False,True,True,12-Hydroxyoctadecan-1-amide
False,False,True,True,5'-Cytidylic acid
False,False,True,True,"3,3',3''-(Trioxo-1,3,5-triazinetriyl)tri(propionic acid)"
False,False,True,True,1-Hydroxyisoquinoline
False,False,True,True,Gestonorone
False,False,True,True,3-(3-Tert-butyl-1-methyl-1h-pyrazol-5-yl)-1-(4-chlorophenyl)urea
False,False,True,True,(-)-D-arginine hydrate
False,False,True,True,Methadone
False,False,True,True,Carbinoxamine
False,False,True,True,Famotidine
False,False,True,True,Disodium 6-amino-5-[[4-[(3-chlorobenzoyl)amino]-2-sulphonatophenyl]azo]-4-hydroxynaphthalene-2-sulphonate
False,False,True,True,Nonadecan-10-amine
False,False,True,True,NS00077941
False,False,True,True,1-(Aminomethyl)cyclohexan-1-ol
False,False,True,True,"Acetic acid, (dodecylthio)-"
False,False,True,True,(S)-Trihexyphenidyl
False,False,True,True,"Benzaldehyde, 4-butyl-"
False,False,True,True,Metominostrobin
False,False,True,True,Acid Black 52
False,False,True,True,N-[2-(4-Tert-butylphenoxy)pyridin-3-yl]furan-2-carboxamide
False,False,True,True,"3,4'-Dimethyl-1,1'-biphenyl"
False,False,True,True,N-acetyl-L-isoleucine
False,False,True,True,"6-(Hydroxymethyl)-2-(methylideneamino)-3ah,4h,5h,6h,6ah-cyclopenta[d][1,3]oxazole-4,5-diol"
False,False,True,True,"1-(2,3-Dihydro-1,4-benzodioxin-6-yl)-2-{[5-(methylthio)-1,3,4-thiadiazol-2-yl]thio}ethan-1-one"
False,False,True,True,Ethyl 3-(dimethylamino)butyrate
False,False,True,True,"1,3-Propanediamine, N-(3-aminopropyl)-N-methyl-N'-(2-nitrophenyl)-"
False,False,True,True,N-(5-Methyl-3-heptanylidene)hydroxylamine
False,False,True,True,3-(2-Amino-2-oxoethyl)-5-methylhexanoic acid
False,False,True,True,"5-[(4-Methylphenyl)sulfanyl]quinazoline-2,4-diamine"
False,False,True,True,"4-Aminonaphthalene-1,8-dicarboxylic anhydride"
False,False,True,True,"5,5-Diphenylimidazolidine-2,4-dione, calcium salt (2:1)"
False,False,True,True,Trans-13-Octadecenoic acid
False,False,True,True,"Octahydrodimethyl-4,7-methano-1H-indenone"
False,False,True,True,Acetyl-L-leucine
False,False,True,True,Malachite green cation
False,False,True,True,Thiazol-2-ylammonium hydrogen sulphite
False,False,True,True,"2-Octynoic acid, 2-propen-1-yl ester"
False,False,True,True,"1,3-Pentadiene, 2-methyl-"
False,False,True,True,3-Amino-3-(4-hydroxyphenyl)propanoic acid
False,False,True,True,Calcium bis(2-ethylhexanolate)
False,False,True,True,8-Iso-15-keto-prostaglandin-F2β
False,False,True,True,N-[1-(benzenesulfonyl)hex-1-en-3-yl]-2-{[4-(morpholin-4-yl)piperidine-1-carbonyl]amino}-3-phenylpropanamide
False,False,True,True,Protopine hydrochloride
False,False,True,True,Cannabichromene
False,False,True,True,4-(2-Methyl-1-oxoallyl)morpholine
False,False,True,True,Acetylsulfapyridin-O-glukuronid
False,False,True,True,Polyoxyethylene isodecyl ether
False,False,True,True,"2-Pyridinesulfonamide, 3-(ethylsulfonyl)-"
False,False,True,True,Hydramethylnon
False,False,True,True,"(±)-13-Ethyl-3-methoxygona-2,5(10)-dien-17-one"
False,False,True,True,"Benzene, 1,1'-(3-methyl-1-propene-1,3-diyl)bis-"
False,False,True,True,Heptyl propionate
False,False,True,True,Dimethyl acetylsuccinate
False,False,True,True,C15-DATS
False,False,True,True,"Hexadecanoic acid, 1,1-dimethylethyl ester"
False,False,True,True,NS00045946
False,False,True,True,"3,6-Pyridazinedione, 1,2-dihydro-1-methyl- (8CI)(9CI)"
False,False,True,True,Butyl 6-methylpyridine-2-carboxylate
False,False,True,True,Cannabicitran
False,False,True,True,"TP1/Benzenamine, 4-(1-methyl-1-phenylethyl)-N-phenyl-"
False,False,True,True,4-Cyclodecen-1-one
False,False,True,True,1-(Pyrrolidin-2-yl)propan-2-one
False,False,True,True,"6,7-Bis(mesyloxy)-3-(4-methoxyphenyl)-4-benzopyrone"
False,False,True,True,"1H-Imidazole-4-carboxylic acid, 2,3-dihydro-3-methyl-2-thioxo-, methyl ester"
False,False,True,True,"3-{[6-(3-Carbamimidoylphenoxy)-hexahydrofuro[3,2-b]furan-3-yl]oxy}benzene-1-carboximidamide"
False,False,True,True,2-Bromostearic acid
False,False,True,True,Benzoyl isocyanate
False,False,True,True,"Nonanoic acid, 2-oxo-, methyl ester"
False,False,True,True,Cyclohexyldiethylammonium hexadecyl sulphate
False,False,True,True,3-Hydroxy-a-methyltyrosine
False,False,True,True,Dodecyl hydrogen fumarate
False,False,True,True,"1-(2,6-Dimethylphenyl)-3-[imino(methylamino)methyl]uronium chloride"
False,False,True,True,Diethyl cinnamylidenemalonate
False,False,True,True,N-(4-Chlorobenzyl)methanesulfonamide
False,False,True,True,"Phenol, 2-methyl-4-(phenylazo)-"
False,False,True,True,Sodium bis(5-oxo-DL-prolinate)
False,False,True,True,"1,3,5-Triazin-2(1H)-one, 5-butyltetrahydro-1,3-bis(hydroxymethyl)-"
False,False,True,True,"2-Methyl-4,6-dinitrophenol"
False,False,True,True,"1(3H)-Isobenzofuranone, 3,3-bis(6-hydroxy[1,1'-biphenyl]-3-yl)-"
False,False,True,True,Diisobutyl adipate
False,False,True,True,"N-(2,4-dichlorophenyl)-ß-methylpiperidin-1-propionamide monohydrochloride"
False,False,True,True,"1-Butene, 2-methyl-4-[(3-methyl-2-butenyl)oxy]-"
False,False,True,True,"Cyclohexanol, 1-[2-amino-1-(4-methoxyphenyl)ethyl]-, 1-acetate"
False,False,True,True,"4-Pyridinecarboxylic acid, methyl ester"
False,False,True,True,"4,4'-((Ethane-1,2-diylbis(oxy))bis(carbonyl))dibenzoic acid"
False,False,True,True,2-(Tetrapropenyl)butanedioic acid
False,False,True,True,N-[1-(hydroxymethyl)propyl]cinnamamide
False,False,True,True,"1-Pyrrolidinepropionic acid, ethyl ester"
False,False,True,True,Euphroside
False,False,True,True,Methyl 2-(heptafluoropropyl)-2-(trifluoromethyl)pent-4-en-1-
False,False,True,True,Methyl (R)-amino(4-hydroxyphenyl)acetate
False,False,True,True,"Butanedioic acid, bis[2-[2-(2-butoxyethoxy)ethoxy]ethyl] ester"
False,False,True,True,4-(Dimethylamino)butan-1-ol
False,False,True,True,Flecainide acetate
False,False,True,True,"Benzene, 1,3-bis(1,1-dimethylethyl)-"
False,False,True,True,Diethyl terephthalate
False,False,True,True,4-Hydroxyquinoline
False,False,True,True,"(3E)-4-(2,6,6-Trimethyl-2-cyclohexen-1-yl)-3-buten-2-ol"
False,False,True,True,Olivetol
False,False,True,True,3-(2-(Dodecyloxy)ethoxy)propylamine
False,False,True,True,NS00079449
False,False,True,True,TP2/2-Methyl-3-[4-(2-methylpropyl)phenyl]propanal
False,False,True,True,Benzyl L-histidinate dihydrochloride
False,False,True,True,"2,3-EPOXYPROPANE,1-[4-[2-(CYCLOPROPYLMETHOXY)ETHYL]PHENOL"
False,False,True,True,"1,1,6,6-Tetramethoxyhexane"
False,False,True,True,Ethyl 3-(2-methyl-5-pyridyl)-3-oxopropionate
False,False,True,True,1-(Allyloxy)-3-(dimethylamino)propan-2-ol hydrochloride
False,False,True,True,Methyl a-methylpyrrolidine-1-propionate
False,False,True,True,Ethyl 2-(4-vinylphenoxy)isobutyrate
False,False,True,True,1-(1-Cyclohexenyl)-2-methylpropan-1-one
False,False,True,True,Methyl (E)-2-[(2-methyl-1-oxo-2-butenyl)amino]benzoate
False,False,True,True,N-(4-Chlorophenyl)-3-(phosphonooxy)naphthalene-2-carboxamide
False,False,True,True,Bethanechol
False,False,True,True,N-(2-Methoxyphenyl)acetamide
False,False,True,True,"3,7-Dimethylocta-1,6-diene-3-thiol"
False,False,True,True,2-Ethylhexyl cinnamate
False,False,True,True,3-Chloro-2H-indazole-5-carbonitrile
False,False,True,True,Zanapezil
False,False,True,True,"Azelaic acid, compound with 2,2',2''-nitrilotriethanol"
False,False,True,True,TP1/(4-(2-Hydroxyethyl)-1-piperazineethanesulfonic acid
False,False,True,True,N-(4-Methoxyphenyl)acetamide
False,False,True,True,"1,1'-(1,4-Cyclohexadiene-1,4-diyl)bisethan-1-one"
False,False,True,True,4-Tert-Butylcyclohexanone
False,False,True,True,"Disodium 8-[[5-anilinosulphonyl-2-methylphenyl]azo]-7-hydroxynaphthalene-1,3-disulphonate"
False,False,True,True,"Propanamide, N-(2-methylphenyl)-2-(propylamino)-, (R)-"
False,False,True,True,P-Fluorophenyl 4-piperidyl ketone hydrochloride
False,False,True,True,Dioctyl sulphite
False,False,True,True,(R)-Imazaquin
False,False,True,True,"3-(8,11-Pentadecadien-1-yl)-1,2-benzenediol (Urushiol III (C15:2))"
False,False,True,True,"2-Octanone, oxime"
False,False,True,True,1-(4-Chlorophenyl)-2-(1H-imidazol-1-yl)ethan-1-one
False,False,True,True,Elvucitabine
False,False,True,True,Cannabigerol
False,False,True,True,Thiamine thiozole
False,False,True,True,Methyl 6-methoxy-1H-benzotriazole-5-carboxylate
False,False,True,True,3-Methylbut-1-yne
False,False,True,True,"1-[4-(2,4,4-Trimethylpentan-2-yl)phenyl]-1,4,7,10-tetraoxaundecane"
False,False,True,True,"Dihydro-2,5-dimethylfuran-3(2H)-one"
False,False,True,True,"(S)-3-(1,1-dimethylethyl)oxazolidine-5-methanol"
False,False,True,True,"(S)-N,N,a-trimethylphenethylamine hydrochloride"
False,False,True,True,1-(4-Methoxyphenyl)-2-(1-pyrrolidinyl)-1-propanone
False,False,True,True,(R)-4-Methoxyphenylglycine
False,False,True,True,Potassium 6-hydroxynaphthalene-2-sulphonate
False,False,True,True,Methyl a-oxofuran-2-acetate
False,False,True,True,"Oxiranemethanol, 4-methylbenzene-sulfonate, (S)-"
False,False,True,True,"1-Propanesulfonic acid, 3-[ethyl[(heptadecafluorooctyl)sulfonyl]amino]-, sodium salt"
False,False,True,True,"8-(2-Hydroxypropoxy)-1,4,12-trimethyl-14-oxo-3,6,10,13-tetraoxahexadec-15-en-1-yl acrylate"
False,False,True,True,"N,N-Dimethylthioxanthene-9-propylamine"
False,False,True,True,Diethyl butylmalonate
False,False,True,True,2-Amino-6-methyl-5-(3-methylbutyl)pyrimidin-4-ol
False,False,True,True,"Bis(2-ethylhexyl) 2-(4-hydroxy-3,5-dimethoxybenzyl)propanedioate"
False,False,True,True,"2-Methoxy-6-(5,5,6-trimethyl-2-norbornyl)phenol"
False,False,True,True,[2-(Methacryloyloxy)ethyl]trimethylammonium methyl sulphate
False,False,True,True,3-(P-Fluorobenzoyloxy)tropane
False,False,True,True,3-Phenylbut-3-enyl acetate
False,False,True,True,Butanimidamide
False,False,True,True,"4-(1-Phenylethyl)benzene-1,3-diol"
False,False,True,True,"2-Propen-1-aminium, N,N,N-tri-2-propen-1-yl-, chloride (1:1)"
False,False,True,True,Octyl isovalerate
False,False,True,True,Hexadecylethyldimethylammonium bromide
False,False,True,True,Di-sec-butyl adipate
False,False,True,True,N-[2-[(2-aminoethyl)amino]ethyl]salicylamide
False,False,True,True,"Furan, 2,2'-[thiobis(methylene)]bis-"
False,False,True,True,"N-[[5-(dimethylamino)-1-naphthyl]sulphonyl]-L-valine, compound with piperidine (1:1)"
False,False,True,True,2-(2-Formyl-4-nitrophenoxy)hexanoic acid
False,False,True,True,Isopropyl ethylcarbamate
False,False,True,True,7-Hydroxy-8-methylazabicyclo[3.2.1]octan-3-one
False,False,True,True,"(1A,2ß,4a)-2-methyl-6-(1,7,7-trimethylbicyclo[2.2.1]hept-2-yl)cyclohexan-1-one"
False,False,True,True,Ethyl DL-methionate
False,False,True,True,2-Chloro-3-nitro-5-(trifluoromethyl)aniline
False,False,True,True,Dexpanthenol (Panthenol)
False,False,True,True,Methyl 9-decenoate
False,False,True,True,"3-(4,7,7-Trimethylbicyclo[4.1.0]hept-3-ylidene)propiononitrile"
False,False,True,True,N-[2-({2-[(4-Chlorophenyl)sulfonyl]ethyl}sulfanyl)phenyl]-1-methyl-1H-imidazole-4-sulfonamide
False,False,True,True,Diethyl ethylisopentylmalonate
False,False,True,True,"1-Propanol, dl-2-benzylamino-,"
False,False,True,True,4-[(6-Amino-4-Pyrimidinyl)amino]benzenesulfonamide
False,False,True,True,5-Amino-4-hydroxy-4-(2-methylphenyl)-2-propan-2-ylpyrazol-3-one
False,False,True,True,1-Methyl-2-[(1-oxoallyl)oxy]ethyl acetoacetate
False,False,True,True,NS00103949
False,False,True,True,Ethyl 2-propylacetoacetate
False,False,True,True,"1-(Mesitylen-2-sulfonyl)-1H-1,2,4-triazole"
False,False,True,True,"3-[[4-(Diethylamino)phenyl]azo]-1,4-dimethyl-1H-1,2,4-triazolium acetate"
False,False,True,True,"1,1'-Biphenyl, 4-ethoxy-4'-pentyl-"
False,False,True,True,"3-Chloro-2-hydroxy-N,N,N-trimethylpropan-1-aminium"
False,False,True,True,"Butyl dihydrogen phosphate, sodium salt"
False,False,True,True,"1-(1,2,3,4,5,6,7,8-Octahydro-3,8,8-trimethyl-2-naphthyl)ethan-1-one"
False,False,True,True,1-Methyl-3-propylbenzene
False,False,True,True,4-Methoxy-2-methyl-N-phenylaniline
False,False,True,True,5'-Deoxy-5'-(methylthio)-Tubercidin
False,False,True,True,Disodium octenylsuccinate
False,False,True,True,(3-Propoxypropyl)benzene
False,False,True,True,M-phenylene dibenzoate
False,False,True,True,Sulbactam
False,False,True,True,"10-Undecenoic acid, 1-methylethyl ester"
False,False,True,True,M-Cymene
False,False,True,True,N-(1-Amino-2-methyl-1-oxo-2-butanyl)-1-(4-fluorobenzyl)-1H-indazole-3-carboxamide
False,False,True,True,Dexpropranolol
False,False,True,True,5-Hepe
False,False,True,True,HSVIINWFPKEOEQ-UHFFFAOYSA-N
False,False,True,True,Methylphenidate hydrochloride
False,False,True,True,3-Methylpent-1-en-3-ol
False,False,True,True,"Pentanamide, 2-ethyl-3-methyl-, (2S,3S)-"
False,False,True,True,3-Methyl-3H-benzothiazol-2-imine
False,False,True,True,3-Methylbiphenyl
False,False,True,True,"2(1H)-naphthalenone, 4a,5,6,7,8,8a-hexahydro-7.alpha.-isopropyl-4a.beta.,8a.beta.-dimethyl-"
False,False,True,True,3-(Isopropyl)-6-methylcyclohex-2-en-1-one
False,False,True,True,"TP1/Piperazine, 1-ethyl-"
False,False,True,True,Sodium 1-butyl-5-oxopyrrolidine-3-carboxylate
False,False,True,True,TP1/3-(4-Methoxyphenyl)-2-methylpropanal
False,False,True,True,NS00014347
False,False,True,True,"Benzene, 1-(1,1-dimethylethyl)-4-methoxy-"
False,False,True,True,"(5Z,13E,15S)-11a,15-bis(1-ethoxyethoxy)-9a-hydroxyprosta-5,13-dien-1-oic acid"
False,False,True,True,1-Acetyl-2-phenylhydrazine
False,False,True,True,Butyl N-acetylglycinate
False,False,True,True,(2-Methoxybenzylidene)phenylacetic acid
False,False,True,True,1-[(2-Cyanoacetyl)amino]-3-(oxolan-2-ylmethyl)thiourea
False,False,True,True,Non-3-yn-1-ol
False,False,True,True,Methyl 3-(diethylamino)-2-methylpropionate
False,False,True,True,"9H-Thioxanthene-3,6-diamine, 10,10-dioxide"
False,False,True,True,2-(Cyclohexen-1-yl)glycine
False,False,True,True,"Carbonochloridic acid, 1,4-butanediyl ester"
False,False,True,True,Sodium N-methyl-N-(1-oxotetradecyl)-ß-alaninate
False,False,True,True,NS00044056
False,False,True,True,"(2E)-3-(4-Acetoxy-2,3-dihydroxy-2,5,5,8a-tetramethyldecahydro-1-naphthalenyl)acrylic acid"
False,False,True,True,"1-Propanone, 2,3,3,3-tetrafluoro-1-phenyl-2-(trifluoromethyl)-"
False,False,True,True,4-[3-(5-Acetamido-2-hydroxyphenyl)-3-oxo-propen-1-yl]benzoic acid
False,False,True,True,Butylbenzene
False,False,True,True,Variolin B
False,False,True,True,"Ethyl a-cyanodecahydro-4,8,8-trimethyl-1,4-methanoazulene-9-propionate"
False,False,True,True,1-Ethynylcyclohexanol
